sample_id,platform,review_id,review_date_utc,period_bucket,rating,rating_band,review_title,review_text,source_url,inclusion_status,exclusion_reason,meaning_unit_count,card_count,researcher_note
GPR001,Google Play,ce0c6283-d115-4fc2-ad8a-483766e7327e,2022-09-26T02:00:45+00:00,early,3,low,,업데이트이후 안들어가져요 ㅜㅠ,https://play.google.com/store/apps/details?hl=ko&id=kr.munto.app,,,,,
GPR002,Google Play,2db46fce-f5f4-4cf4-9a21-98df12c0a27c,2022-01-28T10:13:00+00:00,early,1,low,,업데이트가 안되네요. 무한반복중,https://play.google.com/store/apps/details?hl=ko&id=kr.munto.app,,,,,
GPR003,Google Play,2ad7efd4-98dc-4f24-b7e7-4ea817eadefb,2022-01-26T07:10:38+00:00,early,1,low,,설치했는데 구글스토어에는 업데이트버튼없고 ..업데이트하라는 알람만있고 어떻게 하라는건지 모르겠어여.....,https://play.google.com/store/apps/details?hl=ko&id=kr.munto.app,,,,,
GPR004,Google Play,763e2b61-c94a-4cd2-965f-5b1df6b09005,2022-08-03T02:27:37+00:00,early,1,low,,"소셜링에 모임소개 링크를 첨부했다는 이유로 소셜링 취소 및 계정 정지를 당했습니다. 다른 소셜링들도 단순히 1회 만남이 아니라 지속 가능한 모임을 운영하던데, 규정을 운영자 마음대로 적용하는 모습이 실망스럽네요. 나름 정성들여서 수 회 소셜링 운영해온 입장이라 배신감까지 들기도 합니다.",https://play.google.com/store/apps/details?hl=ko&id=kr.munto.app,,,,,
GPR005,Google Play,7302549f-b132-4a22-afd2-dddfe693beb4,2022-08-23T09:08:34+00:00,early,3,low,,"채팅방 내에서 하이퍼링크 기능을 지원해주세요. 클럽 링크를 복사, 공유했는데 텍스트로만 나와서 문토 앱 내에서는 링크의 의미가 없는 건가 싶네요.",https://play.google.com/store/apps/details?hl=ko&id=kr.munto.app,,,,,
GPR006,Google Play,0c6b1e27-a5bc-41f6-8b66-64396d512a21,2021-07-14T07:24:00+00:00,early,1,low,,"이거가입하고 다음날 보이스피싱이 오던데, 그냥 기가막히게 로또걸릴확률로 아다리 맞은거겠죠? 근데 전에는 한번도 안걸려왔는데 희안하네요 그죠?",https://play.google.com/store/apps/details?hl=ko&id=kr.munto.app,,,,,
GPR007,Google Play,ac610a7d-1e2e-4bef-aff2-7671d1e937a9,2022-01-19T00:51:50+00:00,early,1,low,,다시 깔았는데도 왜자꾸 업데이트 하라고 할까용... 업데이트 하래서 구글 플레이 접속했는데 따로 업데이트 버튼은 안뜨고...ㅜ 제거후 다시 설치했는데도 업데이트 하라고해서 접속못하고 있어요~,https://play.google.com/store/apps/details?hl=ko&id=kr.munto.app,,,,,
GPR008,Google Play,a72489a4-1bcf-4434-b672-e310091309ae,2021-09-16T05:20:30+00:00,early,1,low,,계정이 사라짐.,https://play.google.com/store/apps/details?hl=ko&id=kr.munto.app,,,,,
GPR009,Google Play,e16b235f-c3d9-4ee3-bf18-1f3582543c31,2021-11-24T00:03:22+00:00,early,2,low,,결제가 안되요ㅠ,https://play.google.com/store/apps/details?hl=ko&id=kr.munto.app,,,,,
GPR010,Google Play,207b3c99-6fbf-4d43-b912-6886a4d57948,2021-11-13T05:50:13+00:00,early,1,low,,프로필 수정 누르면 멈추네요 겔럭시 10 kt입니다,https://play.google.com/store/apps/details?hl=ko&id=kr.munto.app,,,,,
GPR011,Google Play,5a7637a9-dccb-4c59-ad78-7f7fa97d5f88,2021-06-20T01:22:09+00:00,early,1,low,,심사 하루면 되지않나요? 얼마나 더 걸리는거에요ㅡㅡ?,https://play.google.com/store/apps/details?hl=ko&id=kr.munto.app,,,,,
GPR012,Google Play,9489eb27-9c08-4c55-83fc-dfd000381cea,2022-04-28T05:40:09+00:00,early,2,low,,가족 핸드폰이 안드로이드 버전 5.1.1.인데 아예 설치가 안 됩니다. 지원하지 않는 기기라면서..찾아보니 안드로이드 버전 6부터 설치 되더군요. 5.1.1도 설치 되게 만들어 주실 수 없나요? 다른 앱은 설치 다 잘 되는데 문토만 안 돼서 이용할 수가 없어요. 웹페이지에서 이용도 안 되고..,https://play.google.com/store/apps/details?hl=ko&id=kr.munto.app,,,,,
GPR013,Google Play,ae7064ca-e3b8-4596-bca6-1a0766298887,2021-12-08T16:15:08+00:00,early,3,low,,Z가입이 안되네여...?,https://play.google.com/store/apps/details?hl=ko&id=kr.munto.app,,,,,
GPR014,Google Play,4cef3a61-456e-4e44-980f-8c7053db729f,2021-11-03T10:41:25+00:00,early,1,low,,이제까지 사용한 어플 중에서 가입승인 및 사용이 가장 불편하고 고객센터 대응도 나를 무시하는건가 생각이 들 정도로 최악이었습니다.,https://play.google.com/store/apps/details?hl=ko&id=kr.munto.app,,,,,
GPR015,Google Play,336f563e-f6eb-4390-a2fc-1009c09fee8a,2022-12-14T02:01:42+00:00,early,1,low,,가입절차가 복잡합니다. 카카오톡가입 후 전화번호 인증시 070 차단해제 국내전화번호 맞고 가상번호가 맞는데도 문자가 안오네요 카카오톡으로 받기로해도 안옵니다. 우측상단에 도움요청을 누르라는데 그런버튼도 따로없네요,https://play.google.com/store/apps/details?hl=ko&id=kr.munto.app,,,,,
GPR016,Google Play,abc6fa45-d4cc-4bf7-bc6b-1fdf8533acc1,2022-09-26T02:04:54+00:00,early,3,low,,업데이트하라는데 스토어에 들어오면 열기 라고 나와있어서 업데이트가 안돼요,https://play.google.com/store/apps/details?hl=ko&id=kr.munto.app,,,,,
GPR017,Google Play,81e462be-4193-4d3e-8053-3464e3a54863,2022-01-31T14:18:57+00:00,early,1,low,,사용 제한이 됬는데 납득이 안 되서 고객센터에 연락을 하고 싶은데 연락을 받지 않음,https://play.google.com/store/apps/details?hl=ko&id=kr.munto.app,,,,,
GPR018,Google Play,11fc6f80-bac0-409b-8556-2cfcd7928b97,2022-11-29T12:07:26+00:00,early,1,low,,"승인제여서 좋았지만 서너달 사용해보며 느낀점, 물론 정상적인 사람도 많지만, 여자(남자도 포함)가볍게만나려고 오는 사람들이 많다. 특히, 다른 소개팅 앱이나 사이트에서 정지 신고 먹고 오는 그런 사람 들이 호스트로 소셜링을 열면서 처음엔 정상적인 척 소셜링에 참여하도록 유도하고 그 다음에는 개인 dm해서 이상형물어보고 이런 식인거 같은데.. 단순 소셜링 참여가 아니라 주기적으로 여는 소셜링클럽도 이런 목적을 가지고 엶. 따라서 어플의 질을 고려해서도 이런 사람들을 제한할 수 있도록 하는 장치가 마련되었으면 한다",https://play.google.com/store/apps/details?hl=ko&id=kr.munto.app,,,,,
GPR019,Google Play,4c48d797-ef8c-4b21-90d0-faa67696ac17,2022-09-14T20:42:02+00:00,early,1,low,,문토쓰레기네요!! 내 계정을 맘대로 정지시키고 내 생걱대로 내가 운영하는 방식의 내 취미모임잌데 왜 갑자기 정지시켰는지..참내..나와 생각이 틀리면 정지?? 언론에서 나오는 뉴스를 모르는분들께 취미삼아 올린건데.정지?? 이것도 취미입니다. 같이 생각하는..정신 똑바로 차리교 문토!! 밍할각!!,https://play.google.com/store/apps/details?hl=ko&id=kr.munto.app,,,,,
GPR020,Google Play,71555da3-9065-4dc7-80ca-3749f7636043,2022-08-24T09:43:25+00:00,early,1,low,,이상한 시스템에 알 수 없는 규정들 나열하고 모임 3일전 취소하고 문자하나 띡 보내요. 대관 다 해 놓았는데. 대관비 물어 줄껀가요? 아예 일주일 전부터 취소 하셨어야죠. 할거면. 이유 물어보려고 연락했더니 전화는 안 받고 카톡문의했는데 헛소리만하고 답장도 뜨문뜨문와서 포기했습니다. 서비스 상담 직원이 진짜 이상해요. 서비스 이런식으로 하면 고객들 다 돌아설겁니다. 피드백 제대로 해주세요.,https://play.google.com/store/apps/details?hl=ko&id=kr.munto.app,,,,,
GPR021,Google Play,2d4afd9d-db16-411b-95c1-dd273191dbcf,2022-02-18T22:22:49+00:00,early,3,low,,1. 소셜링 개설 시각 표시 안됨. 개설 시각 시점으로 소팅 안됨. 소팅 추가 필요함 2. 중복되는 소셜링이 계속나옴 3. 한 화면에 표시되는 소셜링 숫자 너무 적음 스크롤을 계속내려야함 너무 불편함 개선 필요,https://play.google.com/store/apps/details?hl=ko&id=kr.munto.app,,,,,
GPR022,Google Play,0582fffa-1e5a-4e04-8fb7-5ed9abd64e4b,2021-09-20T04:20:20+00:00,early,2,low,,세상진리 모르는 앱,https://play.google.com/store/apps/details?hl=ko&id=kr.munto.app,,,,,
GPR023,Google Play,6c9f0a00-fe5a-40e5-8969-4a90eaef1253,2021-11-12T13:32:09+00:00,early,3,low,,업데이트 이후 프로필 사진 바꾸려는데 자꾸 앱이 종료되네요..왜 이런 버그가..,https://play.google.com/store/apps/details?hl=ko&id=kr.munto.app,,,,,
GPR024,Google Play,0482293e-3c6c-46aa-b634-f67adfc4c46a,2022-07-14T13:45:10+00:00,early,1,low,,관심사를 필수로 선택하려는데 선택지가 하나도 안나옵니다,https://play.google.com/store/apps/details?hl=ko&id=kr.munto.app,,,,,
GPR025,Google Play,f5d83c14-8ab5-41e5-9bb6-5a9de406891f,2022-09-26T02:04:40+00:00,early,3,low,,플레이스토어에서 최신버전을 다운받은거 같은데 실행시키면 계속 업데이트버전을 받아라고 뜨네요 ㅠㅠ 업데이트하기눌러서 들어가면 업데이트는 안나오고 열기버튼밖에 나오지않습니다 ㅠㅠ 다시들어가면 또 업데이트하라고하구요 어떻레 해결하면 좋을까요?,https://play.google.com/store/apps/details?hl=ko&id=kr.munto.app,,,,,
GPR026,Google Play,dca9022c-b836-479a-906a-ab3f89882e9a,2022-03-29T17:15:07+00:00,early,1,low,,페북 로그인이 안된지 몇주는 지났는데 아직도 수정이 안되네요; 앱 관리하고 있는거 맞나요?,https://play.google.com/store/apps/details?hl=ko&id=kr.munto.app,,,,,
GPR027,Google Play,6c33b1c2-e379-456b-afc2-1c4a95d2efd0,2022-07-10T02:48:31+00:00,early,3,low,,"취미, 문화 생활을 함께 하자는 취지는 참 좋은데 너무 20대에서 30대 초반까지의 연령대만 몰려있는거 같아 40대인 저로서는 끼어들기가 어렵네요... 소셜링 모집 시 나이 제한을 두면 갈수록 접근할 수 있는 연령층은 협소해지고 결국 20대들만의 앱이 될꺼예요ㅜㅜ 사용자들의 나이대가 협소하다는건 타 경쟁 앱이 나타났을 때 문토가 받을 영향도 훨씬 크다는 이야기가 될겁니다. 다양한 연령층이 앱을 이용할 수 있도록 개편을 고려해보시면 더 좋을 듯!",https://play.google.com/store/apps/details?hl=ko&id=kr.munto.app,,,,,
GPR028,Google Play,31c30c69-9d3b-4e94-8e6f-3ecc875f8be2,2021-11-15T01:00:47+00:00,early,3,low,,배경 설정을 새로 하고 싶은데 자꾸 오류가 생겨서 앱이 튕겨나가요 ㅠㅠ,https://play.google.com/store/apps/details?hl=ko&id=kr.munto.app,,,,,
GPR029,Google Play,aaa09eca-0e46-4452-be97-4fc1a31986f1,2022-09-29T03:27:08+00:00,early,3,low,,사진올리는게 권한허용을 해도 계속 안되네요,https://play.google.com/store/apps/details?hl=ko&id=kr.munto.app,,,,,
GPR030,Google Play,c2dc910e-5c0f-4368-b641-4bb76aa4b30c,2021-11-19T00:56:29+00:00,early,1,low,,앱이 튕겨요 사용말라는 건가요?,https://play.google.com/store/apps/details?hl=ko&id=kr.munto.app,,,,,
GPR031,Google Play,4ad43f4e-7ddd-496e-9ad6-2e631e288353,2021-11-10T10:40:22+00:00,early,5,high,,"요즘 힘든 나날을 보내고 있는데, 내 이야기를 자유롭게 쓸 수 있고 나와 공감대가 같은 사람의 모습도 볼 수있고 소통 할.수 있어서 조금이나마 힐링되는 저만의.공간이 되었어요.짱짱",https://play.google.com/store/apps/details?hl=ko&id=kr.munto.app,,,,,
GPR032,Google Play,327b9c3d-1322-4ce6-8619-91d07b687a24,2022-07-25T11:35:43+00:00,early,5,high,,"시간 날 때 잘 쓰고 있습니다. 모임 앱 특성 상 이상한 사람이 없을 수는 없을텐데, 당근마켓처럼 온도 시스템이 생겨 참고하여 이용하면 될 것 같습니다.",https://play.google.com/store/apps/details?hl=ko&id=kr.munto.app,,,,,
GPR033,Google Play,cf4bcf78-a7a4-4f7b-9feb-e35bb647700e,2022-03-01T05:03:59+00:00,early,5,high,,공통의 취미를 가진 사람을 만나 소통할 수 있어서 정말 좋네요,https://play.google.com/store/apps/details?hl=ko&id=kr.munto.app,,,,,
GPR034,Google Play,0c9844bf-54d4-4968-9879-94d828520a2d,2021-07-26T12:43:02+00:00,early,5,high,,인터페이스 깔끔하고 모임 만드는 것도 들어가는 것도 간단해서 소모임 어플로는 좋은거 같아요 ㅎㅎ 아직 사람이 없어서 많이 쓰시라구 추천드립니다~~,https://play.google.com/store/apps/details?hl=ko&id=kr.munto.app,,,,,
GPR035,Google Play,dedfe02c-73d3-4c74-a97d-463515bf0253,2022-12-26T01:44:09+00:00,early,5,high,,"인터페이스는 개선의 여지가 많지만 이건 차치하고, 사람들 모아서 이런저런 활동할 수 있는 플랫폼이라서 정말 좋네요!",https://play.google.com/store/apps/details?hl=ko&id=kr.munto.app,,,,,
GPR036,Google Play,571a0f3a-2b5a-4640-9b7a-3cf32acd4e43,2022-07-18T08:34:34+00:00,early,5,high,,굿,https://play.google.com/store/apps/details?hl=ko&id=kr.munto.app,,,,,
GPR037,Google Play,a601464c-a613-40d8-95ed-a2f95001bfd5,2021-06-28T07:40:09+00:00,early,4,high,,아직 기능 및 개발적으로 개선되어야 하는 부분이 많이보입니다. 모임 개설 후 수정 및 삭제가 어렵고 모임을 위한 채팅방에서도 입력오류가 많습니다. 문제는 있지만 앱은 계속 발전 중이라 좋습니다. 또한 좋은 모임에 좋은 사람들을 만날 수 있어 좋아요.,https://play.google.com/store/apps/details?hl=ko&id=kr.munto.app,,,,,
GPR038,Google Play,e09e521e-1904-4b22-af65-cbed25d9fb3d,2022-02-05T14:55:40+00:00,early,5,high,,아이디어가 참 좋은 어플이에요. 나이 들면서 맘 맞는 사람 만나기 쉽지않은데 자신의 취향을 오픈하고 비슷한 사람들이 모일 수 있게 돕는 어플 추천해요. 더 많이 알려져서 이용자가 늘어났으면해요.,https://play.google.com/store/apps/details?hl=ko&id=kr.munto.app,,,,,
GPR039,Google Play,b21dd038-9805-425b-995b-d21b7039264e,2022-11-21T09:49:42+00:00,early,5,high,,우연치 않게 문토 앱을 만나 다양한 분야의 사람들과 함께할 수 있는 특색있는 모임이 많다는 걸 알았네요!! 여러가지 의미에서 추천하고 싶은 어플입니다!!,https://play.google.com/store/apps/details?hl=ko&id=kr.munto.app,,,,,
GPR040,Google Play,10ce49de-ed7e-4a42-b366-40fe4b639428,2022-10-22T23:38:54+00:00,early,5,high,,좋아요,https://play.google.com/store/apps/details?hl=ko&id=kr.munto.app,,,,,
GPR041,Google Play,029f2cbd-24f7-433b-be1c-6319cec58c3c,2022-04-11T11:30:19+00:00,early,5,high,,프사가 신뢰가 있어서 좋습니다 코로나때문에 한동안 이용을 못했는데 앞으로 코로나가 꺾이는 추세인만큼 애용하려합니다:),https://play.google.com/store/apps/details?hl=ko&id=kr.munto.app,,,,,
GPR042,Google Play,4f004fb7-2730-4c0e-89fe-65bdc8df6495,2022-07-25T12:34:33+00:00,early,5,high,,문토 덕분에 공통 관심사 가진 새로운 인연들을 많이 만나고 좋은 추억 만들고 있어요. 삶이 다채로워지고 있네요^^ 다양한 이벤트도 많아서 참여를 북돋아주는것도 윈윈! 좋아보여요 앞으로도 잘 부탁해요!,https://play.google.com/store/apps/details?hl=ko&id=kr.munto.app,,,,,
GPR043,Google Play,dc598f5a-6439-4113-adde-d876fa65c188,2021-12-29T12:36:28+00:00,early,4,high,,건전하고 목적성이 확실해서 이용하기 좋습니다ㅎㅎ 아직 덜 활성화된 느낌이지만 MZ세대의 새로운 이정표라는 목표에 부합하는 것 같아요 코로나 시국이 얼른 끝나서 더 활성화 되길 바랍니다!,https://play.google.com/store/apps/details?hl=ko&id=kr.munto.app,,,,,
GPR044,Google Play,7a995cfa-fa94-4ab7-a9e7-177447a85d37,2022-03-01T10:46:01+00:00,early,5,high,,취미가 같은분들과 모임할수있어좋아요!!,https://play.google.com/store/apps/details?hl=ko&id=kr.munto.app,,,,,
GPR045,Google Play,065e3dee-f7bd-469e-a3a2-8e2ac6a9878b,2022-08-05T17:49:04+00:00,early,5,high,,만족합니다 잘이용하고 있어요,https://play.google.com/store/apps/details?hl=ko&id=kr.munto.app,,,,,
GPR046,Google Play,e3f829b9-8b48-4082-ac38-888aeafc401d,2022-11-12T05:33:34+00:00,early,5,high,,재밌고 유익합니다! 혼자선 하기 힘든 새로운 경험을 함께하는 즐거움이 있네요 :),https://play.google.com/store/apps/details?hl=ko&id=kr.munto.app,,,,,
GPR047,Google Play,15916e9b-a6a8-451c-966b-6fb6afc31f7d,2021-11-06T06:03:15+00:00,early,5,high,,필요한 소셜링이 있을 때 잘 활용하고있습니다.,https://play.google.com/store/apps/details?hl=ko&id=kr.munto.app,,,,,
GPR048,Google Play,e6434ee1-cd4b-445e-a644-c79bfaeb1c8a,2022-01-18T16:19:38+00:00,early,5,high,,다양한 취미를 가진 사람들을 만날 수 있는 앱 다른 사람들과 취미를 공유하고 편하게 모임을 가질 수 있어서 좋았어요 새로운 사람들과 소통을 해보고 싶은 분들께 추천합니다!,https://play.google.com/store/apps/details?hl=ko&id=kr.munto.app,,,,,
GPR049,Google Play,16990217-677f-4302-97c5-cd4e8e210887,2021-08-31T10:43:59+00:00,early,5,high,,내가 관심있는 취미와 모임들을 많이 만날 수 있어 좋았습니다. 그리고 어플 또한 보기 쉽게 잘 정리되어 있어 사용하는데 불편함이 없어요,https://play.google.com/store/apps/details?hl=ko&id=kr.munto.app,,,,,
GPR050,Google Play,bc8441ac-1eb6-46f7-8b42-82e59e6bd7ce,2021-12-08T13:19:58+00:00,early,5,high,,유익한 프로그램도 제공해주고 세미나 개최도 좋습니다. 다양한 활동을 같은 관심을 갖고 있는 사람들과 함께 할 수 있는 기회가 생겨 좋습니다.,https://play.google.com/store/apps/details?hl=ko&id=kr.munto.app,,,,,
GPR051,Google Play,3f5c4103-b448-4a44-acb7-9beec80e028e,2022-09-24T23:02:23+00:00,early,5,high,,"문토에서 배울 점이 많은 사람들, 대단한 사람들, 매력있는 사람들 등 좋은 사람들을 많이 만났습니다. 세상에 나쁜사람보다 좋은 사람이 많다는 걸 느끼게 해준 어플입니다 :)",https://play.google.com/store/apps/details?hl=ko&id=kr.munto.app,,,,,
GPR052,Google Play,d54cf7fb-9b9d-408f-b7b5-716ee500caee,2022-11-27T05:21:38+00:00,early,5,high,,"혼자하기 어려웠던 일을 마음맞는 사람들과 함께 할 수 있어서 좋았습니다. 모르는 사람들을 만나는게 살짝 걱정이 됐지만, 아직까지는 친절하고 좋은분들만 만났습니다. 앞으로도 이용할거같아요.",https://play.google.com/store/apps/details?hl=ko&id=kr.munto.app,,,,,
GPR053,Google Play,372e418d-fa43-4895-9458-c42783d7a806,2021-07-05T06:18:07+00:00,early,4,high,,"매우 독특하고, 창의적이며 직관적이어서 좋습니다. 새로운분들과 대화가 너무 재미 있었습니다.",https://play.google.com/store/apps/details?hl=ko&id=kr.munto.app,,,,,
GPR054,Google Play,50d16ae8-1e67-4b74-a692-80130c57a38c,2022-12-23T15:11:46+00:00,early,5,high,,모임을 통해 다양한 사람을 만나는게 좋아요,https://play.google.com/store/apps/details?hl=ko&id=kr.munto.app,,,,,
GPR055,Google Play,b0558977-0d67-4382-99f8-f96b8b1d6aab,2021-12-24T12:26:16+00:00,early,5,high,,"이제 시작했지만, 재미있는 경험이 될 것 같아요. 깔끔하고 직관적인 디자인이 눈에 쏙쏙 들어옵니다. 잘 사용해 볼께요. ^^",https://play.google.com/store/apps/details?hl=ko&id=kr.munto.app,,,,,
GPR056,Google Play,cf1053ef-fcad-4614-a532-5263498a6e0c,2022-11-12T08:32:36+00:00,early,5,high,,주제별로 클럽이 많아서 선택하기가 수월해서 좋네요 만족합니다,https://play.google.com/store/apps/details?hl=ko&id=kr.munto.app,,,,,
GPR057,Google Play,bac871af-5aa2-4d37-a63e-bc997ecb5488,2022-10-18T13:29:48+00:00,early,5,high,,이렇게 편리하게 원하는 조건을 정해 모임을 만들고 모일 수 있다는 게 장점이네요. 심심하게 시간 떼워야 할 일은 없겠어요.,https://play.google.com/store/apps/details?hl=ko&id=kr.munto.app,,,,,
GPR058,Google Play,06106135-8c14-454e-9852-61aa11d95694,2022-04-10T00:20:57+00:00,early,5,high,,낯선인연들이지만 같은취미를 공유하며 너무즐겁고 편하게 즐길수있던거 같아요 짱👍🏻,https://play.google.com/store/apps/details?hl=ko&id=kr.munto.app,,,,,
GPR059,Google Play,a72e0a1b-8c25-4b9f-b2b8-0d3c8a3fd7a3,2022-09-22T23:10:22+00:00,early,5,high,,"가볍게 사람들을 만나서 영화도 보고, 야간 등산도 해봤어요! 동네 친구도 사귀게 되었구요. 모임 후에도 채팅방이 유지가 되어 느슨하게 연락을 이어갈 수 있어 좋아요ㅎㅎ",https://play.google.com/store/apps/details?hl=ko&id=kr.munto.app,,,,,
GPR060,Google Play,c30fd3ac-7524-4267-8254-d5d17ad43e82,2022-03-26T03:35:41+00:00,early,4,high,,"동네친구 만들수 있어서 좋은 앱인거 같고 다른앱보다 이상한 사람들이 없어서...괜찮은거 같아요 그런데...메세지할때 꼭 새로고침을 눌러서 해야하고,앱 활성화도 너무나도 느리고,특히나 소셜링 열때 참여를 못하는 사람들은 취소라던가 그런게 안되는거 같애요...호스트로 몇번 방을 열어봤는데...다 그런식이었어서 좀 아주많이 힘들었고,또 참여하실 수 있는 분들도 있었는데 대기자에 있어야 하고..좀 벙거롭습니다. 일단 새로고침 해야하는것만 빨리빨리 수정될 수 있게 해주세요;;;",https://play.google.com/store/apps/details?hl=ko&id=kr.munto.app,,,,,
GPR061,Google Play,7c0b8af9-73a4-4d72-b66c-8f0269527864,2024-08-23T19:01:04+00:00,middle,1,low,,모임이 잘 취소되는거 같아요,https://play.google.com/store/apps/details?hl=ko&id=kr.munto.app,,,,,
GPR062,Google Play,ad8d1789-b95a-4e26-838a-51f9f30489cb,2023-12-20T07:16:37+00:00,middle,3,low,,"삼성 덱스모드에서 쓸수 있게 해야하고, 서울을 찍었으면 구별로 선택가능 기능 있어야 하고, 너무 돈독이 오르신거 같습니다. 경영진에서 정책을 손보아야 할거 같습니다. 이런식으로 너무 돈독오른 행동을 보이면 다른 어플로 사람들이 금방 갈아탈겁니다. 후기변경 덱스모드 마우스휠 설정만 변경하면 쾌적한 사용가능합니다. 스타트업이라 투자금 회수도 이해가지만 사실 수수료가 10프로 넘으면 많이 떼간다는 느낌이 드는건 어쩔수 없습니다. 개발자분들 노고가 많으십니다. 감사합니다.",https://play.google.com/store/apps/details?hl=ko&id=kr.munto.app,,,,,
GPR063,Google Play,051e88df-372e-43ea-ab7a-805ad8645b11,2024-04-17T08:59:19+00:00,middle,1,low,,채팅기능이 안돼,https://play.google.com/store/apps/details?hl=ko&id=kr.munto.app,,,,,
GPR064,Google Play,e0cfa360-9988-4a7b-83a5-1a0e1f1530ed,2023-08-15T05:30:35+00:00,middle,1,low,,채팅 계속 오류뜨고 오류투성임 안정화좀 제발,https://play.google.com/store/apps/details?hl=ko&id=kr.munto.app,,,,,
GPR065,Google Play,6172a348-4e86-49f1-9b6a-bedcbeb2cf79,2023-08-12T02:16:40+00:00,middle,1,low,,환불에 대한 규정이 말이 안됌;; 3일전부터는 부분환불도 안됌 이 서비스 다신 안씀,https://play.google.com/store/apps/details?hl=ko&id=kr.munto.app,,,,,
GPR066,Google Play,c4ed0cab-99c6-42cd-aca3-19a5563d82ca,2024-12-23T05:03:42+00:00,middle,1,low,,사진 업로드가 불편하네요 인스타나 카톡처럼 사진업로드가 간편해졌음 좋겠네요 일일히 들어가서 찾는건 좀 아닌거 같네요,https://play.google.com/store/apps/details?hl=ko&id=kr.munto.app,,,,,
GPR067,Google Play,f9d55042-cd39-4353-a77a-c6242ca78c9a,2023-06-21T23:17:32+00:00,middle,1,low,,"안녕하세요? 우선 문토 초창기부터 이용했는데 최근에 유료화되면서 불편합니다. 1건당 3,900원인데 10건이면 거의 4만 원에 근접합니다. 모임이라는 것이 자발적으로 모여서 진행하는 것인데 수수료를 받는 것도 그렇고 무언가 어수선한 분위기네요. 주기적이고 장기적으로 만난다면 상관없지만 단순 일회성 모임에 기본 참기비와 기타 비용이 같이 소요되는데 조금 별로인 것 같아요. 요즘 타 S사 모임 어플로 많이 옮긴다는 소리가 있던데 장기적으로 생각해보시는 것이 좋을 것 같아요. 뉴스에서도 배달료가 부담돼서 이용률이 높지 않았고 구독제 등 월정액으로 나온다는 소식도 제가 들었던 것 같은데 문토에서 더 나은 서비스를 위한다는 데 아직 큰 체감이 없는 것 같아요. 모임 참가확정 후 대화가 없거나 그대로 일정이 취소된 후에도 어떠한 대응도 없고 패널티도 없는 것 같고 개선이 필요합니다. 계속 문토를 사용할 것인지 심각하게 고민하는 중입니다. 부디 트렌드를 따라가세요~ 감사합니다.",https://play.google.com/store/apps/details?hl=ko&id=kr.munto.app,,,,,
GPR068,Google Play,350d7223-3aab-47cf-9aed-1df5f7d0ff31,2023-03-22T14:00:00+00:00,middle,1,low,,🤣🤣🤣🤣🤣🤣,https://play.google.com/store/apps/details?hl=ko&id=kr.munto.app,,,,,
GPR069,Google Play,abe5251b-958b-482c-b58f-807421266725,2024-07-06T09:58:46+00:00,middle,3,low,,앱 자체의 기능은 휼륭하고 모임도 많이 열립니다 다만 요즘은 동네 모임이라기보단 그냥 사람 많이 땡겨서 돈벌려는 호스트가 더 많아지고 문토 시스템 자체도 이에 유리해서 나아질 기미가 없네요..... 인원이 많아지면 소개팅인줄 알고 꼬이는 사람들 때문에 피곤합니다.... 참가자 동의도 없는 모임 인원 변경은 환불 100퍼센트 사유로 충분하지 않을까요? 사람 냄새나는 소규모 모임 기대하다가 감당도 못할 인원 불리는 호스트들 보고있으면 한숨만 나옵니다....,https://play.google.com/store/apps/details?hl=ko&id=kr.munto.app,,,,,
GPR070,Google Play,5aed93e4-0852-4e76-aa28-5d754eb8e83b,2023-02-14T10:57:29+00:00,middle,3,low,,업데이트 좀 그만해요 뭔 업데이트를 이래 자주해,https://play.google.com/store/apps/details?hl=ko&id=kr.munto.app,,,,,
GPR071,Google Play,64fe34b9-2a02-4ef8-86c8-aa1f44a793a8,2023-08-23T06:25:07+00:00,middle,1,low,,필터링 대전 액티비티로 설정했는데 서울만 뜨네요 대전에 없으면 없다고 하던가 필터링 기능이 신뢰가 안갑니다,https://play.google.com/store/apps/details?hl=ko&id=kr.munto.app,,,,,
GPR072,Google Play,dfc87ed6-53b4-460a-b073-b03ab8eebc2b,2023-04-04T13:03:30+00:00,middle,3,low,,다 좋은데 다른사람 프로필 사진 누르면 카톡처럼 크게 보이면 좋겠네요 쥐꼬리만해서 잘 안보여요,https://play.google.com/store/apps/details?hl=ko&id=kr.munto.app,,,,,
GPR073,Google Play,36beea74-7cc4-46e9-9205-677c380ab429,2023-09-02T05:50:20+00:00,middle,1,low,,비밀번호 입력시 영문.숫자.특수문자 8자 이래도 안돼 저래도 안돼.....엄청짜증,https://play.google.com/store/apps/details?hl=ko&id=kr.munto.app,,,,,
GPR074,Google Play,f1e99993-add9-4649-b5ba-f30fb15eb419,2024-04-09T18:51:40+00:00,middle,1,low,,그냥 방장들과 앱운영자 돈벌이 수단.. 무슨 소개팅ㅋㅋ 모임 5분씩 대화하고 끝...대부분 그럼.. 여자들 다 돈나눠갖는 알바같음! 절대 무료모임만 가세요!ㅎㅎㅎ꿀팁!,https://play.google.com/store/apps/details?hl=ko&id=kr.munto.app,,,,,
GPR075,Google Play,1084be05-3b36-4879-b253-a760ba65afb9,2023-06-13T12:49:39+00:00,middle,1,low,,싸이비가 판침,https://play.google.com/store/apps/details?hl=ko&id=kr.munto.app,,,,,
GPR076,Google Play,d0174520-f63a-4348-ad28-23ee35f970b6,2023-03-07T07:55:43+00:00,middle,1,low,,너무불편해요.,https://play.google.com/store/apps/details?hl=ko&id=kr.munto.app,,,,,
GPR077,Google Play,09f95cd8-9cfa-4a70-a2f8-cb7c9b682b5a,2023-04-04T04:20:49+00:00,middle,1,low,,갑자기 앱이 안켜져요 ㅜ~ㅜ 채팅온거는 알림에 뜨는데............,https://play.google.com/store/apps/details?hl=ko&id=kr.munto.app,,,,,
GPR078,Google Play,490b6622-860c-4268-8e2f-71f89df84137,2023-09-24T16:18:27+00:00,middle,1,low,,결제 및 환불 내역을 소비자가 볼 수 없는 시스템,https://play.google.com/store/apps/details?hl=ko&id=kr.munto.app,,,,,
GPR079,Google Play,4d856337-9746-40bc-a46e-281c45c5fd1b,2024-02-14T04:33:59+00:00,middle,1,low,,아니 고객센터 없나요... 로그인문제 생기면 어디다 문의하라는거죠,https://play.google.com/store/apps/details?hl=ko&id=kr.munto.app,,,,,
GPR080,Google Play,8fc8c9a8-3c37-4ce1-ab51-7c534304ca3c,2023-10-28T13:05:28+00:00,middle,3,low,,업데이트 후부터 지역필터링이 안먹히네요,https://play.google.com/store/apps/details?hl=ko&id=kr.munto.app,,,,,
GPR081,Google Play,9bc7010b-dbfe-4708-a2b1-1e714ffd6e4a,2023-03-03T14:30:29+00:00,middle,1,low,,1. 매너평가 부정평가 시 인원수와 사유정도는 알았으면 좋겠습니다. 2. 시스템에 오류가 있는것 같아 고객센터에 문의했었는데 답변이 느립니다. 3. 지역 고정 설정이 되었으면 좋겠습니다. 매번 서울로 맞춰져 있어서 타지 사는 사람은 불편할 것 같습니다. 4. 모임 신청 시 전화번호를 써야할 때도 있는데 개인정보 침해이며 신고 가능합니다. 법적으로 소송 걸수 있는 상황을 애초에 없게 했으면 좋겠습니다. 이러한 이유로 탈퇴했습니다.,https://play.google.com/store/apps/details?hl=ko&id=kr.munto.app,,,,,
GPR082,Google Play,255a1f5b-6a2b-42bd-80ca-24d883f54d26,2023-11-05T03:32:28+00:00,middle,1,low,,지금 독서 모임 찾냐 새 독서 모임 들어라 하는 푸쉬알람 계속옵니다 지워도 지워도 계속 오네요 무슨 오류인가요 이건?,https://play.google.com/store/apps/details?hl=ko&id=kr.munto.app,,,,,
GPR083,Google Play,598e2289-82d4-46e3-b0a1-de720f5728c2,2023-07-23T16:41:20+00:00,middle,2,low,,제 명의 핸드폰이 아니라서 모임 입금을 할수가 없어요ㅜ 무통장입금 같은거나 개선해주셨으면 좋겠습니다,https://play.google.com/store/apps/details?hl=ko&id=kr.munto.app,,,,,
GPR084,Google Play,a4be5e26-bcf0-4289-bf21-9e338293c905,2024-03-09T02:37:17+00:00,middle,1,low,,거짓말 그만하시고요.모든 분들한테 정책 적용한다고 하시지 않으셨나요?정책은 모든 분들한테 적용이 안되고 있고 셀렉티드 호스트분들한테 무슨 말들을 하시는걸까요? 계속 할거고 정책 바뀔때까지 할겁니다.그만하시고 모든 분들한테 정책 적용하세요.이 앱은 사기입니다.사람 차별하고 돈만 미친 회사입니다.,https://play.google.com/store/apps/details?hl=ko&id=kr.munto.app,,,,,
GPR085,Google Play,845998de-7c4d-4b9e-bf29-3443da592dd2,2024-09-23T09:09:29+00:00,middle,1,low,,호스트 소셜링 관련 안내 오류가 있었다고 하는데 글쎄요. 리뷰보니깐 고객센터도 신뢰가 안가는데요. 문토 잘 애용했었는데 신뢰도 떡락으로 삭제합니다. 다시는 안깔것같아요. 참가비 어쩌고.. 리뷰 말대로 돈만 생각하시는 것같고 문토측에서 실수 있었다고 하니 책임 지셔야죠. 말로만 죄송하다그러면 돈이 나오나요? 없던게 되나요? 기분 상할대로 다 상했는데 진정성도 안느껴짐 . 긍정적 리뷰에 비해 부정적 리뷰가 한달 이내로 꾸준히 올라오던데 이제 왜 문토를 써야하는지 도통 모르겠네요,https://play.google.com/store/apps/details?hl=ko&id=kr.munto.app,,,,,
GPR086,Google Play,7cc0b24a-b3a9-42ba-8f32-06ad7c1f3ebf,2023-06-14T02:23:40+00:00,middle,2,low,,모든 모임을 유료화한 이후에 확실히 사람들 유입이 적어진거 같습니다. 모임을 열어도 모집이 예전 처럼 잘 안되네요. 점점 유입이 줄면 결국엔 호스트모임을 열지 않고 그렇게 되면 게스트도 찾지 않는 악순환이 반복될거 같네요. 개선할 필요가 있어 보입니다.,https://play.google.com/store/apps/details?hl=ko&id=kr.munto.app,,,,,
GPR087,Google Play,3691ef8c-6433-4a2b-a720-f0f504454b85,2023-06-21T02:36:23+00:00,middle,1,low,,이용료도 생기고 소셜도 줄었네요!,https://play.google.com/store/apps/details?hl=ko&id=kr.munto.app,,,,,
GPR088,Google Play,b463da48-4867-47a8-ab79-aa42f733983c,2023-11-12T00:10:39+00:00,middle,3,low,,함께할 수 있어 좋아요,https://play.google.com/store/apps/details?hl=ko&id=kr.munto.app,,,,,
GPR089,Google Play,53ff4414-5c53-469c-9b96-27ca9a0644ba,2023-02-14T13:51:39+00:00,middle,3,low,,문토 자주이용하는데 매 업데이트마다 왜 접속이 안되든 오류가 넘 많아요 이럴거면 유아이 변경 하지말고 그냥 쭉갔음좋겠습니다 사람 열받게 만들지 마시고 쓸데없이 유아이만 게속만지나요.. 어플테스트는 하는지 구동 여부를..,https://play.google.com/store/apps/details?hl=ko&id=kr.munto.app,,,,,
GPR090,Google Play,9c8280ef-920a-4fe1-bb56-c4a12b7cf279,2023-04-04T04:46:52+00:00,middle,3,low,,사용 잘 하고 있는데 갑자기 앱이 켜지지 않습니다 재설치해도 안되고 팅기네요. 앱 알람 차단 한것도 없는데 어케하죠 ㅠ,https://play.google.com/store/apps/details?hl=ko&id=kr.munto.app,,,,,
GPR091,Google Play,7a61812a-f1a5-477a-80f0-fba6e570c513,2024-03-23T11:43:38+00:00,middle,5,high,,써보니 좋군요,https://play.google.com/store/apps/details?hl=ko&id=kr.munto.app,,,,,
GPR092,Google Play,c8091dab-c0b2-4437-a42d-1a7448cbd3c8,2024-07-05T07:37:45+00:00,middle,5,high,,다양한 연령대의 많은 분들을 만날 기회는 정말 좋은 것 같아요.,https://play.google.com/store/apps/details?hl=ko&id=kr.munto.app,,,,,
GPR093,Google Play,63c9d705-9ab5-4aad-923d-26bc755e1269,2023-07-13T08:58:59+00:00,middle,5,high,,문토 안에서 소셜링도하고 클래스 경험도 하고 새로운 사람들도 만나서 아주 만족하면서 사용하고 있습니다ㅡ! 감사합니다!,https://play.google.com/store/apps/details?hl=ko&id=kr.munto.app,,,,,
GPR094,Google Play,0768ffa3-39f5-4f61-895c-0467c2286539,2023-12-13T02:02:37+00:00,middle,5,high,,멋진곳,https://play.google.com/store/apps/details?hl=ko&id=kr.munto.app,,,,,
GPR095,Google Play,17d947cb-1333-43b9-bcb3-09a9d83889ae,2023-04-04T03:07:09+00:00,middle,5,high,,"잘 사용하고있다가 어제 업데이트 이후로 노트10+ 기종으로 아얘 접속도 안되고 어플이 종료됩니다.. 삭제했다 설치해도 그대로,,, 곧 소모임 예정되어있는데 빨리 고쳐주시면 감사하겠습니다.",https://play.google.com/store/apps/details?hl=ko&id=kr.munto.app,,,,,
GPR096,Google Play,87ee1cf0-12b7-4865-ab45-ab8ce2225f78,2023-10-23T00:29:12+00:00,middle,4,high,,👍,https://play.google.com/store/apps/details?hl=ko&id=kr.munto.app,,,,,
GPR097,Google Play,6c0192b6-365e-4202-82cc-aa248df538f8,2024-04-15T08:58:49+00:00,middle,5,high,,즐겁네요^^,https://play.google.com/store/apps/details?hl=ko&id=kr.munto.app,,,,,
GPR098,Google Play,47fd5af3-9592-4605-b3f0-4f0cdbce625f,2023-01-15T22:51:40+00:00,middle,4,high,,좋아요,https://play.google.com/store/apps/details?hl=ko&id=kr.munto.app,,,,,
GPR099,Google Play,b3429b56-9cd7-444f-9036-e6adfb9108bc,2023-04-04T00:01:19+00:00,middle,5,high,,새로운사람만날 기회를 주셔서 감사합니다~,https://play.google.com/store/apps/details?hl=ko&id=kr.munto.app,,,,,
GPR100,Google Play,e8822413-3fe2-4b4b-8558-339ca0ea5609,2023-06-09T08:56:30+00:00,middle,5,high,,문토 걱정이 많았는데 좋은 사람들 많이 만나서 좋았어요. 취미 잘 맞아서 대화가 안끊기더라구요 ㅎㅎ,https://play.google.com/store/apps/details?hl=ko&id=kr.munto.app,,,,,
GPR101,Google Play,26a58bb1-9553-4b23-8b1d-c01facff7903,2023-01-15T15:35:05+00:00,middle,5,high,,문토 앱 너무 좋아요 다양한 사람들과 생각과 취향을 나눌수 있어요,https://play.google.com/store/apps/details?hl=ko&id=kr.munto.app,,,,,
GPR102,Google Play,b98f0294-b210-4730-95c6-93f4422ff9ac,2023-10-30T20:53:36+00:00,middle,5,high,,즐거운 경험을 할 수 있었어요 제 친구에게도 추천했어요 함께 문화생활을 즐기니 즐거움이 더욱 커졌습니다,https://play.google.com/store/apps/details?hl=ko&id=kr.munto.app,,,,,
GPR103,Google Play,84d095f7-8935-41aa-af3a-37c6ca2fabd7,2023-01-15T15:34:29+00:00,middle,5,high,,사실 취향과 관심사가 비슷하신 분들끼리 모임을 직집 만들거나 참여하기위해 찾는게 쉽지않은 일인데 이 어려운걸 가능하게끔 도와주는 어플이네요^^ 메뉴 구성이나 검색기능이 직관적이라 사용하기 간편하고 지역별 필터 등이 추가되어있어 만족합니다!!!!,https://play.google.com/store/apps/details?hl=ko&id=kr.munto.app,,,,,
GPR104,Google Play,cb4db329-cfc1-4e84-a188-cca68eda677e,2023-06-20T09:24:44+00:00,middle,5,high,,괜찮은데 지방러는 역시 모임이 조금 적어요.. 번창해서 전국으로 모임 확장해주세요,https://play.google.com/store/apps/details?hl=ko&id=kr.munto.app,,,,,
GPR105,Google Play,49b3f3cd-3e1c-47f4-98e6-cb039b546f63,2023-05-08T04:29:31+00:00,middle,5,high,,취향이 만나는 사람 만나기 좋아요!!!!,https://play.google.com/store/apps/details?hl=ko&id=kr.munto.app,,,,,
GPR106,Google Play,7e9127bd-92a8-469d-9283-ceeb13ab1f38,2023-07-10T02:08:33+00:00,middle,5,high,,"동호회 같은건 너무 부담스럽고(텃세, 고인물, 정기모임....) 고민이 많았는데 여기는 하루만 만나니 엄청 깔끔하고 잘 맞는 사람들 만나기 좋은것 같아요",https://play.google.com/store/apps/details?hl=ko&id=kr.munto.app,,,,,
GPR107,Google Play,be8ee381-9322-4d53-a0c8-cc4d37fd9c9c,2023-07-13T05:23:08+00:00,middle,5,high,,"문토는 다른 소모임 어플처럼 많은 승인 절차가 필요하지도 않고 가입도 자유로워서 편합니다. 호스트가 게스트가 되기도 하고 게스트가 호스트가 되기도 하며 수평적인 관계를 유지할 수 있고 소셜링 수수료 부분도 다른 모임 어플들에 비해 저렴한 편입니다. 특히, 지인들이 말한 장점은 내가 참가하는 소셜링의 게스트들의.사진이나 정보 그리고 온도로 매너지수가 표시가 되어서 어느정도 어떤 사람인지 구별 할 수 있다는 점이 장점이라고 많이 얘기해주셨네요 ! 가끔 로딩이 좀 느린 것 빼고는 너무 괜찮습니다 ! 문토에서 좋은 분들 많이 만나서 취미 공유 뿐 아니라 인연이 된 사람들이 많네요 감사합니다 ♡",https://play.google.com/store/apps/details?hl=ko&id=kr.munto.app,,,,,
GPR108,Google Play,f207b83b-7046-4981-bbaa-90c19afb9c0b,2023-08-21T00:25:05+00:00,middle,5,high,,굿,https://play.google.com/store/apps/details?hl=ko&id=kr.munto.app,,,,,
GPR109,Google Play,a142b200-b1c8-4930-b9a1-96ed9c850f9d,2023-07-11T08:54:59+00:00,middle,5,high,,여미 남미 말고 진짜 친구 만들기 좋아용ㅎ,https://play.google.com/store/apps/details?hl=ko&id=kr.munto.app,,,,,
GPR110,Google Play,3a1a18e5-5f15-4d11-9c74-2f20c3a5922d,2023-01-22T04:03:44+00:00,middle,5,high,,문토 취미생활을 같이할수있어서 좋아여,https://play.google.com/store/apps/details?hl=ko&id=kr.munto.app,,,,,
GPR111,Google Play,01b37100-4b50-45ca-9c76-0fb5f738e38b,2023-01-24T08:53:28+00:00,middle,5,high,,새로운 사람들을 만날 수 있어 좋은것같아요! 아무리 친구가있어도 서로 일정이 안맞거나 취향이 안맞으면 못할수있는데 문토에서는 그런 단점을 완화시켜주니 좋은 것 같아요 ㅎㅎ 그리고 채팅방에 입장하면 전에 대화하던 내용도 볼 수 있어서 중간에 들어와도 그 분위기에 자연스럽게 합류 할 수 있다는 점도 좋습니당 ㅎㅎ,https://play.google.com/store/apps/details?hl=ko&id=kr.munto.app,,,,,
GPR112,Google Play,edbe7bd2-e87f-4867-bfe5-98ea78c46d53,2023-07-19T14:18:42+00:00,middle,5,high,,다양한 모임을 참여할 수 있어서 좋습니다.하지만 여미새나 이상한사람도 많으니 조심하셔야해요,https://play.google.com/store/apps/details?hl=ko&id=kr.munto.app,,,,,
GPR113,Google Play,5f2b48dd-eb84-4bae-b446-3e59b274bce0,2023-05-02T07:31:53+00:00,middle,4,high,,소셜링 검색 알고리즘이 사용성을 해쳐서 불편합니다. 개선 요청드립니다. 만약에 제가 이번주 금요일 소셜링 검색을 원하면 필터에서 기간에서 이번주를 선택하거나 요일에서 금요일을 선택하는 거밖에 안 되는데 그러면 제가 원하는 '이번주 금요일' 소셜링이 검색되는 게 아니라 기간에서는 이번주의 모든 소셜링이 검색되거나 아니면 요일에서 모든 금요일에 관한 소셜링이 검색됩니다. 저는 이번주 금요일의 소셜링을 찾고 싶은데 말이죠. 그리고 지역필터링에서도 문제가 있는 게 필터에서 지역에 부산을 선택하고 문화 예술을 걸었는데 서울과 다른 지역의 소셜링도 함께 검색이 됩니다. 저는 분명 부산을 선택했음에도 말이죠. 검색에 관해서 사용성도 좀 신경써주셨으면 합니다,https://play.google.com/store/apps/details?hl=ko&id=kr.munto.app,,,,,
GPR114,Google Play,033fa1da-7e0f-4562-bd36-b1f7b860c135,2023-02-26T01:22:05+00:00,middle,4,high,,"정상적으로 쓰다가 업뎃하자마자 로그인도 안되고 다른 계정으로 회원가입하려해도 안되네요,,",https://play.google.com/store/apps/details?hl=ko&id=kr.munto.app,,,,,
GPR115,Google Play,5671a91d-43f3-4d3d-b3cd-a7fc073db170,2023-06-10T14:54:41+00:00,middle,5,high,,"문토 알림이 갑자기 오지 않습니다. 모든 알림을 활성화하고 어플 설정에서도 알림 허용을 해도 동일한 문제가 발생하는데요. 저는 갤s22인데, 혹시 어떤 부분을 체크하면 될까요?",https://play.google.com/store/apps/details?hl=ko&id=kr.munto.app,,,,,
GPR116,Google Play,c811c712-9125-4529-8569-d7eeb6b10af2,2023-07-20T11:13:13+00:00,middle,5,high,,"다양한 모임들이 있어 다른 분야, 나와 다른 관심사를 가진 다양한 분들을 만날 수 있다는 점이 정말 장점이에요.",https://play.google.com/store/apps/details?hl=ko&id=kr.munto.app,,,,,
GPR117,Google Play,32290fd2-5a92-4cb2-bb8e-55f118bd6e1c,2023-08-19T22:24:13+00:00,middle,5,high,,유익한 시간이었어요,https://play.google.com/store/apps/details?hl=ko&id=kr.munto.app,,,,,
GPR118,Google Play,93e140ed-c3fd-46d8-8b7b-16680772af13,2023-07-17T15:18:16+00:00,middle,5,high,,문토 꾸준히 사용하는데 다양한 분야로 모임을 만들 수 있어서 좋아요~ 자체적으로 잘 활용하면 건전하고 자기계발적인 아웃풋도 가능합니다! 화이팅,https://play.google.com/store/apps/details?hl=ko&id=kr.munto.app,,,,,
GPR119,Google Play,f02767cd-2655-441d-bb1b-53bb75aaaff7,2023-11-14T01:58:40+00:00,middle,5,high,,"재밌고, 안전해요",https://play.google.com/store/apps/details?hl=ko&id=kr.munto.app,,,,,
GPR120,Google Play,c8181146-3a42-40db-926f-f09e40fe403b,2023-07-22T16:53:25+00:00,middle,5,high,,동호회 가입은 부담스러운데 문토는 1회성으로 자유롭게 신청할 수 있어서 좋아요!,https://play.google.com/store/apps/details?hl=ko&id=kr.munto.app,,,,,
GPR121,Google Play,aae3eb44-aedd-4533-9300-b425dfdbb883,2025-07-08T08:17:07+00:00,recent,1,low,,몇년간 이용하면서 불편한 점이 너무 많습니다. 채팅창이 쌓이면 새로운 메시지가 안 들어오거나 클럽 결제시 결제일이 지나도 결제수단을 수정할 수 없는 오류 등 전체적인 개선이 필요해 보여요. 특히 오류나 문의사항에 대해 서비스 담당자들과 소통이 매우 어려운 점이 가장 크리티컬 합니다. 전날 메시지를 남겨놓아도 다음날 제대로 된 답변이나 해결책 (해결책이 아니더라도 대화라도...) 등을 듣기 어려워 간단한 문의임에도 몇일 이상 소요되는게 아쉽네요. 이용자로서 좋은 방향으로 개선되면 좋겠습니다!,https://play.google.com/store/apps/details?hl=ko&id=kr.munto.app,,,,,
GPR122,Google Play,efd4ce94-11df-404f-8211-ca3579f5f219,2025-10-17T10:50:38+00:00,recent,1,low,,참석자인줄 알고 봤더니 스탭이 참여자인척 참석하는게 너무 많습니다..인기있어보이려는거 이건 뭐 제재 안하나요???,https://play.google.com/store/apps/details?hl=ko&id=kr.munto.app,,,,,
GPR123,Google Play,ee1dcd52-6531-4f6e-acf3-5674031dd562,2025-09-15T02:36:03+00:00,recent,1,low,,"오류가 난무하고, 빠른조치가 이뤄지지 않음. 서비스에 대한 수수료를 많이 부과하는데 그만한 서비스가 없음. 일방적인 통보방식의 갑질 운영. 별점 1개도 아까움",https://play.google.com/store/apps/details?hl=ko&id=kr.munto.app,,,,,
GPR124,Google Play,7d86394a-3fe2-4371-b1df-c281b4fea91a,2026-01-23T09:20:55+00:00,recent,3,low,,계정정보가 안들어가져요 삭제했다가 다시 깔아도 그런데 뭐때문에 그렁거에요?,https://play.google.com/store/apps/details?hl=ko&id=kr.munto.app,,,,,
GPR125,Google Play,0ebc861e-85cc-4da9-bac3-5a92c40a26d1,2025-07-07T14:38:18+00:00,recent,1,low,,죄다 서울 기준으로 추천해줄거면 도대체 지방은 뭣하러 입력하게 해놓은거임?,https://play.google.com/store/apps/details?hl=ko&id=kr.munto.app,,,,,
GPR126,Google Play,d3f455cc-d5af-47ba-b827-3b8327b4eec0,2026-01-07T05:10:59+00:00,recent,1,low,,보드게임 무료소셜링으로 열었다가 정지먹음...,https://play.google.com/store/apps/details?hl=ko&id=kr.munto.app,,,,,
GPR127,Google Play,54253b55-b286-4349-835d-80f2363d5116,2026-01-04T05:58:10+00:00,recent,2,low,,"5일 이상 여유있는 날짜의 모임은 없는데 한번 신청하면 3일전부터 환불불가인게 개별로에요. 고객센터는 환불원하면 호스트 동의받아오라고 하고 호스트는 어플 규정대로 3일 전까지만 환불해준다고 하고,,,독감걸려서 모임에 못나가게 됐다는데도 환불은 안된대요. 참석을 못하는데 돈은 내라니? 걍 삥뜯는거 아닌가요? 돈은 내가 냈는데 나한테만 너무 불리해요. 모임 신청할 땐 3일간 그 어떤 천재지변과 개인사정이 생기지 않도록 주의하세요~내가 죽었다고 해도 환불안해줄 어플임. 소개팅기능인 취향인연은 타 어플들보단 물이 좋은데 본인 사진인지 검증안해서 타인 사진 도용한 사람도 있고, 어플 오류도 심해요. 제가 관심 보낸 사람 중에 저한테 안뜨는 사람도 있는데 고객센터는 보낸 사람 목록에서 확인하라고만 하고. 채팅 알림와서 들어가보면 없는 채팅방이라고 뜰 때도 많아요. 어플 껐다켜야 다시 보이고. 차단한 사람 채팅방은 지워졌는데 그 사람이 보낸 채팅 알림이 계속 와요.",https://play.google.com/store/apps/details?hl=ko&id=kr.munto.app,,,,,
GPR128,Google Play,be6e9fe4-3c14-4fd9-ae8c-2940fddbf847,2026-04-22T01:53:24+00:00,recent,2,low,,"술파티, 소개팅만 남음. 몇 년전부터 이용하면서 다양한 모임 활동을 잘 즐겼는데 최근에 다시 들어가보니 술파티, 소개팅만 남고 다른 참신한 모임들은 다 전멸했더군요. 그마저도 지인들끼리 별점 돌려막기, 무료로 여자 게스트 초대하고 남자들이 비용 부담하는 구조였습니다. 왜이렇게 됐나 찾아보니, 별점 몰아주기에 대한 제재는 없으면서 이상한 이유로 소셜링 호스트에 대한 제재는 쏟아지더라구요. 이런 상황에서 열정을 갖고 다양한 소셜링을 주최하는 호스트가 있을까요? 그냥 술만 퍼주고 바짝 벌고 빠지는, 떳다방식 소셜링만 남은건 당연한 것 같습니다.",https://play.google.com/store/apps/details?hl=ko&id=kr.munto.app,,,,,
GPR129,Google Play,20071773-0802-4d17-b2ff-1f283d43616a,2026-06-15T07:23:59+00:00,recent,1,low,,소셜링에서 2차 요금을 호스트 개인계좌로 받는일이 많음 그게 불법임 그런경우를 몇번 목격해서 계좌이체내역 캡쳐해서 고객센터에 신고했음 그랬는데 자세한 내역을 보내라고 함 아니 뭐 소셜링 끝날때쯤에 몰래 영상이나 녹음이라도 해야됨? 여러분 2차부터는 제 개인계좌로 보내주세요 이러는거? 이런거 잡아낼 생각도 없으면서 '문토이외의 방법으로 요금 받아내면 불법'이라는 규정은 왜 존재함?,https://play.google.com/store/apps/details?hl=ko&id=kr.munto.app,,,,,
GPR130,Google Play,96eee692-e6b7-4f8c-a093-041ff5775fda,2025-03-08T01:37:11+00:00,recent,2,low,,필터에서 나이제한이 없는곳에 지원해도 나이때문에 승인거절되는 부분은 개선되어야 하겠습니다. 그거 좀 상처받네요,https://play.google.com/store/apps/details?hl=ko&id=kr.munto.app,,,,,
GPR131,Google Play,5ea12bb6-f063-478b-9c33-46b3d3079e84,2026-01-01T22:20:47+00:00,recent,2,low,,안녕하세요 문토를 다시 설치했는데 시작 화면에서 멈춰있고 안 넘어갑니다. 어떻게 조치하면 되나요??,https://play.google.com/store/apps/details?hl=ko&id=kr.munto.app,,,,,
GPR132,Google Play,ef94cc17-cf9f-4c9d-be2f-221ceb1c6886,2026-07-13T04:56:57+00:00,recent,1,low,,대형 호스트일수록 어떤사유든 한번만 신고당해도 지금보다 더 융통성 없다시피 무조건적인 서비스 이용 영원히 못하게 하고 강제탈퇴 시키는식으로 제재를 강화시켜야 될 필요가 있습니다 그래야 호스트들의 갑질이 사라집니다 호스트들끼리 자기네들 마음에 안드는 참여자 있으면 시비거리 만들어서 쫒아내고 심기 뒤틀려진 찐따취급하고 호스트들끼리 맘에 안드는 참여자에 대해 블랙리스트 공유로 모임활동 방해 등 갑질이 심해지는데 이럴수록 참여자들에 대한 보호규정은 더 강화하고 지켜줘야 될 필요가 있으며 모든 호스트들은 더 숨막힐 정도로 엄격하게 처리하고 참여자들은 더 관대하게 보호해주기 정책을 더 강화시켜야 될 필요가 큽니다,https://play.google.com/store/apps/details?hl=ko&id=kr.munto.app,,,,,
GPR133,Google Play,5f3e9aeb-cb0f-4379-8875-32f323345fcb,2025-03-25T03:20:34+00:00,recent,3,low,,어플 저만 안들어가지나요??,https://play.google.com/store/apps/details?hl=ko&id=kr.munto.app,,,,,
GPR134,Google Play,7045eec6-4367-4ed5-9ca8-2cb78d202abd,2026-02-12T03:09:41+00:00,recent,2,low,,결재라인의 오류인지 결재 마무리가 안됩니다.,https://play.google.com/store/apps/details?hl=ko&id=kr.munto.app,,,,,
GPR135,Google Play,84c2c886-b7b8-463f-b76b-fbc15cf889d2,2026-05-11T10:16:31+00:00,recent,1,low,,받은 관심 있어서 캔디 주고 열었는데 받은 관심 탭에서 왜 계속 잠겨있나요? 그리고 관심 보내기 하니까 보낸 관심 탭에서 다른 사람들은 1주일 가는데 그 사람은 하루도 안 돼서 사라지나요?,https://play.google.com/store/apps/details?hl=ko&id=kr.munto.app,,,,,
GPR136,Google Play,3f6da756-ab1e-4832-8f55-3d2f9425d9e4,2025-06-08T03:28:46+00:00,recent,2,low,,필터링이 잘적용안되서 불편해요,https://play.google.com/store/apps/details?hl=ko&id=kr.munto.app,,,,,
GPR137,Google Play,6acc62f3-cd27-448f-9f45-2523396e579c,2026-01-22T06:13:48+00:00,recent,3,low,,카톡채널에서 환불 문의하고 아무리 기다려도 답변이 없네요. 카톡으로 문의하는게 맞을까요?? 좀 더 상세한 설명 있으면 좋을것 같습니다.,https://play.google.com/store/apps/details?hl=ko&id=kr.munto.app,,,,,
GPR138,Google Play,d870a39a-3eca-4808-b63f-70c882ee6713,2025-03-10T02:55:16+00:00,recent,3,low,,스플래쉬 화면이 너무 눈갱이에요..,https://play.google.com/store/apps/details?hl=ko&id=kr.munto.app,,,,,
GPR139,Google Play,e7a8f75f-fb2d-4db0-945c-eb7e903c6da1,2026-07-01T22:50:38+00:00,recent,3,low,,업댓후 만들어진 모임에 채팅이안되요 복구좀해주세요,https://play.google.com/store/apps/details?hl=ko&id=kr.munto.app,,,,,
GPR140,Google Play,500b765c-7ed0-43b1-8fb3-ca03c104f852,2026-04-16T02:24:13+00:00,recent,1,low,,"취향인연 오류가 너무 많아요 관심 표시 눌러도 화면 나갔다 돌아오면 관심 눌른게 복구 돼있고, 앱 업데이트나 삭제했다 다시 설치해도 안 고쳐지네요. 이런 오류가 너무 많으니, 관심 누르는 화면에서도 메신저할 수 있는 기능이 있으면 좋겠어요.",https://play.google.com/store/apps/details?hl=ko&id=kr.munto.app,,,,,
GPR141,Google Play,2451194e-4dc0-40fd-bfd9-2f2702a89fe9,2025-06-16T14:28:06+00:00,recent,1,low,,분명 이전엔 진짜 동네친구만들고 새친구랑 여행 가는 느낌이었는데... 지금은 연애앱 그 이상도 이하도 아닌.... ㅠㅠ,https://play.google.com/store/apps/details?hl=ko&id=kr.munto.app,,,,,
GPR142,Google Play,c915571a-d7a5-4431-8d4f-aad3717f2196,2026-05-24T02:36:49+00:00,recent,1,low,,미사용앱,https://play.google.com/store/apps/details?hl=ko&id=kr.munto.app,,,,,
GPR143,Google Play,98c3a6df-4ee1-419d-876b-d7965ad09947,2025-10-14T04:12:52+00:00,recent,1,low,,"이메일로 가입 되었다고 비밀번호 입력하면 가입 된 내역이 없다면서, 아이디 찾기 하면 그 이메일 나오고 계속 반복되는데 확인 부탁드려요",https://play.google.com/store/apps/details?hl=ko&id=kr.munto.app,,,,,
GPR144,Google Play,be65dcd0-e6f1-4942-8cfb-a935699b9000,2025-05-14T07:42:13+00:00,recent,1,low,,1. 홈페이지에서 가입만 가능하고 탈퇴 불가능. 2. 회원가입 여부를 확인하는 서비스가 없음.,https://play.google.com/store/apps/details?hl=ko&id=kr.munto.app,,,,,
GPR145,Google Play,9a7ac466-3755-43ce-830a-3575b5224557,2026-02-12T11:08:53+00:00,recent,1,low,,"!유료모임비와 취향인연에서의 사탕구매로 적어도 7만원 이상 지출한 호구의 깨달음! 유료모임은 정말 취미 비슷한 사람들 만나보고 싶어서 나가는 거면 한 번쯤 추천. 여자친구나 남자친구 만들 생각으로 시작하는 사람들이 상당할 것 같은데 본인 경험으로는 정말 예쁘거나 잘생기거나 말재간이 좋거나 흡연을 하는 거 아니면 많이 어렵다고 느낌. 마지막으로, 취향인연은 발도 들이지 말 것!!! 대부분 봇이거나 사용 안 한지 오래된 유저들도 전부 추천목록에 뜨게 만들어놔서 사탕 낭비하게 만드는 구조임...ㅠ 나처럼 피보는 사람이 없기를 진심으로 바라며... 난 너무 늦게 깨달은 듯...",https://play.google.com/store/apps/details?hl=ko&id=kr.munto.app,,,,,
GPR146,Google Play,6bacec1e-111c-4e73-8874-061ca0ec22d7,2026-03-03T00:59:22+00:00,recent,1,low,,이렇다할 모임도 없고 무조건 유료참여인듯함.,https://play.google.com/store/apps/details?hl=ko&id=kr.munto.app,,,,,
GPR147,Google Play,02ade739-1735-4cff-92d5-faf94155b012,2026-03-18T07:03:17+00:00,recent,1,low,,"문토를 좋아했고 잘 사용했지만 몇가지 문제점이 너무 많아서 삭제 했고 꼭 개선되었으면 하는 부분이 있습니다. 1. 호스트들의 노쇼가 너무 많다. 호스트들이 벙을 열고 전날 갑자기 본인이 아프다거나 당일에 못 오는 사람이 너무 많습니다. 본인들이 소셜링을 열고 사람들이 다 시간 빼고 스케줄 빼고 그날 비웠는데 당일에 말만 전하고 노쇼하는 '호스트' 들이 너무 많습니다. 시간이 아까워요 2. 유료 소셜링중에 '호스트 수고비' 이거는 없었으면 좋겠습니다. 유료 소셜링중에 노쇼비 이런거는 이해 합니다만 호스트 수고비는 이해가 안됩니다. 다 같이 놀고 재밌게 한건데 호스트 수고비 2만원, 만오천원 받는 사람들이 있습니다. 솔직히 다 개나소나 돈 받으려고 어떻게서든 유료로 요즘은 다 전환해서 솔직히 정이 떨어지네요. 3.알림 개선 알림은 너무 올때도 있고 안 올때도 있습니다. 그래서 못 봐서 못온 사람도 있고요 취소된 경우도 많습니다. 참 애정이 간 어플이지만 두번 다시는 설치 안할게요",https://play.google.com/store/apps/details?hl=ko&id=kr.munto.app,,,,,
GPR148,Google Play,bdfb6984-d25c-4c0d-a6c0-fcbc870ebc09,2026-05-09T00:55:02+00:00,recent,1,low,,"여러 차례 소셜링 열면서, 아쉬웠던 부분들을 솔직히 공유드립니다. 1. 주류 소셜링만 추천/홍보해주고 나머지는 다 소리소문 없이 묻히는 구조. 추천 기준이 정확히 뭔지도 알 수 없고, 추천으로 뜨지 않으면 다른 소셜링은 찾아보기도 힘듦. 2. 인원이 1~2명 모자라서 부족한대로라도 진행하려고 하니 미달이라 진행도 못하게 하고, 수정도 안 되고, 그렇다고 다른 데서 부족한 인원 채우자니 규정 위반이라고 벌점 먹이고... 족쇄 투성이임. 3. ""결정적""으로... 운영비가 필요해 유료 소셜링을 개최하면, 수수료를 무려 🌟20%🌟나 떼감... 😂 그러다보니 예전엔 재밌고 독특한 소셜링도 많았는데, 요즘은 보이는 게 로테이션 소개팅이나 부담스런 파티밖엔 없더라고요. 기획 좋았던 분들은 대부분 넷플연가나 비슷한 다른 모임으로 떠나고... 문토 통해서 소셜링 열 계획 있으셨던 분들은.. 신중히 생각해보시기 바랍니다 😂",https://play.google.com/store/apps/details?hl=ko&id=kr.munto.app,,,,,
GPR149,Google Play,8384c8ae-decb-46cb-a0a7-0a21bb69917a,2025-09-04T04:41:30+00:00,recent,3,low,,"서울, 경기권에 집중되어 있음",https://play.google.com/store/apps/details?hl=ko&id=kr.munto.app,,,,,
GPR150,Google Play,9fbbd2c3-8a0c-4962-a892-af9e238c432e,2026-04-22T06:55:45+00:00,recent,3,low,,채팅이 불편한 점이 있긴 하지만 문토를 통해 다양한 활동을 경험할 수 있어서 좋습니다.,https://play.google.com/store/apps/details?hl=ko&id=kr.munto.app,,,,,
GPR151,Google Play,48d4a9ba-bd57-4d4d-9776-85723cea3d9d,2026-04-22T10:14:15+00:00,recent,5,high,,"잃어버린 사회성 다시 채우러 왔습니당! 사회에서 잃어버리는 인류애 여기서 좋은사람들 만나고 궁금했던, 흥미있는 활동들 하면서 다시 회복하곤 합니당 ㅎㅎ 혼자서 가기 힘든 나들이 삼삼오오 모여가니 하루 진짜 알차게 보내게되요! 버킷리스트도 하나씩 채우는 중 (패러글라이딩이랑 보컬 레슨 다녀왔어요😆) 종종 빌런도 만나지만 그마저도 재밌는 썰이네요! 오늘도 평화로운 문토ㅋㅋ 저는 이제 한강 갑니둥~",https://play.google.com/store/apps/details?hl=ko&id=kr.munto.app,,,,,
GPR152,Google Play,7539e4bd-4744-4017-99d8-e28f5dc1a91d,2026-05-18T04:16:47+00:00,recent,4,high,,탈퇴 후 재가입하려고 하니 인증번호가 오질 않습니다. 그리고 문의를 해도 답장이 안 와요.,https://play.google.com/store/apps/details?hl=ko&id=kr.munto.app,,,,,
GPR153,Google Play,d0de599a-3ce1-4ed8-aa7f-2128bc0e91de,2026-04-12T01:21:27+00:00,recent,5,high,,이 앱을 알게되어 좋으신분들을 만나 매주 주말에 운동을 하고있어요~ 건강한 취미활동을 원하시는분들 신청해보세용!,https://play.google.com/store/apps/details?hl=ko&id=kr.munto.app,,,,,
GPR154,Google Play,4d7eb368-d38d-4484-b921-b0d8557cc77f,2026-04-11T09:02:17+00:00,recent,5,high,,개인적으로 소모임 보다 깔끔하고 정상적인 사람들 만났던 거 같아요,https://play.google.com/store/apps/details?hl=ko&id=kr.munto.app,,,,,
GPR155,Google Play,a2cfbaf6-50a8-4237-af41-88374c7ce6d8,2026-04-16T11:50:43+00:00,recent,5,high,,"이전의 내가 무언가 고여서 리프래시하거나, 배우고 싶거나 잠깐의 설레임이 필요할 때, 소소한 즐거움을 느끼게 해줬던 존재였던 거 같습니다. 그 당시는 이러한 앱 자체가 낮설었으나, 지금 생각하면 저 멀리 그래도 한 때의 메모장처럼 느껴진듯한 존재. 어떻게 사용하느냐에 따라 달라지는 앱인거 같아요~",https://play.google.com/store/apps/details?hl=ko&id=kr.munto.app,,,,,
GPR156,Google Play,c7ef7b5e-a814-401e-bbc8-c4daeb4acde6,2026-04-11T11:05:23+00:00,recent,5,high,,좋아요 원래부터 독서모임이나 기타 사교모임에 관심이 있었는데 다양한 사람을 만날 수 있어서 좋은 것 같습니다,https://play.google.com/store/apps/details?hl=ko&id=kr.munto.app,,,,,
GPR157,Google Play,3b6475fc-f4c6-4572-a869-804cd8ea9221,2025-12-02T11:40:04+00:00,recent,5,high,,덕분에 1년 넘게 꾸준히 좋아하는 취미의 모임에 참여하고 있어요. 좋네요😃😃,https://play.google.com/store/apps/details?hl=ko&id=kr.munto.app,,,,,
GPR158,Google Play,6b201ff5-cebe-46a1-af99-169a463edff1,2026-04-24T14:17:34+00:00,recent,5,high,,새로운 사람들을 만나고 싶을때 자주 이용하고 있어요! 결이 맞는 사람들을 만나게 되면 정말 즐겁고 좋은 시간을 보낼 수 있었어요,https://play.google.com/store/apps/details?hl=ko&id=kr.munto.app,,,,,
GPR159,Google Play,2bc81a1c-2283-40d1-939b-65fc9e7898b3,2026-07-04T07:19:59+00:00,recent,5,high,,혼자서 할 때보다 즐거운 취미 생활! 편안하게 대화할 수 있는 모임!!! 문토 덕분에 많이 즐거운 요즘이에요~✌️☺️,https://play.google.com/store/apps/details?hl=ko&id=kr.munto.app,,,,,
GPR160,Google Play,ea35c245-e259-4108-9541-c77fb720d792,2026-04-11T14:44:20+00:00,recent,5,high,,취업을 하게 되면서 지방에서 서울로 이사오게 되었는데 지인이나 친구가 없어서 어떻게 사람들을 만날수 있을까 하다 문토라는 어플을 찾게 되었습니다. 좀 심심할 때 모임 나가서 여러 사람 만나다 보면 시간도 잘가고 재미도 있고 또 친구도 만들고 덕분에 좋은 사람들을 만나게 되어서 좋네요.,https://play.google.com/store/apps/details?hl=ko&id=kr.munto.app,,,,,
GPR161,Google Play,868b024c-ca31-42ae-a461-91f75ef0294f,2026-04-03T07:43:36+00:00,recent,4,high,,멤버 검색이 불가능해진게 아쉬워요,https://play.google.com/store/apps/details?hl=ko&id=kr.munto.app,,,,,
GPR162,Google Play,b653b501-ad91-49a0-bef4-eb3080a12c3d,2026-04-10T13:16:59+00:00,recent,5,high,,처음에 지인 추천해서 어플 사용해봤는데 생각보다 더 체계적이고 좋은 거 같아요!!,https://play.google.com/store/apps/details?hl=ko&id=kr.munto.app,,,,,
GPR163,Google Play,18353e82-e6e4-456d-88cd-ae84610dcfb2,2025-03-18T02:43:07+00:00,recent,5,high,,혹시 어플 설치 후 실행이 안되는데 무슨 문제일까요 ?,https://play.google.com/store/apps/details?hl=ko&id=kr.munto.app,,,,,
GPR164,Google Play,a61f86f0-accf-4372-8724-cd64c2bedbd4,2025-11-29T14:30:28+00:00,recent,5,high,,문토로 여러 활동을 하면서 일상이 더욱 즐거워졌어요. 앞으로도 좋은 모임들이 더 많이 생겼으면 좋겠어요.,https://play.google.com/store/apps/details?hl=ko&id=kr.munto.app,,,,,
GPR165,Google Play,c23917a3-e379-4f5e-b66a-e395992c8c01,2025-11-28T01:48:41+00:00,recent,4,high,,드로잉 클래스와 베이킹 클래스 등 아기자기 한 클래스들 좋아하시면 추천드립니다! 좋아하는게 뭔지 잘 파악하고 활용하시면 좋은 앱이에요!,https://play.google.com/store/apps/details?hl=ko&id=kr.munto.app,,,,,
GPR166,Google Play,bf527afb-b1f8-4311-9276-39d0c1807274,2025-07-30T00:45:09+00:00,recent,4,high,,전반적으로 좋습니다. 다만 결재내역을 지울 수 있었으면 합니다. 결재내역을 지울 수 없다면 프립처럼 탈퇴로 개인정보 삭제 후 재가입이 좀더 원활했으면 합니다. 현재는 탈퇴 후 30일이 무조건 지나야 해서요 개선된다면 별 5개로 바로 바꾸겠습니다. === 25.07.30 === 별 2개에서 4개로 변경했습니다. 추후에 개선할 수 있으면 해주세요,https://play.google.com/store/apps/details?hl=ko&id=kr.munto.app,,,,,
GPR167,Google Play,6867eb9f-9dec-44a8-938b-3f3f0e215bc8,2025-12-06T09:22:01+00:00,recent,5,high,,이벤트겸 참석하게 되었습니다! 전반적으로 정말 모임에 있어서 좋은 어플이고 정말 추천드려요 1.장점 : 다양한 모임에 사람들을 만날 수 있다. 그리고 호스트님이 꾸준하게 책임지고 관리하는 부분이 좋다. 얼리버드 혜택으로 확실히 미리 준비하는 사람에게 혜택이 있다. 이후 평점관리를 하는데 피드백이 반영되어 시스템이 개선된다. 2.개선필요점 : 가끔씩 모임을 많이 참여하다보면 중복되게 만날 수 있는 경우가 있는데 사전에 확인할 수 있는 부분이 보강되면 좋겠다.,https://play.google.com/store/apps/details?hl=ko&id=kr.munto.app,,,,,
GPR168,Google Play,39353040-bcdf-483d-8aef-0964fbde2a29,2025-11-27T11:37:34+00:00,recent,5,high,,"소모임, 당근, 오픈채팅 수많은 모임들을 나가봤지만 이런 어플은 없었습니다.. 문토 소셜링에서 친해진 친구들이 취미생활과 결이 잘 맞아서 오히려 학창시절 친구들보다자주 봐요😂 솔직히 저만 알고 싶어서 친구들에게 알려주고 싶지 않은 어플이에요(진심..) 재테크, 문화생활 등 정말 다양한 종류의 소셜링들이 있어서 알찬 주말 혹은 퇴근 시간을 보낼 수 있어요🤓 딱 한가지 아쉬운 점은 제가 스무살 때 이 어플이 있었더라면 더 재밌고 풍족한 인생이 되지 않을까 싶어요 ! 이런 어플 만들어주셔서 감사할 따름,, 앞으로도 알차게 잘 이용할게요~!💖❣️ ps. 덕분에 취향인연도 잘 이용중입니다><",https://play.google.com/store/apps/details?hl=ko&id=kr.munto.app,,,,,
GPR169,Google Play,e6598944-0fbd-4bb4-bc5c-5af993a7e013,2026-04-11T07:36:03+00:00,recent,5,high,,"문토 통해 다양한 모임을 여러 번 참여해봤는데, 전반적으로 정말 만족스러운 경험이었어요. 부담 없이 가볍게 밥 한 끼 같이 하는 모임부터, 한강에서 카약을 타는 액티비티, 그리고 다양한 원데이 클래스까지 직접 경험해보면서 일상에서는 쉽게 해보지 못했던 것들을 자연스럽게 접할 수 있었어요. 처음에는 낯설기도 했지만, 비슷한 관심사를 가진 사람들과 만나 대화하고 시간을 보내다 보니 금방 편해지더라고요. 특히 좋았던 점은 단순히 사람을 만나는 것을 넘어서, 새로운 경험을 통해 나 자신을 더 알아가는 시간을 가질 수 있었다는 거예요. 바쁘게 반복되는 일상 속에서 잠깐 벗어나, 나에게 집중할 수 있는 여유를 만들어준 느낌이었습니다. 가볍게 시작했다가 생각보다 더 의미 있는 시간들을 많이 보내게 된 것 같아요. 새로운 사람, 새로운 경험, 그리고 나를 돌아볼 수 있는 시간을 찾고 있는 분들께 추천하고 싶어요 🙂",https://play.google.com/store/apps/details?hl=ko&id=kr.munto.app,,,,,
GPR170,Google Play,3da30c22-2ded-4bfa-b1b3-c43b1c98bbca,2026-04-23T08:22:28+00:00,recent,5,high,,취미와 여러 사람들과 어울릴 기회가 있어 좋았어요^^,https://play.google.com/store/apps/details?hl=ko&id=kr.munto.app,,,,,
GPR171,Google Play,770962db-2fe6-4ed1-a5e2-9941cc2f1a2a,2025-11-30T06:59:41+00:00,recent,4,high,,"안녕하세요 이벤트 때문에 리뷰 남깁니다. 1. 장점 - 다양성/술 모임이 많은 건 맞지만 사실 다른 모임에 비교해보면 꽤 다양한 모임이 있는 건 사실 같아요. 저 같은 경우에는 #비건 #더나은세상을만들고싶어요 를 거는데 이게 앱 자체에 있다는 지점에서 다른 앱과 차별화되는 지점 같습니다. 2. 장점 - UI/모임 특색이 한눈에 보이고 인기 모임의 글을 보기 편해서 좋아요. 3. 단점 - 스팸/한 모임 뒤로 스팸 및 과도한 플러팅이 DM으로 쏟아지고 있습니다. 디엠 필터 기능이 있으면 좋겠어요. 4. 제안 유료 소셜링인 걸 알지만 모임비 지원, 소액 모임이 생겨야 앱 유저들의 분위기가 변질되지 않고 오래갈 듯합니다. 문토에서 처음 알게 된 건요, 제가 처음 보는 분들과 농담이나 게임도 즐겁게 나눌 수 있다는 거예요. 혼성 모임이 많이 유해하지 않다는 것도 배웠고요. 그곳에서 만난 분들과 여전히 교류 중! 최근에는 거기서 뵌 사진작가님께 사진을 배우고 있어요. 한 해 동안 즐겁게 썼어요",https://play.google.com/store/apps/details?hl=ko&id=kr.munto.app,,,,,
GPR172,Google Play,b4a1e061-7fb5-4c60-8eaa-d613297fb9d3,2026-04-10T13:07:19+00:00,recent,5,high,,"문토 어플 추천 받아서 다운해봤는데 생각보다 주제도 많구 재밌는 모임들이 많아서 좋아요 공통 관심사 기반이라 처음 보는 사람이어도 대화가 어색하지 않은 점이 좋았습니다. 취향 비슷한 사람들끼리 모이다 보니 공감대 형성도 자연스럽게 되는 느낌이에요. 가볍게 참여해도 부담 없고, 이야기 나누다 보면 시간 가는 줄 모르겠더라고요. 새로운 사람 만나고 싶을 때 부담 없이 쓰기 좋은 앱이라구 생각해요 ㅎㅎ",https://play.google.com/store/apps/details?hl=ko&id=kr.munto.app,,,,,
GPR173,Google Play,9d3c7d90-2611-4418-9df6-69a6227f917d,2025-12-08T07:40:57+00:00,recent,5,high,,"다양한 분들과 다양한 활동들이 많아서 좋아요! 날짜, 주제별로 선택해서 추천받을 수 있으니까 참여하기도 수월합니다!",https://play.google.com/store/apps/details?hl=ko&id=kr.munto.app,,,,,
GPR174,Google Play,c428dbfe-5850-4342-9dae-a98c07c8d6f9,2025-07-20T14:07:54+00:00,recent,5,high,,경험을 토대로 좋습니다 화이팅 😊,https://play.google.com/store/apps/details?hl=ko&id=kr.munto.app,,,,,
GPR175,Google Play,d16f5cd2-dc83-4234-8962-73b4a562f72c,2026-06-13T23:24:54+00:00,recent,5,high,,소셜링의 다양한 참여 기회 제공,https://play.google.com/store/apps/details?hl=ko&id=kr.munto.app,,,,,
GPR176,Google Play,403f0651-161a-417d-9d36-acd9ab2c8df7,2026-04-13T04:15:09+00:00,recent,4,high,,다양한 경험들을 할 수 있어서 좋았어요 ㅎㅎ,https://play.google.com/store/apps/details?hl=ko&id=kr.munto.app,,,,,
GPR177,Google Play,5ec098a6-9f4e-4456-97de-ae3a8ef55fbe,2025-11-10T07:43:45+00:00,recent,5,high,,최고의 소모임,https://play.google.com/store/apps/details?hl=ko&id=kr.munto.app,,,,,
GPR178,Google Play,c6152b90-4601-4caf-8173-00d405209a8b,2025-11-27T23:46:23+00:00,recent,5,high,,문토 어플을 통해 다양항 사람들을 만나서 즐거운 활동을 할 수 있어 좋았습니다. 앞으로도 계속 이용할 것 같아요,https://play.google.com/store/apps/details?hl=ko&id=kr.munto.app,,,,,
GPR179,Google Play,a5446aaf-cd0d-43ed-9645-d75ecbbd1f4d,2026-04-16T12:21:49+00:00,recent,5,high,,다양한 경험을 쌓게 도움을 주는 플랫폼이어서 좋아요!,https://play.google.com/store/apps/details?hl=ko&id=kr.munto.app,,,,,
GPR180,Google Play,b1f16084-4d73-4cfb-86a6-e2009e7beefa,2025-12-11T14:15:24+00:00,recent,4,high,,처음 깔고 아직 모임에 안가봐서 어떨지는 모르겠어요 그래서 별1개 뺐어요 문토 앱 자체는 간편하고 쉽게 볼수 있어 좋은것같아요 담에는 모임까지하고 후기 남길게요,https://play.google.com/store/apps/details?hl=ko&id=kr.munto.app,,,,,
