review_id,rating,review_date,sample_group,screening_status,exclusion_reason,generated_card_count,ai_review_required
357b40a5-20de-447e-adbf-25e7d2e14a02,1,2026-07-18,1-3점,included,,2,Y
86e5dfe1-1240-43ea-99a3-bcba6eca0dfe,1,2026-07-17,1-3점,included,,1,Y
ce5762be-e613-4f41-9141-8164afb917cb,1,2026-07-15,1-3점,included,,1,Y
ef94cc17-cf9f-4c9d-be2f-221ceb1c6886,1,2026-07-13,1-3점,included,,1,Y
966cc98c-4f06-4873-912d-4b1944f36eb1,2,2026-07-11,1-3점,included,,1,Y
e7a8f75f-fb2d-4db0-945c-eb7e903c6da1,3,2026-07-01,1-3점,included,,1,Y
15495d89-25b1-45b7-8bde-c40ca69096bb,1,2026-07-01,1-3점,excluded,구체적인 상황·신호·행동이 없는 단문,0,Y
20071773-0802-4d17-b2ff-1f283d43616a,1,2026-06-15,1-3점,included,,2,Y
d42e4ae1-c8dc-451e-8162-58759d03eaff,1,2026-06-03,1-3점,included,,1,Y
5d66fe74-1221-4367-a01a-dce8e780f231,3,2026-06-03,1-3점,included,,1,Y
c915571a-d7a5-4431-8d4f-aad3717f2196,1,2026-05-24,1-3점,excluded,구체적인 상황·신호·행동이 없는 단문,0,Y
84c2c886-b7b8-463f-b76b-fbc15cf889d2,1,2026-05-11,1-3점,included,,2,Y
bdfb6984-d25c-4c0d-a6c0-fcbc870ebc09,1,2026-05-09,1-3점,included,,6,Y
437fd92e-947f-4f03-ab2e-9792a69954ab,1,2026-05-07,1-3점,included,,2,Y
9fbbd2c3-8a0c-4962-a892-af9e238c432e,3,2026-04-22,1-3점,included,,2,Y
be6e9fe4-3c14-4fd9-ae8c-2940fddbf847,2,2026-04-22,1-3점,included,,5,Y
abbabdd2-1ce9-4a0e-9317-63d42e112ef1,1,2026-04-17,1-3점,excluded,구체적인 상황·신호·행동이 없는 단문,0,Y
500b765c-7ed0-43b1-8fb3-ca03c104f852,1,2026-04-16,1-3점,included,,1,Y
9f292b02-4147-48f1-91d6-03623fef4a93,1,2026-04-12,1-3점,included,,4,Y
7db89d06-fbfc-4a77-9257-7c1e53f2c097,3,2026-03-24,1-3점,included,,1,Y
02ade739-1735-4cff-92d5-faf94155b012,1,2026-03-18,1-3점,included,,5,Y
6bacec1e-111c-4e73-8874-061ca0ec22d7,1,2026-03-03,1-3점,included,,2,Y
a598739b-77aa-46f0-8564-ef34ebbf4663,1,2026-02-21,1-3점,included,,2,Y
2f485d64-e5fb-43dc-a04d-f163fc332e2e,1,2026-02-14,1-3점,included,,2,Y
9a7ac466-3755-43ce-830a-3575b5224557,1,2026-02-12,1-3점,included,,3,Y
7045eec6-4367-4ed5-9ca8-2cb78d202abd,2,2026-02-12,1-3점,included,,1,Y
ea2624ce-8b08-48c4-a874-52fe0d1d5778,1,2026-02-02,1-3점,included,,2,Y
c57ac06b-ab4f-4f2c-b8fd-c6be479a8cf9,3,2026-02-01,1-3점,included,,1,Y
7d86394a-3fe2-4371-b1df-c281b4fea91a,3,2026-01-23,1-3점,included,,1,Y
6acc62f3-cd27-448f-9f45-2523396e579c,3,2026-01-22,1-3점,included,,1,Y
d3f455cc-d5af-47ba-b827-3b8327b4eec0,1,2026-01-07,1-3점,included,,1,Y
54253b55-b286-4349-835d-80f2363d5116,2,2026-01-04,1-3점,included,,4,Y
0f0c0b8e-889f-457f-b057-c7889c66226a,1,2026-01-03,1-3점,included,,1,Y
5ea12bb6-f063-478b-9c33-46b3d3079e84,2,2026-01-01,1-3점,included,,1,Y
36cbffe9-efe8-4790-a174-2d28add8e241,1,2025-12-28,1-3점,included,,1,Y
21a01e53-8875-4a7b-9b87-d80ac7f1cc8a,1,2025-12-27,1-3점,included,,2,Y
436f3788-e491-43b6-a2ff-a95c2a8465c0,1,2025-12-20,1-3점,included,,1,Y
ca575d96-1326-496a-9fae-032b410468af,3,2025-11-28,1-3점,included,,3,Y
9129de67-966d-4cb5-a00a-ffb642e7319d,1,2025-11-27,1-3점,included,,4,Y
46e64ea5-92c9-4650-a007-ae28bf30dcd1,2,2025-11-19,1-3점,included,,2,Y
47b54b84-d6a2-4099-9b43-72ca89c27fd1,1,2025-11-16,1-3점,included,,3,Y
09c336dc-e261-4232-90c4-27be6e7ab4af,1,2025-11-12,1-3점,included,,2,Y
7e92c376-c67f-4936-8e8b-1cf56174039e,1,2025-11-07,1-3점,included,,1,Y
80f369de-4ab7-41db-bfcb-fba08adb5bc3,1,2025-11-04,1-3점,included,,6,Y
872d3faa-ae10-4dc3-bfb2-4cb7a37b6e61,3,2025-11-03,1-3점,included,,1,Y
12eefb59-380f-4db5-b5cf-eee5b4e65c61,1,2025-10-29,1-3점,included,,1,Y
936c3080-ceca-47ca-9bce-745e27ca3bd4,1,2025-10-21,1-3점,included,,2,Y
efd4ce94-11df-404f-8211-ca3579f5f219,1,2025-10-17,1-3점,included,,2,Y
98c3a6df-4ee1-419d-876b-d7965ad09947,1,2025-10-14,1-3점,included,,1,Y
38bb76c8-ab63-43c4-9e37-08a3d1886e59,1,2025-10-02,1-3점,included,,1,Y
2bc81a1c-2283-40d1-939b-65fc9e7898b3,5,2026-07-04,4-5점_반례,included,,1,Y
d16f5cd2-dc83-4234-8962-73b4a562f72c,5,2026-06-13,4-5점_반례,included,,1,Y
7539e4bd-4744-4017-99d8-e28f5dc1a91d,4,2026-05-18,4-5점_반례,included,,2,Y
a764c76a-6f22-41ee-9fe7-3565ced6f675,5,2026-04-28,4-5점_반례,included,,1,Y
f464a544-d6bf-401e-908e-6124f680306c,5,2026-04-27,4-5점_반례,included,,1,Y
7eb6ef19-6054-477f-832d-62b04beddd01,5,2026-04-27,4-5점_반례,included,,1,Y
6b201ff5-cebe-46a1-af99-169a463edff1,5,2026-04-24,4-5점_반례,included,,1,Y
3da30c22-2ded-4bfa-b1b3-c43b1c98bbca,5,2026-04-23,4-5점_반례,included,,1,Y
0b508548-8d19-46b4-b8bf-dfaf1bf9028b,5,2026-04-23,4-5점_반례,included,,1,Y
48d4a9ba-bd57-4d4d-9776-85723cea3d9d,5,2026-04-22,4-5점_반례,included,,1,Y
e7018487-c171-48cd-9bbc-5fd64b6134a6,5,2026-04-22,4-5점_반례,included,,1,Y
a5446aaf-cd0d-43ed-9645-d75ecbbd1f4d,5,2026-04-16,4-5점_반례,included,,1,Y
f3f4c9d3-f2da-4432-bb85-37bb438b1962,5,2026-04-16,4-5점_반례,included,,1,Y
a2cfbaf6-50a8-4237-af41-88374c7ce6d8,5,2026-04-16,4-5점_반례,included,,1,Y
c1642262-75e3-49cb-8cc3-c597e1fc635c,5,2026-04-16,4-5점_반례,included,,1,Y
