corpus_id,review_id,review_date_utc,month,cohort,rating,review_text,thumbs_up,app_version,source_url
CUR001,357b40a5-20de-447e-adbf-25e7d2e14a02,2026-07-18T08:02:25+00:00,2026-07,other_recent_months,1,신청한 모임 시간 다 돼가는데 승인이 안 돼서 호스트 문의하려고 했더니 문의가 안 됨 이런 경우 환불이 되는지도 모르겠음,0,,https://play.google.com/store/apps/details?hl=ko&id=kr.munto.app
CUR002,86e5dfe1-1240-43ea-99a3-bcba6eca0dfe,2026-07-17T04:41:54+00:00,2026-07,other_recent_months,1,대전권 진짜 심각합니다 전화번호 뒷자리 요구하고 항상 당일취소 당하네요 앱 사용하면서 5번정도 소셜링 신청했는데 모임 진행된적이 단 한 번도 없어요,0,7.5.3,https://play.google.com/store/apps/details?hl=ko&id=kr.munto.app
CUR003,ce5762be-e613-4f41-9141-8164afb917cb,2026-07-15T09:45:37+00:00,2026-07,other_recent_months,1,갠톡이 굉장히 늦게 오고 알림이 여러번 뜨는 등 버그가 많아요,0,7.5.3,https://play.google.com/store/apps/details?hl=ko&id=kr.munto.app
CUR004,ef94cc17-cf9f-4c9d-be2f-221ceb1c6886,2026-07-13T04:56:57+00:00,2026-07,other_recent_months,1,대형 호스트일수록 어떤사유든 한번만 신고당해도 지금보다 더 융통성 없다시피 무조건적인 서비스 이용 영원히 못하게 하고 강제탈퇴 시키는식으로 제재를 강화시켜야 될 필요가 있습니다 그래야 호스트들의 갑질이 사라집니다 호스트들끼리 자기네들 마음에 안드는 참여자 있으면 시비거리 만들어서 쫒아내고 심기 뒤틀려진 찐따취급하고 호스트들끼리 맘에 안드는 참여자에 대해 블랙리스트 공유로 모임활동 방해 등 갑질이 심해지는데 이럴수록 참여자들에 대한 보호규정은 더 강화하고 지켜줘야 될 필요가 있으며 모든 호스트들은 더 숨막힐 정도로 엄격하게 처리하고 참여자들은 더 관대하게 보호해주기 정책을 더 강화시켜야 될 필요가 큽니다,1,7.5.3,https://play.google.com/store/apps/details?hl=ko&id=kr.munto.app
CUR005,966cc98c-4f06-4873-912d-4b1944f36eb1,2026-07-11T04:02:15+00:00,2026-07,other_recent_months,2,대전권 한번 검토부탁드립니다 소셜링이 전부 다 당일파토가 나고 있으며 주회하는 사람들 대부분이 전화번호등을 요구하면서 당일파토내는 경우가 진짜 많습니다. 심지어 클럽은 방장이 하지도 않은 소셜링 한 것처럼 사진만들어서 올리구 있구요,0,7.5.3,https://play.google.com/store/apps/details?hl=ko&id=kr.munto.app
CUR006,2bc81a1c-2283-40d1-939b-65fc9e7898b3,2026-07-04T07:19:59+00:00,2026-07,other_recent_months,5,혼자서 할 때보다 즐거운 취미 생활! 편안하게 대화할 수 있는 모임!!! 문토 덕분에 많이 즐거운 요즘이에요~✌️☺️,0,7.5.1,https://play.google.com/store/apps/details?hl=ko&id=kr.munto.app
CUR007,e7a8f75f-fb2d-4db0-945c-eb7e903c6da1,2026-07-01T22:50:38+00:00,2026-07,other_recent_months,3,업댓후 만들어진 모임에 채팅이안되요 복구좀해주세요,0,,https://play.google.com/store/apps/details?hl=ko&id=kr.munto.app
CUR008,15495d89-25b1-45b7-8bde-c40ca69096bb,2026-07-01T11:44:17+00:00,2026-07,other_recent_months,1,내 소중한 시간 낭비하도록 해서 짜증남 내가 운이 없었음,1,,https://play.google.com/store/apps/details?hl=ko&id=kr.munto.app
CUR009,20071773-0802-4d17-b2ff-1f283d43616a,2026-06-15T07:23:59+00:00,2026-06,other_recent_months,1,소셜링에서 2차 요금을 호스트 개인계좌로 받는일이 많음 그게 불법임 그런경우를 몇번 목격해서 계좌이체내역 캡쳐해서 고객센터에 신고했음 그랬는데 자세한 내역을 보내라고 함 아니 뭐 소셜링 끝날때쯤에 몰래 영상이나 녹음이라도 해야됨? 여러분 2차부터는 제 개인계좌로 보내주세요 이러는거? 이런거 잡아낼 생각도 없으면서 '문토이외의 방법으로 요금 받아내면 불법'이라는 규정은 왜 존재함?,1,7.4.9,https://play.google.com/store/apps/details?hl=ko&id=kr.munto.app
CUR010,d16f5cd2-dc83-4234-8962-73b4a562f72c,2026-06-13T23:24:54+00:00,2026-06,other_recent_months,5,소셜링의 다양한 참여 기회 제공,0,7.4.9,https://play.google.com/store/apps/details?hl=ko&id=kr.munto.app
CUR011,d42e4ae1-c8dc-451e-8162-58759d03eaff,2026-06-03T06:26:47+00:00,2026-06,other_recent_months,1,"악의 적인 사용자는 전혀 필터링 하지 못하는 무능력한 운영, 여러 모임을 돌아다니며 악의적인 리뷰를 남기는 참여자에 대한 제제는 없고 오롯이 소셜링 호스트에게만 책임 전가하는 무능력하고 문제해결을 할 의지도 없는 집단",1,7.4.8,https://play.google.com/store/apps/details?hl=ko&id=kr.munto.app
CUR012,5d66fe74-1221-4367-a01a-dce8e780f231,2026-06-03T04:38:18+00:00,2026-06,other_recent_months,3,지방은 없어요...,0,7.4.8,https://play.google.com/store/apps/details?hl=ko&id=kr.munto.app
CUR013,c915571a-d7a5-4431-8d4f-aad3717f2196,2026-05-24T02:36:49+00:00,2026-05,other_recent_months,1,미사용앱,0,,https://play.google.com/store/apps/details?hl=ko&id=kr.munto.app
CUR014,7539e4bd-4744-4017-99d8-e28f5dc1a91d,2026-05-18T04:16:47+00:00,2026-05,other_recent_months,4,탈퇴 후 재가입하려고 하니 인증번호가 오질 않습니다. 그리고 문의를 해도 답장이 안 와요.,0,,https://play.google.com/store/apps/details?hl=ko&id=kr.munto.app
CUR015,84c2c886-b7b8-463f-b76b-fbc15cf889d2,2026-05-11T10:16:31+00:00,2026-05,other_recent_months,1,받은 관심 있어서 캔디 주고 열었는데 받은 관심 탭에서 왜 계속 잠겨있나요? 그리고 관심 보내기 하니까 보낸 관심 탭에서 다른 사람들은 1주일 가는데 그 사람은 하루도 안 돼서 사라지나요?,2,7.4.6,https://play.google.com/store/apps/details?hl=ko&id=kr.munto.app
CUR016,bdfb6984-d25c-4c0d-a6c0-fcbc870ebc09,2026-05-09T00:55:02+00:00,2026-05,other_recent_months,1,"여러 차례 소셜링 열면서, 아쉬웠던 부분들을 솔직히 공유드립니다. 1. 주류 소셜링만 추천/홍보해주고 나머지는 다 소리소문 없이 묻히는 구조. 추천 기준이 정확히 뭔지도 알 수 없고, 추천으로 뜨지 않으면 다른 소셜링은 찾아보기도 힘듦. 2. 인원이 1~2명 모자라서 부족한대로라도 진행하려고 하니 미달이라 진행도 못하게 하고, 수정도 안 되고, 그렇다고 다른 데서 부족한 인원 채우자니 규정 위반이라고 벌점 먹이고... 족쇄 투성이임. 3. ""결정적""으로... 운영비가 필요해 유료 소셜링을 개최하면, 수수료를 무려 🌟20%🌟나 떼감... 😂 그러다보니 예전엔 재밌고 독특한 소셜링도 많았는데, 요즘은 보이는 게 로테이션 소개팅이나 부담스런 파티밖엔 없더라고요. 기획 좋았던 분들은 대부분 넷플연가나 비슷한 다른 모임으로 떠나고... 문토 통해서 소셜링 열 계획 있으셨던 분들은.. 신중히 생각해보시기 바랍니다 😂",18,7.4.5,https://play.google.com/store/apps/details?hl=ko&id=kr.munto.app
CUR017,437fd92e-947f-4f03-ab2e-9792a69954ab,2026-05-07T22:02:03+00:00,2026-05,other_recent_months,1,프로필 편집할때 사진 한번 누르면 안지워지고 영구적으로 남김 쓰레기같애 개인정보보호는 전혀없음,1,7.4.5,https://play.google.com/store/apps/details?hl=ko&id=kr.munto.app
CUR018,a764c76a-6f22-41ee-9fe7-3565ced6f675,2026-04-28T02:23:17+00:00,2026-04,april_2026_burst,5,문토를 많이 이용해본 결과 다양한 사람들과 함께 어울리며 취미생활을 공유하고 이런 자리를 만들어주시는 호스트님들께 감사하다고 생각했습니다 돈으로도 못구매하는 값진 경험 많이 하고 좋은 사람들 많이 얻어갑니다,1,7.4.4,https://play.google.com/store/apps/details?hl=ko&id=kr.munto.app
CUR019,f464a544-d6bf-401e-908e-6124f680306c,2026-04-27T20:13:40+00:00,2026-04,april_2026_burst,5,문토 덕분에 취미생활을 더욱 재밌고 보람있게 보낼수있어서 좋아요. 감사합니다,0,7.4.4,https://play.google.com/store/apps/details?hl=ko&id=kr.munto.app
CUR020,7eb6ef19-6054-477f-832d-62b04beddd01,2026-04-27T07:01:51+00:00,2026-04,april_2026_burst,5,"깔끔한 인터페이스, 다채로운 소셜링의 장! 문토 덕분에 일상이 훨씬 풍요로워졌습니다. ​ ​단순한 친밀감 형성을 넘어 독서, 등산, 러닝, 맛집 탐방 등 나와 취향이 꼭 맞는 사람들과 깊이 있는 소통을 할 수 있다는 점이 이 앱의 가장 큰 장점입니다. 특히 가볍게 참여할 수 있는 1회성 소셜링부터 꾸준히 만나는 정기 모임까지 선택의 폭이 넓어, 각자의 라이프스타일과 일정에 맞춰 부담 없이 즐길 수 있습니다. ​또한, 누구든 자신의 관심사로 쉽게 모임을 개설하고 호스트가 될 수 있는 시스템도 매력적입니다. 참여자들의 매너 온도나 후기를 미리 확인할 수 있어 안심하고 새로운 만남을 가질 수 있었습니다.",0,,https://play.google.com/store/apps/details?hl=ko&id=kr.munto.app
CUR021,6b201ff5-cebe-46a1-af99-169a463edff1,2026-04-24T14:17:34+00:00,2026-04,april_2026_burst,5,새로운 사람들을 만나고 싶을때 자주 이용하고 있어요! 결이 맞는 사람들을 만나게 되면 정말 즐겁고 좋은 시간을 보낼 수 있었어요,0,7.4.4,https://play.google.com/store/apps/details?hl=ko&id=kr.munto.app
CUR022,3da30c22-2ded-4bfa-b1b3-c43b1c98bbca,2026-04-23T08:22:28+00:00,2026-04,april_2026_burst,5,취미와 여러 사람들과 어울릴 기회가 있어 좋았어요^^,0,7.4.4,https://play.google.com/store/apps/details?hl=ko&id=kr.munto.app
CUR023,0b508548-8d19-46b4-b8bf-dfaf1bf9028b,2026-04-23T02:35:34+00:00,2026-04,april_2026_burst,5,지인 추천으로 가입해봤는데 너무 좋나요 타지에서 무료했는데 덕분에 사람들도 많이 만나고 좋네요!,0,7.4.4,https://play.google.com/store/apps/details?hl=ko&id=kr.munto.app
CUR024,48d4a9ba-bd57-4d4d-9776-85723cea3d9d,2026-04-22T10:14:15+00:00,2026-04,april_2026_burst,5,"잃어버린 사회성 다시 채우러 왔습니당! 사회에서 잃어버리는 인류애 여기서 좋은사람들 만나고 궁금했던, 흥미있는 활동들 하면서 다시 회복하곤 합니당 ㅎㅎ 혼자서 가기 힘든 나들이 삼삼오오 모여가니 하루 진짜 알차게 보내게되요! 버킷리스트도 하나씩 채우는 중 (패러글라이딩이랑 보컬 레슨 다녀왔어요😆) 종종 빌런도 만나지만 그마저도 재밌는 썰이네요! 오늘도 평화로운 문토ㅋㅋ 저는 이제 한강 갑니둥~",0,7.4.4,https://play.google.com/store/apps/details?hl=ko&id=kr.munto.app
CUR025,e7018487-c171-48cd-9bbc-5fd64b6134a6,2026-04-22T09:02:07+00:00,2026-04,april_2026_burst,5,문토 통해서 좋은 모임을 만들고 좋은 사람들과 취미를 공유하며 활동할 수 있어서 너무 좋습니다 애용하는 모임 앱으로서 많은 분들에게 추천드려요:),0,7.4.4,https://play.google.com/store/apps/details?hl=ko&id=kr.munto.app
CUR026,9fbbd2c3-8a0c-4962-a892-af9e238c432e,2026-04-22T06:55:45+00:00,2026-04,april_2026_burst,3,채팅이 불편한 점이 있긴 하지만 문토를 통해 다양한 활동을 경험할 수 있어서 좋습니다.,0,7.4.2,https://play.google.com/store/apps/details?hl=ko&id=kr.munto.app
CUR027,be6e9fe4-3c14-4fd9-ae8c-2940fddbf847,2026-04-22T01:53:24+00:00,2026-04,april_2026_burst,2,"술파티, 소개팅만 남음. 몇 년전부터 이용하면서 다양한 모임 활동을 잘 즐겼는데 최근에 다시 들어가보니 술파티, 소개팅만 남고 다른 참신한 모임들은 다 전멸했더군요. 그마저도 지인들끼리 별점 돌려막기, 무료로 여자 게스트 초대하고 남자들이 비용 부담하는 구조였습니다. 왜이렇게 됐나 찾아보니, 별점 몰아주기에 대한 제재는 없으면서 이상한 이유로 소셜링 호스트에 대한 제재는 쏟아지더라구요. 이런 상황에서 열정을 갖고 다양한 소셜링을 주최하는 호스트가 있을까요? 그냥 술만 퍼주고 바짝 벌고 빠지는, 떳다방식 소셜링만 남은건 당연한 것 같습니다.",5,7.4.4,https://play.google.com/store/apps/details?hl=ko&id=kr.munto.app
CUR028,abbabdd2-1ce9-4a0e-9317-63d42e112ef1,2026-04-17T12:01:33+00:00,2026-04,april_2026_burst,1,사람이 별로임,0,,https://play.google.com/store/apps/details?hl=ko&id=kr.munto.app
CUR029,a5446aaf-cd0d-43ed-9645-d75ecbbd1f4d,2026-04-16T12:21:49+00:00,2026-04,april_2026_burst,5,다양한 경험을 쌓게 도움을 주는 플랫폼이어서 좋아요!,0,,https://play.google.com/store/apps/details?hl=ko&id=kr.munto.app
CUR030,f3f4c9d3-f2da-4432-bb85-37bb438b1962,2026-04-16T11:59:00+00:00,2026-04,april_2026_burst,5,처음 소모임을 통해서 만나고자 제미나이 추천을 받아서 설치를 하였는데요. 수도권이 아닌 지역 모임이 적은것은 아쉽지만 모임을 하면서 지루한 삶에 활력이 될 수가 있었습니다.,0,7.4.3,https://play.google.com/store/apps/details?hl=ko&id=kr.munto.app
CUR031,a2cfbaf6-50a8-4237-af41-88374c7ce6d8,2026-04-16T11:50:43+00:00,2026-04,april_2026_burst,5,"이전의 내가 무언가 고여서 리프래시하거나, 배우고 싶거나 잠깐의 설레임이 필요할 때, 소소한 즐거움을 느끼게 해줬던 존재였던 거 같습니다. 그 당시는 이러한 앱 자체가 낮설었으나, 지금 생각하면 저 멀리 그래도 한 때의 메모장처럼 느껴진듯한 존재. 어떻게 사용하느냐에 따라 달라지는 앱인거 같아요~",2,7.4.4,https://play.google.com/store/apps/details?hl=ko&id=kr.munto.app
CUR032,c1642262-75e3-49cb-8cc3-c597e1fc635c,2026-04-16T11:38:48+00:00,2026-04,april_2026_burst,5,​지인 추천으로 시작했는데 생각보다 주제가 정말 다양해서 놀랐어요! 취향이 비슷한 사람들끼리 모이니까 처음 본 사이인데도 대화가 끊이지 않더라고요. 억지로 친해지려 노력하지 않아도 자연스럽게 공감대가 형성되는 느낌이 참 좋습니다. 부담 없이 들러서 힐링하고 싶은 분들이라면 꼭 한번 참여해 보세요. 시간 가는 줄 모를 정도로 재밌습니다! 😊,2,7.4.4,https://play.google.com/store/apps/details?hl=ko&id=kr.munto.app
CUR033,1d1646e4-16ec-4029-9a17-33e95ed04a6f,2026-04-16T11:38:06+00:00,2026-04,april_2026_burst,5,앱이 깔끔하고 감성있어요,0,,https://play.google.com/store/apps/details?hl=ko&id=kr.munto.app
CUR034,3a105847-12a5-4421-855f-03b131b5303d,2026-04-16T11:34:19+00:00,2026-04,april_2026_burst,5,항상 잘쓰고있어요! 다양한 모임도 많고 새로운 사람들을 만나게 되서 즐거워요 :) 앞으로 더 많이 활성화되면 좋겠어요!!!! 사업 계속 승승장구하고 번창하세요옷♡♡♡,0,7.4.4,https://play.google.com/store/apps/details?hl=ko&id=kr.munto.app
CUR035,500b765c-7ed0-43b1-8fb3-ca03c104f852,2026-04-16T02:24:13+00:00,2026-04,april_2026_burst,1,"취향인연 오류가 너무 많아요 관심 표시 눌러도 화면 나갔다 돌아오면 관심 눌른게 복구 돼있고, 앱 업데이트나 삭제했다 다시 설치해도 안 고쳐지네요. 이런 오류가 너무 많으니, 관심 누르는 화면에서도 메신저할 수 있는 기능이 있으면 좋겠어요.",1,7.4.4,https://play.google.com/store/apps/details?hl=ko&id=kr.munto.app
CUR036,403f0651-161a-417d-9d36-acd9ab2c8df7,2026-04-13T04:15:09+00:00,2026-04,april_2026_burst,4,다양한 경험들을 할 수 있어서 좋았어요 ㅎㅎ,0,,https://play.google.com/store/apps/details?hl=ko&id=kr.munto.app
CUR037,7c90a30d-6c2f-43a2-b147-43e3da7c2e39,2026-04-12T10:42:23+00:00,2026-04,april_2026_burst,5,"5년째 제 취미 동반자입니다 문토로 다양한 장소에 처음보는 분들과 함께 취미생활을 누릴수있어서 좋아요. 친구와는 시간맞추기 어려울때, 취미생활 같이할 친구 찾을때 딱이에요.",0,,https://play.google.com/store/apps/details?hl=ko&id=kr.munto.app
CUR038,4bb87984-e3c3-4766-82d8-15605331467f,2026-04-12T10:00:31+00:00,2026-04,april_2026_burst,5,심심하거나 새로운 경험을 하고 싶을 때마다 어떻게 해야 할 지 무엇을 찾아 해야할 지 난감하거나 궁금하곤 했는데 문토 덕분에 이런저런 클래스나 신기한 경험들을 많이 할 수 있어 너무 좋습니다 평소 배우기 어렵거나 고민하는 것들도 쉽게 도전해볼 수 있어 여가시간이 즐거워요 감사합니다🥹❤️‍🔥,2,7.4.3,https://play.google.com/store/apps/details?hl=ko&id=kr.munto.app
CUR039,9f292b02-4147-48f1-91d6-03623fef4a93,2026-04-12T04:55:39+00:00,2026-04,april_2026_burst,1,다른모임은 좋아요. 근데 파티모임은 가지마세요. 성비 박살에 여자분들은 꽁으로 참여하는 섭외 여성들이 80%입니다. 호구 처럼 비싼돈 주고 냉동안주에 물탄 위스키 드시지 마시고 자기계발만 하세요,4,,https://play.google.com/store/apps/details?hl=ko&id=kr.munto.app
CUR040,1fbb2d3d-c53c-44e5-918d-7008d93ef90b,2026-04-12T04:03:44+00:00,2026-04,april_2026_burst,5,일회성 또는 지속성 모임이 공존하여 좋습니다. 최근 짝짓기 모임이 유독 많아져서 아쉽기도 해요. 다양한 모임이 활성화되면 좋겠습니다!,0,,https://play.google.com/store/apps/details?hl=ko&id=kr.munto.app
CUR041,838e5f50-0fc0-40f1-a244-af08f84fd4b0,2026-04-12T03:57:14+00:00,2026-04,april_2026_burst,5,문토 하면서 좋은 사람들 많이 만날수 있어서 너무 뜻깊고 즐거운 추억 많이 쌓을수 있었어요! 문토 관계자분들 문토라는 어플 만들어주셔서 진심으로 감사드립니다 🙂,0,7.4.3,https://play.google.com/store/apps/details?hl=ko&id=kr.munto.app
CUR042,d0de599a-3ce1-4ed8-aa7f-2128bc0e91de,2026-04-12T01:21:27+00:00,2026-04,april_2026_burst,5,이 앱을 알게되어 좋으신분들을 만나 매주 주말에 운동을 하고있어요~ 건강한 취미활동을 원하시는분들 신청해보세용!,0,7.4.3,https://play.google.com/store/apps/details?hl=ko&id=kr.munto.app
CUR043,34c9a0b0-5df4-4d5e-be05-e0d015ea508d,2026-04-12T01:13:31+00:00,2026-04,april_2026_burst,5,문토 거의 처음시작할때 부터 사용했는데 여러가지 활동도 많고 괜찮은거같아요~앞으로 계속 이용할거에요:),0,7.4.3,https://play.google.com/store/apps/details?hl=ko&id=kr.munto.app
CUR044,ea35c245-e259-4108-9541-c77fb720d792,2026-04-11T14:44:20+00:00,2026-04,april_2026_burst,5,취업을 하게 되면서 지방에서 서울로 이사오게 되었는데 지인이나 친구가 없어서 어떻게 사람들을 만날수 있을까 하다 문토라는 어플을 찾게 되었습니다. 좀 심심할 때 모임 나가서 여러 사람 만나다 보면 시간도 잘가고 재미도 있고 또 친구도 만들고 덕분에 좋은 사람들을 만나게 되어서 좋네요.,1,7.4.3,https://play.google.com/store/apps/details?hl=ko&id=kr.munto.app
CUR045,8be04d0d-8ba4-4ffc-b338-8db27762e030,2026-04-11T12:08:09+00:00,2026-04,april_2026_burst,5,내가좋아하는 취미생활을 함께 할수있어서 좋아요! 취향이맞는 멤버들을 만나서 대화도잘통하고 재밌어요,0,7.4.3,https://play.google.com/store/apps/details?hl=ko&id=kr.munto.app
CUR046,c7ef7b5e-a814-401e-bbc8-c4daeb4acde6,2026-04-11T11:05:23+00:00,2026-04,april_2026_burst,5,좋아요 원래부터 독서모임이나 기타 사교모임에 관심이 있었는데 다양한 사람을 만날 수 있어서 좋은 것 같습니다,0,7.4.3,https://play.google.com/store/apps/details?hl=ko&id=kr.munto.app
CUR047,4d7eb368-d38d-4484-b921-b0d8557cc77f,2026-04-11T09:02:17+00:00,2026-04,april_2026_burst,5,개인적으로 소모임 보다 깔끔하고 정상적인 사람들 만났던 거 같아요,0,7.4.3,https://play.google.com/store/apps/details?hl=ko&id=kr.munto.app
CUR048,e6598944-0fbd-4bb4-bc5c-5af993a7e013,2026-04-11T07:36:03+00:00,2026-04,april_2026_burst,5,"문토 통해 다양한 모임을 여러 번 참여해봤는데, 전반적으로 정말 만족스러운 경험이었어요. 부담 없이 가볍게 밥 한 끼 같이 하는 모임부터, 한강에서 카약을 타는 액티비티, 그리고 다양한 원데이 클래스까지 직접 경험해보면서 일상에서는 쉽게 해보지 못했던 것들을 자연스럽게 접할 수 있었어요. 처음에는 낯설기도 했지만, 비슷한 관심사를 가진 사람들과 만나 대화하고 시간을 보내다 보니 금방 편해지더라고요. 특히 좋았던 점은 단순히 사람을 만나는 것을 넘어서, 새로운 경험을 통해 나 자신을 더 알아가는 시간을 가질 수 있었다는 거예요. 바쁘게 반복되는 일상 속에서 잠깐 벗어나, 나에게 집중할 수 있는 여유를 만들어준 느낌이었습니다. 가볍게 시작했다가 생각보다 더 의미 있는 시간들을 많이 보내게 된 것 같아요. 새로운 사람, 새로운 경험, 그리고 나를 돌아볼 수 있는 시간을 찾고 있는 분들께 추천하고 싶어요 🙂",2,7.4.3,https://play.google.com/store/apps/details?hl=ko&id=kr.munto.app
CUR049,bdb61131-c76f-4652-808d-b89cdba6ab4c,2026-04-11T02:25:39+00:00,2026-04,april_2026_burst,5,좋습니다ㅎㅎ,0,7.4.3,https://play.google.com/store/apps/details?hl=ko&id=kr.munto.app
CUR050,d8ef35a1-a7a2-49cb-9773-226bd35ffecc,2026-04-11T01:52:41+00:00,2026-04,april_2026_burst,5,문토 초창기부터 사용했었는데요. 최근 업데이트 많이 되고 모임들도 많아져서 좋아요. 점점 바뀌어가고 있고 UI도 보기 편하게 깔끔해서 20-30대가 사용하기 좋은것 같아요!,1,7.4.3,https://play.google.com/store/apps/details?hl=ko&id=kr.munto.app
CUR051,4aa64b52-1812-4a02-9247-90a53184b92f,2026-04-11T01:24:03+00:00,2026-04,april_2026_burst,5,"문토를 통해서 새로운 사람들도 만나고 좋은 추억도 남길 수 있어서 좋은 것 같습니다. 덕분에 재밌는 활동들도 많이 하고, 친한 친구도 만들어서 만족스럽게 이용중입니다. 앞으로도 자주 이용할 것 같아요!",3,7.4.3,https://play.google.com/store/apps/details?hl=ko&id=kr.munto.app
CUR052,56174bf9-fc03-4970-bf9f-e6251ba9db27,2026-04-10T13:52:25+00:00,2026-04,april_2026_burst,5,좋은 인연 만났습니다,0,7.4.3,https://play.google.com/store/apps/details?hl=ko&id=kr.munto.app
CUR053,b653b501-ad91-49a0-bef4-eb3080a12c3d,2026-04-10T13:16:59+00:00,2026-04,april_2026_burst,5,처음에 지인 추천해서 어플 사용해봤는데 생각보다 더 체계적이고 좋은 거 같아요!!,0,7.4.3,https://play.google.com/store/apps/details?hl=ko&id=kr.munto.app
CUR054,b4a1e061-7fb5-4c60-8eaa-d613297fb9d3,2026-04-10T13:07:19+00:00,2026-04,april_2026_burst,5,"문토 어플 추천 받아서 다운해봤는데 생각보다 주제도 많구 재밌는 모임들이 많아서 좋아요 공통 관심사 기반이라 처음 보는 사람이어도 대화가 어색하지 않은 점이 좋았습니다. 취향 비슷한 사람들끼리 모이다 보니 공감대 형성도 자연스럽게 되는 느낌이에요. 가볍게 참여해도 부담 없고, 이야기 나누다 보면 시간 가는 줄 모르겠더라고요. 새로운 사람 만나고 싶을 때 부담 없이 쓰기 좋은 앱이라구 생각해요 ㅎㅎ",1,7.4.3,https://play.google.com/store/apps/details?hl=ko&id=kr.munto.app
CUR055,080e897f-6569-48c5-8d54-58c0d3008cea,2026-04-03T23:30:02+00:00,2026-04,april_2026_burst,5,평소에 깊은사고와 질문을 거의 안하다보니 일의 효율성도 떨어지고 밋밋한 일상을 보내고 있었는데 이번 강연을 통해 나자신을 돌아보며 부족한 점을 발견하고 개선 방향을 잡을수 있어서 좋았어요 매우 유익하고 흥미로운 시간이었습니다,0,,https://play.google.com/store/apps/details?hl=ko&id=kr.munto.app
CUR056,868b024c-ca31-42ae-a461-91f75ef0294f,2026-04-03T07:43:36+00:00,2026-04,april_2026_burst,4,멤버 검색이 불가능해진게 아쉬워요,0,7.4.2,https://play.google.com/store/apps/details?hl=ko&id=kr.munto.app
CUR057,7db89d06-fbfc-4a77-9257-7c1e53f2c097,2026-03-24T07:35:21+00:00,2026-03,other_recent_months,3,잘 사용하다가 갑자기 요즘 소셜링 알람이 안뜸. 알람 설정 확인해봤고 앱 재설치도 해봤는데 효과없음. 계속되는 취향인연 프로필 네트워크 오류.,0,7.4.1,https://play.google.com/store/apps/details?hl=ko&id=kr.munto.app
CUR058,02ade739-1735-4cff-92d5-faf94155b012,2026-03-18T07:03:17+00:00,2026-03,other_recent_months,1,"문토를 좋아했고 잘 사용했지만 몇가지 문제점이 너무 많아서 삭제 했고 꼭 개선되었으면 하는 부분이 있습니다. 1. 호스트들의 노쇼가 너무 많다. 호스트들이 벙을 열고 전날 갑자기 본인이 아프다거나 당일에 못 오는 사람이 너무 많습니다. 본인들이 소셜링을 열고 사람들이 다 시간 빼고 스케줄 빼고 그날 비웠는데 당일에 말만 전하고 노쇼하는 '호스트' 들이 너무 많습니다. 시간이 아까워요 2. 유료 소셜링중에 '호스트 수고비' 이거는 없었으면 좋겠습니다. 유료 소셜링중에 노쇼비 이런거는 이해 합니다만 호스트 수고비는 이해가 안됩니다. 다 같이 놀고 재밌게 한건데 호스트 수고비 2만원, 만오천원 받는 사람들이 있습니다. 솔직히 다 개나소나 돈 받으려고 어떻게서든 유료로 요즘은 다 전환해서 솔직히 정이 떨어지네요. 3.알림 개선 알림은 너무 올때도 있고 안 올때도 있습니다. 그래서 못 봐서 못온 사람도 있고요 취소된 경우도 많습니다. 참 애정이 간 어플이지만 두번 다시는 설치 안할게요",6,,https://play.google.com/store/apps/details?hl=ko&id=kr.munto.app
CUR059,6bacec1e-111c-4e73-8874-061ca0ec22d7,2026-03-03T00:59:22+00:00,2026-03,other_recent_months,1,이렇다할 모임도 없고 무조건 유료참여인듯함.,1,7.3.9,https://play.google.com/store/apps/details?hl=ko&id=kr.munto.app
CUR060,a598739b-77aa-46f0-8564-ef34ebbf4663,2026-02-21T09:39:52+00:00,2026-02,other_recent_months,1,"관리가 거의 안되는 신뢰할 수 없는 플랫폼 결제 완료 후 모임 측 사유(인원 마감)로 참석이 불가해졌습니다. 참여자가 자발적으로 당일 취소한 경우와, 모임 측 사유로 참석이 불가한 경우는 책임 주체가 다릅니다. 그럼에도 동일한 환불 불가 기준이 적용된다는 안내를 받았습니다. 환불이 “호스트 동의”에만 의존하는 구조는 공정하고 상식적인 기준으로 보이지 않았습니다. 플랫폼을 믿고 이용했음에도 문제가 발생하면 결국 소비자가 그 부담을 고스란히 떠안아야 하는 구조처럼 느껴졌습니다. 상담 답변도 한 시간 이상 소요되었고, 그 과정에서도 명확한 해결 방향을 제시받지 못해 실망스러웠습니다.",23,7.3.8,https://play.google.com/store/apps/details?hl=ko&id=kr.munto.app
CUR061,2f485d64-e5fb-43dc-a04d-f163fc332e2e,2026-02-14T05:42:57+00:00,2026-02,other_recent_months,1,인증번호 요청했는데 오지도 않네 신뢰가 떨어지는 어플이라더니.역시였네 대단하다 진짜,2,,https://play.google.com/store/apps/details?hl=ko&id=kr.munto.app
CUR062,9a7ac466-3755-43ce-830a-3575b5224557,2026-02-12T11:08:53+00:00,2026-02,other_recent_months,1,"!유료모임비와 취향인연에서의 사탕구매로 적어도 7만원 이상 지출한 호구의 깨달음! 유료모임은 정말 취미 비슷한 사람들 만나보고 싶어서 나가는 거면 한 번쯤 추천. 여자친구나 남자친구 만들 생각으로 시작하는 사람들이 상당할 것 같은데 본인 경험으로는 정말 예쁘거나 잘생기거나 말재간이 좋거나 흡연을 하는 거 아니면 많이 어렵다고 느낌. 마지막으로, 취향인연은 발도 들이지 말 것!!! 대부분 봇이거나 사용 안 한지 오래된 유저들도 전부 추천목록에 뜨게 만들어놔서 사탕 낭비하게 만드는 구조임...ㅠ 나처럼 피보는 사람이 없기를 진심으로 바라며... 난 너무 늦게 깨달은 듯...",5,,https://play.google.com/store/apps/details?hl=ko&id=kr.munto.app
CUR063,7045eec6-4367-4ed5-9ca8-2cb78d202abd,2026-02-12T03:09:41+00:00,2026-02,other_recent_months,2,결재라인의 오류인지 결재 마무리가 안됩니다.,0,7.3.7,https://play.google.com/store/apps/details?hl=ko&id=kr.munto.app
CUR064,b2d3c8e8-7070-497b-ada9-172f05d707dd,2026-02-10T11:20:39+00:00,2026-02,other_recent_months,5,앱을 통해 취미도 같고 좋은분들 많이 만났네요!,0,7.3.5,https://play.google.com/store/apps/details?hl=ko&id=kr.munto.app
CUR065,ea2624ce-8b08-48c4-a874-52fe0d1d5778,2026-02-02T03:54:45+00:00,2026-02,other_recent_months,1,가계정만 졸라많고 돈 벌 궁리만 하는 사람들만 많음,4,7.3.5,https://play.google.com/store/apps/details?hl=ko&id=kr.munto.app
CUR066,c57ac06b-ab4f-4f2c-b8fd-c6be479a8cf9,2026-02-01T08:03:06+00:00,2026-02,other_recent_months,3,전북전남은 머가되는게하나도읍네요,0,,https://play.google.com/store/apps/details?hl=ko&id=kr.munto.app
CUR067,7d86394a-3fe2-4371-b1df-c281b4fea91a,2026-01-23T09:20:55+00:00,2026-01,other_recent_months,3,계정정보가 안들어가져요 삭제했다가 다시 깔아도 그런데 뭐때문에 그렁거에요?,0,,https://play.google.com/store/apps/details?hl=ko&id=kr.munto.app
CUR068,6acc62f3-cd27-448f-9f45-2523396e579c,2026-01-22T06:13:48+00:00,2026-01,other_recent_months,3,카톡채널에서 환불 문의하고 아무리 기다려도 답변이 없네요. 카톡으로 문의하는게 맞을까요?? 좀 더 상세한 설명 있으면 좋을것 같습니다.,0,7.3.3,https://play.google.com/store/apps/details?hl=ko&id=kr.munto.app
CUR069,d3f455cc-d5af-47ba-b827-3b8327b4eec0,2026-01-07T05:10:59+00:00,2026-01,other_recent_months,1,보드게임 무료소셜링으로 열었다가 정지먹음...,1,7.3.0,https://play.google.com/store/apps/details?hl=ko&id=kr.munto.app
CUR070,54253b55-b286-4349-835d-80f2363d5116,2026-01-04T05:58:10+00:00,2026-01,other_recent_months,2,"5일 이상 여유있는 날짜의 모임은 없는데 한번 신청하면 3일전부터 환불불가인게 개별로에요. 고객센터는 환불원하면 호스트 동의받아오라고 하고 호스트는 어플 규정대로 3일 전까지만 환불해준다고 하고,,,독감걸려서 모임에 못나가게 됐다는데도 환불은 안된대요. 참석을 못하는데 돈은 내라니? 걍 삥뜯는거 아닌가요? 돈은 내가 냈는데 나한테만 너무 불리해요. 모임 신청할 땐 3일간 그 어떤 천재지변과 개인사정이 생기지 않도록 주의하세요~내가 죽었다고 해도 환불안해줄 어플임. 소개팅기능인 취향인연은 타 어플들보단 물이 좋은데 본인 사진인지 검증안해서 타인 사진 도용한 사람도 있고, 어플 오류도 심해요. 제가 관심 보낸 사람 중에 저한테 안뜨는 사람도 있는데 고객센터는 보낸 사람 목록에서 확인하라고만 하고. 채팅 알림와서 들어가보면 없는 채팅방이라고 뜰 때도 많아요. 어플 껐다켜야 다시 보이고. 차단한 사람 채팅방은 지워졌는데 그 사람이 보낸 채팅 알림이 계속 와요.",17,7.2.1-rc.2,https://play.google.com/store/apps/details?hl=ko&id=kr.munto.app
CUR071,0f0c0b8e-889f-457f-b057-c7889c66226a,2026-01-03T10:11:36+00:00,2026-01,other_recent_months,1,아니 취향인연 이거 프로필깔때마다 캔디소모하는건 좀 아니지않나요? 돈에 미쳤네 진짜,2,7.2.1-rc.2,https://play.google.com/store/apps/details?hl=ko&id=kr.munto.app
CUR072,5ea12bb6-f063-478b-9c33-46b3d3079e84,2026-01-01T22:20:47+00:00,2026-01,other_recent_months,2,안녕하세요 문토를 다시 설치했는데 시작 화면에서 멈춰있고 안 넘어갑니다. 어떻게 조치하면 되나요??,0,7.2.1-rc.2,https://play.google.com/store/apps/details?hl=ko&id=kr.munto.app
CUR073,36cbffe9-efe8-4790-a174-2d28add8e241,2025-12-28T08:52:26+00:00,2025-12,other_recent_months,1,어플이 안 열려요!,2,7.2.0-rc.3,https://play.google.com/store/apps/details?hl=ko&id=kr.munto.app
CUR074,21a01e53-8875-4a7b-9b87-d80ac7f1cc8a,2025-12-27T14:30:16+00:00,2025-12,other_recent_months,1,가까운 지역에 모임이 없을뿐만 아니라 회원탈퇴 과정도 복잡하게 되어 있어 비추합니다...,0,,https://play.google.com/store/apps/details?hl=ko&id=kr.munto.app
CUR075,436f3788-e491-43b6-a2ff-a95c2a8465c0,2025-12-20T03:43:14+00:00,2025-12,other_recent_months,1,결제오류 자주나는앱,1,7.1.4-hotfix.2,https://play.google.com/store/apps/details?hl=ko&id=kr.munto.app
CUR076,b1f16084-4d73-4cfb-86a6-e2009e7beefa,2025-12-11T14:15:24+00:00,2025-12,other_recent_months,4,처음 깔고 아직 모임에 안가봐서 어떨지는 모르겠어요 그래서 별1개 뺐어요 문토 앱 자체는 간편하고 쉽게 볼수 있어 좋은것같아요 담에는 모임까지하고 후기 남길게요,0,7.1.2,https://play.google.com/store/apps/details?hl=ko&id=kr.munto.app
CUR077,2296bda2-54a9-4fe7-9328-b3d06f344027,2025-12-11T12:13:27+00:00,2025-12,other_recent_months,5,만족도 조사 해달라는데 저만 탭이 안보여요 왜 안보이는비 알려주세요,0,7.1.2,https://play.google.com/store/apps/details?hl=ko&id=kr.munto.app
CUR078,517e17a3-454e-4198-914e-bc781eddcb5f,2025-12-10T04:55:46+00:00,2025-12,other_recent_months,5,앱 가입이 쉽고 시스템이 원활해서 이용하기 편리합니다~!,0,7.1.2,https://play.google.com/store/apps/details?hl=ko&id=kr.munto.app
CUR079,1ed06e08-5d46-4104-adef-216c526a38cf,2025-12-09T14:36:41+00:00,2025-12,other_recent_months,5,"유료 모임에도 나가보고 호스트 경험도 있습니다. 취향이 맞는 멤버를 만 날 수 있어서 좋아요. 너무 한쪽으로 쏠리지 않게 다양한 사람을 만날 수 있게 많은 소설링이 열릴 수 있게 애써주시면 좋겠습니다. 가볍게 계절별로, 요일별로 함께할 수 있는 모임도 있고 자기계발할 수 있는 모임도 있어서 유용해요. 제가 호스트 할 때 멤버의 솔직한 문토 경험을 들었었는데, 첫 소셜링이 굉장히 중요한 것 같더라구요. 첫 소셜링이 별로라서 이탈했다가 정말 오랜만에 왔다는 분들이 있었어요. 신규 회원에게 관심사별로, 카테고리별로 조금이라도 검증된 모임을 첫 모임으로 추천하는 게 문토에게도 좋을 거라고 생각합니다. 활발한 신규 회원 모집으로 다양한 멤버를 만날 수 있게 해주세요! 앞으로가 더 기대됩니다. 파이팅 응원해요!",6,7.1.1-rc.1,https://play.google.com/store/apps/details?hl=ko&id=kr.munto.app
CUR080,5ba1d817-80b2-4c17-a2ed-0c1571594ec3,2025-12-08T19:06:18+00:00,2025-12,other_recent_months,5,"어느덧 문토를 사용한지 3년이 넘어가네요 😀 예전보다 확실히 더 다양한 카테고리의 소셜링이 많아진 것을 느낍니다. 원데이 소셜링뿐 아니라, 문토내 다양한 클럽이 있어 취향이 맞는 분들끼리 지속적으로 볼 수 있는 기능도 있어 좋은 것 같아요. 요즘은 파티형 소셜링이 대세인지 관련 소샬링이 많이 노출되어 조금은 아쉽지만, 문토만큼 다양하고, 클린(온도 제도)한 앱은 찾기 힘든지라 어느새 제 일상이 되어버린 앱이 되었네요. 앞으로도 좋은 방향으로 흘러가 대중문화에 앞장서는 앱이 되길 바랍니다!:)",5,7.1.1-rc.1,https://play.google.com/store/apps/details?hl=ko&id=kr.munto.app
CUR081,9d3c7d90-2611-4418-9df6-69a6227f917d,2025-12-08T07:40:57+00:00,2025-12,other_recent_months,5,"다양한 분들과 다양한 활동들이 많아서 좋아요! 날짜, 주제별로 선택해서 추천받을 수 있으니까 참여하기도 수월합니다!",38,7.1.1-rc.1,https://play.google.com/store/apps/details?hl=ko&id=kr.munto.app
CUR082,6a8443aa-af57-49f1-9883-ea73ea42d1db,2025-12-08T01:32:36+00:00,2025-12,other_recent_months,5,"타지 살아서 사람만나기가 어려웠는데, 문토 어플통해서 다양한 분들이랑 취향 공유를 할수있어서 좋았어요!",0,,https://play.google.com/store/apps/details?hl=ko&id=kr.munto.app
CUR083,00cb961b-6b3b-418a-830d-ebeef7a31838,2025-12-07T11:00:23+00:00,2025-12,other_recent_months,5,"친구한테 추천받았었어요! 처음에는 긴가민가했는데 첫모임부터 너무 재밌었어요. 다른 어플을 써본적은 없지만 이어플은 진짜믿고쓰고있습니다. 처음으로 다른 친구한테 추천한 어플이에요. 원하는 요일이랑 날짜,위치로 편하게 선택가능하구 원하는 모임류만 참가하다보니 전 만족도가 매우 높아요!! 이제는 한번쯤은 제가 직접 모임열어보고 싶네요ㅎㅎ",1,7.1.1-rc.1,https://play.google.com/store/apps/details?hl=ko&id=kr.munto.app
CUR084,9964d709-79c9-489d-9d31-f939e3ffa22f,2025-12-06T16:48:34+00:00,2025-12,other_recent_months,5,문토는 심심하거나 친구 만들고 싶을때 애인 만들고 싶을 때도 이용하기 좋은 소모임 어플입니다 지방사람들은 이용하는 사람이 적어서 아쉬워서 한번 씩 서울에서 모임을 찾아 참여합니다 모임하면서 연애 이야기 관련 모임이였는데 제가 그렇게 썸이 긴지 몰랐습니다. 덕분에 알게 되어서 좋았고 연애 프로그램처럼 하는 모임은 좋은 기억이 ㅜ 그래두 다른 모임도 많으니까요 여러분도 잘 이용하셔서 좋은 추억 가져가셨으면 좋겠습니다,2,7.1.1-rc.1,https://play.google.com/store/apps/details?hl=ko&id=kr.munto.app
CUR085,6867eb9f-9dec-44a8-938b-3f3f0e215bc8,2025-12-06T09:22:01+00:00,2025-12,other_recent_months,5,이벤트겸 참석하게 되었습니다! 전반적으로 정말 모임에 있어서 좋은 어플이고 정말 추천드려요 1.장점 : 다양한 모임에 사람들을 만날 수 있다. 그리고 호스트님이 꾸준하게 책임지고 관리하는 부분이 좋다. 얼리버드 혜택으로 확실히 미리 준비하는 사람에게 혜택이 있다. 이후 평점관리를 하는데 피드백이 반영되어 시스템이 개선된다. 2.개선필요점 : 가끔씩 모임을 많이 참여하다보면 중복되게 만날 수 있는 경우가 있는데 사전에 확인할 수 있는 부분이 보강되면 좋겠다.,1,7.1.1-rc.1,https://play.google.com/store/apps/details?hl=ko&id=kr.munto.app
CUR086,efa1e1f9-6008-45bc-844a-1ccaa55dc525,2025-12-02T16:55:33+00:00,2025-12,other_recent_months,5,내 취향에 맞는 모임들을 쉽게 찾을수 있다는 것이 최대 장점인것 같습니다. 앞으로도 자주 이용하려고요~,0,7.1.1-rc.1,https://play.google.com/store/apps/details?hl=ko&id=kr.munto.app
CUR087,0a22e2c1-7141-417b-a4fe-f9f32e82254f,2025-12-02T14:25:41+00:00,2025-12,other_recent_months,4,취향인연에서 친구 수락했는데 채팅을 할 수가 없어요 ㅠㅠㅠㅠㅠㅠㅠㅠ 취향인연 친구 목록 어디에도 안보여요...,0,7.1.1-rc.1,https://play.google.com/store/apps/details?hl=ko&id=kr.munto.app
CUR088,b1126274-6b96-426e-82f9-d29a60cdd2ac,2025-12-02T13:51:12+00:00,2025-12,other_recent_months,5,"문토를 시작하면서 제일 처음 참여한 모임이 바로 ‘베이킹 클래스’였어요. 사실 오븐도 제대로 다뤄본 적 없는 완전 초보였는데, ‘나도 내가 만든 빵 냄새로 하루를 채워보고 싶다’는 마음 하나로 신청했죠. 첫 수업에서 무화과를 잘라 장식하는 순간이 있었는데, 어떻게 잘라야 할지 고민하며 손을 우왕좌왕하니까 옆자리 분이 본인꺼를 보여주며 “이 정도면 딱 좋아요!” 하고 웃어주던 그 말 한마디가 정말 힘이 됐어요. 덕분에 긴장이 풀려서 그날 만든 무화가크림치즈가 제 인생 첫 번째 ‘내 손으로 만든 케이크’가 됐고, 그 따뜻한 분위기 덕분에 베이킹이라는 취향을 진짜로 좋아하게 되었어요. 문토에서는 단순히 수업을 듣는 게 아니라, 내가 좋아하는 걸 발견하고, 그 과정에서 사람들과 자연스럽게 연결되는 경험을 할 수 있었어요. 요즘은 일상을 채우는 소소한 행복이 필요한데, 문토에서 만난 베이킹이라는 취향 덕분에 평범한 평일저녁, 주말도 특별한 하루가 되었어요. 개인적으로 너무 애정합니다^^",0,7.1.1-rc.1,https://play.google.com/store/apps/details?hl=ko&id=kr.munto.app
CUR089,3b6475fc-f4c6-4572-a869-804cd8ea9221,2025-12-02T11:40:04+00:00,2025-12,other_recent_months,5,덕분에 1년 넘게 꾸준히 좋아하는 취미의 모임에 참여하고 있어요. 좋네요😃😃,0,,https://play.google.com/store/apps/details?hl=ko&id=kr.munto.app
CUR090,6ae46e12-7cc4-4102-9831-89fa43460d4a,2025-12-02T11:36:17+00:00,2025-12,other_recent_months,5,유료소셜링이 많아진 만큼 활성화가 잘 되어 너무 좋다고 생각합니다 앞으로 더 다양한 소셜링이 생기면 좋겠습니다 하지만 취미나 사람간의 교류 로 인한 친목 위주가 아닌 소개팅 어플이 되어 가는거 같아서 좀 안타깝긴 합니다,1,7.1.0-rc.4,https://play.google.com/store/apps/details?hl=ko&id=kr.munto.app
CUR091,770962db-2fe6-4ed1-a5e2-9941cc2f1a2a,2025-11-30T06:59:41+00:00,2025-11,other_recent_months,4,"안녕하세요 이벤트 때문에 리뷰 남깁니다. 1. 장점 - 다양성/술 모임이 많은 건 맞지만 사실 다른 모임에 비교해보면 꽤 다양한 모임이 있는 건 사실 같아요. 저 같은 경우에는 #비건 #더나은세상을만들고싶어요 를 거는데 이게 앱 자체에 있다는 지점에서 다른 앱과 차별화되는 지점 같습니다. 2. 장점 - UI/모임 특색이 한눈에 보이고 인기 모임의 글을 보기 편해서 좋아요. 3. 단점 - 스팸/한 모임 뒤로 스팸 및 과도한 플러팅이 DM으로 쏟아지고 있습니다. 디엠 필터 기능이 있으면 좋겠어요. 4. 제안 유료 소셜링인 걸 알지만 모임비 지원, 소액 모임이 생겨야 앱 유저들의 분위기가 변질되지 않고 오래갈 듯합니다. 문토에서 처음 알게 된 건요, 제가 처음 보는 분들과 농담이나 게임도 즐겁게 나눌 수 있다는 거예요. 혼성 모임이 많이 유해하지 않다는 것도 배웠고요. 그곳에서 만난 분들과 여전히 교류 중! 최근에는 거기서 뵌 사진작가님께 사진을 배우고 있어요. 한 해 동안 즐겁게 썼어요",7,7.1.0-rc.4,https://play.google.com/store/apps/details?hl=ko&id=kr.munto.app
CUR092,a61f86f0-accf-4372-8724-cd64c2bedbd4,2025-11-29T14:30:28+00:00,2025-11,other_recent_months,5,문토로 여러 활동을 하면서 일상이 더욱 즐거워졌어요. 앞으로도 좋은 모임들이 더 많이 생겼으면 좋겠어요.,0,7.1.0-rc.4,https://play.google.com/store/apps/details?hl=ko&id=kr.munto.app
CUR093,4695788a-dcc1-4f87-b5a7-c76241f05175,2025-11-29T12:03:12+00:00,2025-11,other_recent_months,5,여기는 모임하면서 새로운 사람 만나기 좋아요 전 연애도 찐친도 여기서 만났어요. 친구들은 4년째 만남 이어가고 발이 넓어 지는 것 같아 좋아요.,0,7.1.0-rc.4,https://play.google.com/store/apps/details?hl=ko&id=kr.munto.app
CUR094,ca575d96-1326-496a-9fae-032b410468af,2025-11-28T11:21:00+00:00,2025-11,other_recent_months,3,문토로 파티나 술모임 가시는분들 아셔야할것이 있습니다. 네 알바있습니다. 참석합니다. 어딘지 누군지는 의미가없습니다. 알바에 성별은 여자만 해당됩니다. 물론 엄청난 존잘이거나 인지도가 높은남자분이면 무료초대도 하겠지만..술모임 거기서 거기입니다 친목 동호회나 친목모임보단 덜 빡세지만 그래도 자주가는건 비추합니다.,7,7.0.4-rc.2,https://play.google.com/store/apps/details?hl=ko&id=kr.munto.app
CUR095,c259de67-e37c-410a-9874-46d937af0752,2025-11-28T02:08:34+00:00,2025-11,other_recent_months,5,모임 플랫폼 중에서 접근성이 좋고 신청 절차가 간단해서 자주 사용하는 것 같습니다 어느새 모임으로만 300회가 넘는 3년이란 시간이 흘렀네요! 다만 게스트에게 캐시백 같은 혜택 같은 것들이 좀 있었으면 합니다.,0,7.1.0-rc.4,https://play.google.com/store/apps/details?hl=ko&id=kr.munto.app
CUR096,c23917a3-e379-4f5e-b66a-e395992c8c01,2025-11-28T01:48:41+00:00,2025-11,other_recent_months,4,드로잉 클래스와 베이킹 클래스 등 아기자기 한 클래스들 좋아하시면 추천드립니다! 좋아하는게 뭔지 잘 파악하고 활용하시면 좋은 앱이에요!,0,7.1.0-rc.4,https://play.google.com/store/apps/details?hl=ko&id=kr.munto.app
CUR097,c6152b90-4601-4caf-8173-00d405209a8b,2025-11-27T23:46:23+00:00,2025-11,other_recent_months,5,문토 어플을 통해 다양항 사람들을 만나서 즐거운 활동을 할 수 있어 좋았습니다. 앞으로도 계속 이용할 것 같아요,0,7.1.0-rc.4,https://play.google.com/store/apps/details?hl=ko&id=kr.munto.app
CUR098,39353040-bcdf-483d-8aef-0964fbde2a29,2025-11-27T11:37:34+00:00,2025-11,other_recent_months,5,"소모임, 당근, 오픈채팅 수많은 모임들을 나가봤지만 이런 어플은 없었습니다.. 문토 소셜링에서 친해진 친구들이 취미생활과 결이 잘 맞아서 오히려 학창시절 친구들보다자주 봐요😂 솔직히 저만 알고 싶어서 친구들에게 알려주고 싶지 않은 어플이에요(진심..) 재테크, 문화생활 등 정말 다양한 종류의 소셜링들이 있어서 알찬 주말 혹은 퇴근 시간을 보낼 수 있어요🤓 딱 한가지 아쉬운 점은 제가 스무살 때 이 어플이 있었더라면 더 재밌고 풍족한 인생이 되지 않을까 싶어요 ! 이런 어플 만들어주셔서 감사할 따름,, 앞으로도 알차게 잘 이용할게요~!💖❣️ ps. 덕분에 취향인연도 잘 이용중입니다><",3,7.1.0-rc.4,https://play.google.com/store/apps/details?hl=ko&id=kr.munto.app
CUR099,9129de67-966d-4cb5-a00a-ffb642e7319d,2025-11-27T06:07:46+00:00,2025-11,other_recent_months,1,"고객센터 운영시간 중에 연락해도 몇 시간이나 답변 안오는 일이 잦고 아예 안읽고 다음날로 넘기는 날도 있어요ㅠ 너무 답답해요. 그리고 최근에 취향인연이라는게 오픈해서 기대했는데 보니까 다른 소개팅어플처럼 하루에 몇 명 프로필 주고 매칭해주고 프로필 더 보려면 결제하고 이런 거더라고요;; 문토 가이드에 1대1매칭 금지라고 되어있고, 소개팅 어플이 되지 않겠다고 여기 플레이스토어 리뷰에 답글도 다셨던데,, 본인들이 직접 소개팅 어플처럼 운영하시니까 이용자 입장에서는 이게 뭔가 싶네요. 여러 분야 모임들 구경하는 재미로 들어갔던건데 아예 온라인소개팅 매칭 어플로 가버리니 좀 안타깝습니다. 그리고 호스트 리뷰보고 가세요. 수준 이하의 인성으로 운영하는 호스트, 참여자 돈으로 술먹고 지인들 불러 놀려고 모임 여는 호스트, 여기저기서 모객해와서 참여자마다 다 참여비가 다른 모임들,, 제발 당하지 마세요.",9,,https://play.google.com/store/apps/details?hl=ko&id=kr.munto.app
CUR100,46e64ea5-92c9-4650-a007-ae28bf30dcd1,2025-11-19T14:46:46+00:00,2025-11,other_recent_months,2,"아직 개선되지않고있는데 소셜링에서 책정하는 ""호스트수고비""는 대체 무슨 명목으로 뜯어가는지 모르겠습니다. 그리고 노쇼방지비? 는 돌려주는건지 이런 것도 금액적으로 호스트들 장난하는것도 아니고 그냥 돈장난하는 것 같습니다",4,7.0.6-hotfix.1,https://play.google.com/store/apps/details?hl=ko&id=kr.munto.app
CUR101,47b54b84-d6a2-4099-9b43-72ca89c27fd1,2025-11-16T03:51:09+00:00,2025-11,other_recent_months,1,회원 탈퇴를 앱에서만 가능하게 해둬 불편함. 오랫동안 서비스 안쓴사이 소개팅앱이 되버려 탈퇴하려고 간만에 로그인했는데 앱을 받아야만 탈퇴가 되다니.. 참 마지막까지 이상한 서비스.,0,7.0.5-rc.1,https://play.google.com/store/apps/details?hl=ko&id=kr.munto.app
CUR102,09c336dc-e261-4232-90c4-27be6e7ab4af,2025-11-12T10:53:38+00:00,2025-11,other_recent_months,1,파티나 모임은 절대 가지말기를 추천. 파티 참석율 70%가 호스트들이고 처음오는 사람들은 당황스러운 경험을 하게 될거임. 여기 시스템이 참 안좋은게 파티 당일 3일 전까지 환불 자체를 안해줌. 이게 호스트들끼리 본인들만의 파티를 할수 있게하는 가장 큰 이유인거 같음. 아무것도 모르고 참여하는 사람들은 그냥 모르는 사람들 꽁술 사주는 시스템임.,3,7.0.5-rc.1,https://play.google.com/store/apps/details?hl=ko&id=kr.munto.app
CUR103,5ec098a6-9f4e-4456-97de-ae3a8ef55fbe,2025-11-10T07:43:45+00:00,2025-11,other_recent_months,5,최고의 소모임,0,7.0.4-rc.2,https://play.google.com/store/apps/details?hl=ko&id=kr.munto.app
CUR104,7e92c376-c67f-4936-8e8b-1cf56174039e,2025-11-07T07:27:58+00:00,2025-11,other_recent_months,1,강제업데이트좀안되게해라잉,0,6.2.8-rc.1,https://play.google.com/store/apps/details?hl=ko&id=kr.munto.app
CUR105,80f369de-4ab7-41db-bfcb-fba08adb5bc3,2025-11-04T02:13:01+00:00,2025-11,other_recent_months,1,"1.소개팅 술모임이지 이게무슨 취향이같은친구를 찾는모임어플인가 싶을정도로 변질됨 2.돈벌어야되는건 알겠지만 1번으로느껴지게 죄다비싼 술모임만 윗쪽에 편성해놔서 일부 진짜.취지에맞는소셜링은 찾으려면 바닷가에서 진주찾기수준 3.1,2의 이유로 유져가 이탈하는데,딱히 신규모집 의지도안보이고, 만났던사람끼리만 보게되니 친목으로 외부이탈 되서 유져 또나감 4. 카톡하지말라면서 채팅방 사진전송오류쩔음 5.홍보톡난무해서 사람들이 채팅알림꺼서 모임채팅도안보게됨 6.고객센터전화가아예없다는것 자체가 소통의지없음",22,7.0.4-rc.2,https://play.google.com/store/apps/details?hl=ko&id=kr.munto.app
CUR106,872d3faa-ae10-4dc3-bfb2-4cb7a37b6e61,2025-11-03T09:38:37+00:00,2025-11,other_recent_months,3,셔플링 등록하고 싶은데 관심지역 선택 가능한 항목이 없어서 등록을 못했어요 🥲,0,7.0.4-rc.2,https://play.google.com/store/apps/details?hl=ko&id=kr.munto.app
CUR107,c2603b67-2b66-4b54-b98b-ad52127bfd8e,2025-10-30T05:39:11+00:00,2025-10,other_recent_months,5,"약 4년 간 문토를 이용했습니다. 다양한 분야의 사람들과 인연을 맺을 수 있어 좋았습니다. 나름 문토의 개국공신(?)이라 자부하며 활동했고 문토의 흥망성쇠를 지켜봤습니다. 몇 가지 제언을 드립니다. 1. 문토에서 나이를 속이는 사람이 상당히 많습니다. 당근모임처럼 연령대 등 호스트가 알 수 있게 하거나(최소), 본인인증을 통해 해당 나이 구간만 지원할 수 있게 했으면 합니다. 2. 문토는 50만 명 이상의 가입자(2년 전 데이터이니 지금은 더...)와 시리즈A투자를 받은 전도유망한 기업입니다. 문토가 가진 장점은 ""문화로 토론하고 서로를 알아가는"" 외로움 문제를 해결하는 사회문제해결형 소셜벤처라고 생각합니다. (지원공모연계 3. 2번과 관련, 이재명 대통령의 취임사 5가지 중 4번째였던 ""문화가 꽃피는 나라""가 있었죠. 사회문제해결뿐만 아니라 박진영 위원장을 대표로 하는 대중문화교류위원회가 출범한 만큼 내년 정부예산 중 예술분야는 50퍼센트 증감이 사실상 예정되어 있습니다.",0,7.0.0-rc.1,https://play.google.com/store/apps/details?hl=ko&id=kr.munto.app
CUR108,12eefb59-380f-4db5-b5cf-eee5b4e65c61,2025-10-29T03:17:33+00:00,2025-10,other_recent_months,1,소셜링 내용이 갑자기 바뀌어서 환불요청을 하였으나 시스템상 환불이 되지않고 카카오 고객문의도 답이없어요 해결해주세요,0,6.2.9-rc.1,https://play.google.com/store/apps/details?hl=ko&id=kr.munto.app
CUR109,936c3080-ceca-47ca-9bce-745e27ca3bd4,2025-10-21T01:11:19+00:00,2025-10,other_recent_months,1,카카오톡으로 5초만에 시작하기 하면 전화번호 인증시 이미 가입되어있다고 뜨는데 막상 로그인하려면 계정이 없다해요 재가입도 안되고 로그인도 안되고 비번찾기도 안되고 아이디 찾기도 안되고... 해결 부탁드려요,0,6.2.9-rc.1,https://play.google.com/store/apps/details?hl=ko&id=kr.munto.app
CUR110,efd4ce94-11df-404f-8211-ca3579f5f219,2025-10-17T10:50:38+00:00,2025-10,other_recent_months,1,참석자인줄 알고 봤더니 스탭이 참여자인척 참석하는게 너무 많습니다..인기있어보이려는거 이건 뭐 제재 안하나요???,1,6.2.9-rc.1,https://play.google.com/store/apps/details?hl=ko&id=kr.munto.app
CUR111,98c3a6df-4ee1-419d-876b-d7965ad09947,2025-10-14T04:12:52+00:00,2025-10,other_recent_months,1,"이메일로 가입 되었다고 비밀번호 입력하면 가입 된 내역이 없다면서, 아이디 찾기 하면 그 이메일 나오고 계속 반복되는데 확인 부탁드려요",0,6.2.8-rc.1,https://play.google.com/store/apps/details?hl=ko&id=kr.munto.app
CUR112,38bb76c8-ab63-43c4-9e37-08a3d1886e59,2025-10-02T06:17:55+00:00,2025-10,other_recent_months,1,"모임 오는 사람 중에 범죄자도 있어요... 운영은 진짜 못하고, 별 한개도 아깝습니다.",0,6.2.8-rc.1,https://play.google.com/store/apps/details?hl=ko&id=kr.munto.app
CUR113,f732d595-1fcd-40d1-a32d-fd96f1d237d4,2025-10-01T09:23:08+00:00,2025-10,other_recent_months,5,다양한 모임과 클래스를 짬날때마다 잘 이용하고 있습니다~ 한 가지 아쉬운 점은 필터에서 카테고리 복수선택이 가능해지면 좋겠어요 2-3개의 카테고리를 모아 보고 싶은데 하나만 선택하거나 전체적으로 보니까 찾기 어려운 점이 있어요~,3,6.2.8-rc.1,https://play.google.com/store/apps/details?hl=ko&id=kr.munto.app
CUR114,1057ecdb-b132-49f5-9c95-8f608c875d40,2025-09-29T00:45:59+00:00,2025-09,other_recent_months,1,"꽤 오래 사용했는데 요즘 너무 무의미하고 다 비슷비슷한 술파티로 뒤덮여 있어요 차단해도 끝이 없고 질 나쁜 모객 메시지도 너무 많이 와서 짜증나요,,, 파티나 소개팅 같은 건 좀 따로 묶어서 필요한 사람만 이용하게 했으면 좋겠어요 여기서 사람들 만날 때마다 문토가 변질됐다는 얘기 공통적으로 나오는데... 더 깔끔하고 건전한, 색다른 체험 위주의 어플이 있다면 그 어플을 사용할 거 같아요",22,6.2.6-rc.3,https://play.google.com/store/apps/details?hl=ko&id=kr.munto.app
CUR115,ee1dcd52-6531-4f6e-acf3-5674031dd562,2025-09-15T02:36:03+00:00,2025-09,other_recent_months,1,"오류가 난무하고, 빠른조치가 이뤄지지 않음. 서비스에 대한 수수료를 많이 부과하는데 그만한 서비스가 없음. 일방적인 통보방식의 갑질 운영. 별점 1개도 아까움",2,6.2.5-rc.1,https://play.google.com/store/apps/details?hl=ko&id=kr.munto.app
CUR116,8384c8ae-decb-46cb-a0a7-0a21bb69917a,2025-09-04T04:41:30+00:00,2025-09,other_recent_months,3,"서울, 경기권에 집중되어 있음",2,6.2.3-rc.1,https://play.google.com/store/apps/details?hl=ko&id=kr.munto.app
CUR117,d882f5f9-1389-4646-92d5-a5989e998598,2025-08-21T09:54:59+00:00,2025-08,other_recent_months,5,"유익한 모임들이 많고, 좋은분들을 정말 많이 뵌것 같아요 앞으로도 계속 좋은 모임들 쭉 이어갔으면 좋을것같아요!",0,6.2.2-rc.2,https://play.google.com/store/apps/details?hl=ko&id=kr.munto.app
CUR118,d97bdec0-c3f8-45e0-b4c8-f871f96fb759,2025-08-19T08:42:31+00:00,2025-08,other_recent_months,1,과금유도 어플,1,,https://play.google.com/store/apps/details?hl=ko&id=kr.munto.app
CUR119,333fa0a8-9135-42a7-93fa-202307f478d9,2025-07-30T14:38:57+00:00,2025-07,other_recent_months,1,아니 나만 부산쪽 안뜸? 부산 전체 경남 전체로했는데 모임 0개 다 중구 영등포구같은 서울 경기도류인데?ㅋㅋㅋㅋㅋ,1,6.1.0-rc.1,https://play.google.com/store/apps/details?hl=ko&id=kr.munto.app
CUR120,bf527afb-b1f8-4311-9276-39d0c1807274,2025-07-30T00:45:09+00:00,2025-07,other_recent_months,4,전반적으로 좋습니다. 다만 결재내역을 지울 수 있었으면 합니다. 결재내역을 지울 수 없다면 프립처럼 탈퇴로 개인정보 삭제 후 재가입이 좀더 원활했으면 합니다. 현재는 탈퇴 후 30일이 무조건 지나야 해서요 개선된다면 별 5개로 바로 바꾸겠습니다. === 25.07.30 === 별 2개에서 4개로 변경했습니다. 추후에 개선할 수 있으면 해주세요,9,6.1.0-rc.1,https://play.google.com/store/apps/details?hl=ko&id=kr.munto.app
