corpus_id,review_id,review_date_utc,month,cohort,rating,review_text,thumbs_up,app_version,source_url,inclusion_status,exclusion_reason,screening_note
CUR047,4d7eb368-d38d-4484-b921-b0d8557cc77f,2026-04-11T09:02:17+00:00,2026-04,april_2026_burst,5,개인적으로 소모임 보다 깔끔하고 정상적인 사람들 만났던 거 같아요,0,7.4.3,https://play.google.com/store/apps/details?hl=ko&id=kr.munto.app,,,
CUR026,9fbbd2c3-8a0c-4962-a892-af9e238c432e,2026-04-22T06:55:45+00:00,2026-04,april_2026_burst,3,채팅이 불편한 점이 있긴 하지만 문토를 통해 다양한 활동을 경험할 수 있어서 좋습니다.,0,7.4.2,https://play.google.com/store/apps/details?hl=ko&id=kr.munto.app,,,
CUR019,f464a544-d6bf-401e-908e-6124f680306c,2026-04-27T20:13:40+00:00,2026-04,april_2026_burst,5,문토 덕분에 취미생활을 더욱 재밌고 보람있게 보낼수있어서 좋아요. 감사합니다,0,7.4.4,https://play.google.com/store/apps/details?hl=ko&id=kr.munto.app,,,
CUR041,838e5f50-0fc0-40f1-a244-af08f84fd4b0,2026-04-12T03:57:14+00:00,2026-04,april_2026_burst,5,문토 하면서 좋은 사람들 많이 만날수 있어서 너무 뜻깊고 즐거운 추억 많이 쌓을수 있었어요! 문토 관계자분들 문토라는 어플 만들어주셔서 진심으로 감사드립니다 🙂,0,7.4.3,https://play.google.com/store/apps/details?hl=ko&id=kr.munto.app,,,
CUR045,8be04d0d-8ba4-4ffc-b338-8db27762e030,2026-04-11T12:08:09+00:00,2026-04,april_2026_burst,5,내가좋아하는 취미생활을 함께 할수있어서 좋아요! 취향이맞는 멤버들을 만나서 대화도잘통하고 재밌어요,0,7.4.3,https://play.google.com/store/apps/details?hl=ko&id=kr.munto.app,,,
CUR039,9f292b02-4147-48f1-91d6-03623fef4a93,2026-04-12T04:55:39+00:00,2026-04,april_2026_burst,1,다른모임은 좋아요. 근데 파티모임은 가지마세요. 성비 박살에 여자분들은 꽁으로 참여하는 섭외 여성들이 80%입니다. 호구 처럼 비싼돈 주고 냉동안주에 물탄 위스키 드시지 마시고 자기계발만 하세요,4,,https://play.google.com/store/apps/details?hl=ko&id=kr.munto.app,,,
CUR054,b4a1e061-7fb5-4c60-8eaa-d613297fb9d3,2026-04-10T13:07:19+00:00,2026-04,april_2026_burst,5,"문토 어플 추천 받아서 다운해봤는데 생각보다 주제도 많구 재밌는 모임들이 많아서 좋아요 공통 관심사 기반이라 처음 보는 사람이어도 대화가 어색하지 않은 점이 좋았습니다. 취향 비슷한 사람들끼리 모이다 보니 공감대 형성도 자연스럽게 되는 느낌이에요. 가볍게 참여해도 부담 없고, 이야기 나누다 보면 시간 가는 줄 모르겠더라고요. 새로운 사람 만나고 싶을 때 부담 없이 쓰기 좋은 앱이라구 생각해요 ㅎㅎ",1,7.4.3,https://play.google.com/store/apps/details?hl=ko&id=kr.munto.app,,,
CUR055,080e897f-6569-48c5-8d54-58c0d3008cea,2026-04-03T23:30:02+00:00,2026-04,april_2026_burst,5,평소에 깊은사고와 질문을 거의 안하다보니 일의 효율성도 떨어지고 밋밋한 일상을 보내고 있었는데 이번 강연을 통해 나자신을 돌아보며 부족한 점을 발견하고 개선 방향을 잡을수 있어서 좋았어요 매우 유익하고 흥미로운 시간이었습니다,0,,https://play.google.com/store/apps/details?hl=ko&id=kr.munto.app,,,
CUR051,4aa64b52-1812-4a02-9247-90a53184b92f,2026-04-11T01:24:03+00:00,2026-04,april_2026_burst,5,"문토를 통해서 새로운 사람들도 만나고 좋은 추억도 남길 수 있어서 좋은 것 같습니다. 덕분에 재밌는 활동들도 많이 하고, 친한 친구도 만들어서 만족스럽게 이용중입니다. 앞으로도 자주 이용할 것 같아요!",3,7.4.3,https://play.google.com/store/apps/details?hl=ko&id=kr.munto.app,,,
CUR044,ea35c245-e259-4108-9541-c77fb720d792,2026-04-11T14:44:20+00:00,2026-04,april_2026_burst,5,취업을 하게 되면서 지방에서 서울로 이사오게 되었는데 지인이나 친구가 없어서 어떻게 사람들을 만날수 있을까 하다 문토라는 어플을 찾게 되었습니다. 좀 심심할 때 모임 나가서 여러 사람 만나다 보면 시간도 잘가고 재미도 있고 또 친구도 만들고 덕분에 좋은 사람들을 만나게 되어서 좋네요.,1,7.4.3,https://play.google.com/store/apps/details?hl=ko&id=kr.munto.app,,,
CUR005,966cc98c-4f06-4873-912d-4b1944f36eb1,2026-07-11T04:02:15+00:00,2026-07,other_recent_months,2,대전권 한번 검토부탁드립니다 소셜링이 전부 다 당일파토가 나고 있으며 주회하는 사람들 대부분이 전화번호등을 요구하면서 당일파토내는 경우가 진짜 많습니다. 심지어 클럽은 방장이 하지도 않은 소셜링 한 것처럼 사진만들어서 올리구 있구요,0,7.5.3,https://play.google.com/store/apps/details?hl=ko&id=kr.munto.app,,,
CUR102,09c336dc-e261-4232-90c4-27be6e7ab4af,2025-11-12T10:53:38+00:00,2025-11,other_recent_months,1,파티나 모임은 절대 가지말기를 추천. 파티 참석율 70%가 호스트들이고 처음오는 사람들은 당황스러운 경험을 하게 될거임. 여기 시스템이 참 안좋은게 파티 당일 3일 전까지 환불 자체를 안해줌. 이게 호스트들끼리 본인들만의 파티를 할수 있게하는 가장 큰 이유인거 같음. 아무것도 모르고 참여하는 사람들은 그냥 모르는 사람들 꽁술 사주는 시스템임.,3,7.0.5-rc.1,https://play.google.com/store/apps/details?hl=ko&id=kr.munto.app,,,
CUR105,80f369de-4ab7-41db-bfcb-fba08adb5bc3,2025-11-04T02:13:01+00:00,2025-11,other_recent_months,1,"1.소개팅 술모임이지 이게무슨 취향이같은친구를 찾는모임어플인가 싶을정도로 변질됨 2.돈벌어야되는건 알겠지만 1번으로느껴지게 죄다비싼 술모임만 윗쪽에 편성해놔서 일부 진짜.취지에맞는소셜링은 찾으려면 바닷가에서 진주찾기수준 3.1,2의 이유로 유져가 이탈하는데,딱히 신규모집 의지도안보이고, 만났던사람끼리만 보게되니 친목으로 외부이탈 되서 유져 또나감 4. 카톡하지말라면서 채팅방 사진전송오류쩔음 5.홍보톡난무해서 사람들이 채팅알림꺼서 모임채팅도안보게됨 6.고객센터전화가아예없다는것 자체가 소통의지없음",22,7.0.4-rc.2,https://play.google.com/store/apps/details?hl=ko&id=kr.munto.app,,,
CUR069,d3f455cc-d5af-47ba-b827-3b8327b4eec0,2026-01-07T05:10:59+00:00,2026-01,other_recent_months,1,보드게임 무료소셜링으로 열었다가 정지먹음...,1,7.3.0,https://play.google.com/store/apps/details?hl=ko&id=kr.munto.app,,,
CUR091,770962db-2fe6-4ed1-a5e2-9941cc2f1a2a,2025-11-30T06:59:41+00:00,2025-11,other_recent_months,4,"안녕하세요 이벤트 때문에 리뷰 남깁니다. 1. 장점 - 다양성/술 모임이 많은 건 맞지만 사실 다른 모임에 비교해보면 꽤 다양한 모임이 있는 건 사실 같아요. 저 같은 경우에는 #비건 #더나은세상을만들고싶어요 를 거는데 이게 앱 자체에 있다는 지점에서 다른 앱과 차별화되는 지점 같습니다. 2. 장점 - UI/모임 특색이 한눈에 보이고 인기 모임의 글을 보기 편해서 좋아요. 3. 단점 - 스팸/한 모임 뒤로 스팸 및 과도한 플러팅이 DM으로 쏟아지고 있습니다. 디엠 필터 기능이 있으면 좋겠어요. 4. 제안 유료 소셜링인 걸 알지만 모임비 지원, 소액 모임이 생겨야 앱 유저들의 분위기가 변질되지 않고 오래갈 듯합니다. 문토에서 처음 알게 된 건요, 제가 처음 보는 분들과 농담이나 게임도 즐겁게 나눌 수 있다는 거예요. 혼성 모임이 많이 유해하지 않다는 것도 배웠고요. 그곳에서 만난 분들과 여전히 교류 중! 최근에는 거기서 뵌 사진작가님께 사진을 배우고 있어요. 한 해 동안 즐겁게 썼어요",7,7.1.0-rc.4,https://play.google.com/store/apps/details?hl=ko&id=kr.munto.app,,,
CUR110,efd4ce94-11df-404f-8211-ca3579f5f219,2025-10-17T10:50:38+00:00,2025-10,other_recent_months,1,참석자인줄 알고 봤더니 스탭이 참여자인척 참석하는게 너무 많습니다..인기있어보이려는거 이건 뭐 제재 안하나요???,1,6.2.9-rc.1,https://play.google.com/store/apps/details?hl=ko&id=kr.munto.app,,,
CUR079,1ed06e08-5d46-4104-adef-216c526a38cf,2025-12-09T14:36:41+00:00,2025-12,other_recent_months,5,"유료 모임에도 나가보고 호스트 경험도 있습니다. 취향이 맞는 멤버를 만 날 수 있어서 좋아요. 너무 한쪽으로 쏠리지 않게 다양한 사람을 만날 수 있게 많은 소설링이 열릴 수 있게 애써주시면 좋겠습니다. 가볍게 계절별로, 요일별로 함께할 수 있는 모임도 있고 자기계발할 수 있는 모임도 있어서 유용해요. 제가 호스트 할 때 멤버의 솔직한 문토 경험을 들었었는데, 첫 소셜링이 굉장히 중요한 것 같더라구요. 첫 소셜링이 별로라서 이탈했다가 정말 오랜만에 왔다는 분들이 있었어요. 신규 회원에게 관심사별로, 카테고리별로 조금이라도 검증된 모임을 첫 모임으로 추천하는 게 문토에게도 좋을 거라고 생각합니다. 활발한 신규 회원 모집으로 다양한 멤버를 만날 수 있게 해주세요! 앞으로가 더 기대됩니다. 파이팅 응원해요!",6,7.1.1-rc.1,https://play.google.com/store/apps/details?hl=ko&id=kr.munto.app,,,
CUR062,9a7ac466-3755-43ce-830a-3575b5224557,2026-02-12T11:08:53+00:00,2026-02,other_recent_months,1,"!유료모임비와 취향인연에서의 사탕구매로 적어도 7만원 이상 지출한 호구의 깨달음! 유료모임은 정말 취미 비슷한 사람들 만나보고 싶어서 나가는 거면 한 번쯤 추천. 여자친구나 남자친구 만들 생각으로 시작하는 사람들이 상당할 것 같은데 본인 경험으로는 정말 예쁘거나 잘생기거나 말재간이 좋거나 흡연을 하는 거 아니면 많이 어렵다고 느낌. 마지막으로, 취향인연은 발도 들이지 말 것!!! 대부분 봇이거나 사용 안 한지 오래된 유저들도 전부 추천목록에 뜨게 만들어놔서 사탕 낭비하게 만드는 구조임...ㅠ 나처럼 피보는 사람이 없기를 진심으로 바라며... 난 너무 늦게 깨달은 듯...",5,,https://play.google.com/store/apps/details?hl=ko&id=kr.munto.app,,,
CUR084,9964d709-79c9-489d-9d31-f939e3ffa22f,2025-12-06T16:48:34+00:00,2025-12,other_recent_months,5,문토는 심심하거나 친구 만들고 싶을때 애인 만들고 싶을 때도 이용하기 좋은 소모임 어플입니다 지방사람들은 이용하는 사람이 적어서 아쉬워서 한번 씩 서울에서 모임을 찾아 참여합니다 모임하면서 연애 이야기 관련 모임이였는데 제가 그렇게 썸이 긴지 몰랐습니다. 덕분에 알게 되어서 좋았고 연애 프로그램처럼 하는 모임은 좋은 기억이 ㅜ 그래두 다른 모임도 많으니까요 여러분도 잘 이용하셔서 좋은 추억 가져가셨으면 좋겠습니다,2,7.1.1-rc.1,https://play.google.com/store/apps/details?hl=ko&id=kr.munto.app,,,
CUR113,f732d595-1fcd-40d1-a32d-fd96f1d237d4,2025-10-01T09:23:08+00:00,2025-10,other_recent_months,5,다양한 모임과 클래스를 짬날때마다 잘 이용하고 있습니다~ 한 가지 아쉬운 점은 필터에서 카테고리 복수선택이 가능해지면 좋겠어요 2-3개의 카테고리를 모아 보고 싶은데 하나만 선택하거나 전체적으로 보니까 찾기 어려운 점이 있어요~,3,6.2.8-rc.1,https://play.google.com/store/apps/details?hl=ko&id=kr.munto.app,,,
