platform,review_id,rating,review_date_utc,review_year,review_text,review_title,thumbs_up,app_version,collected_date,source_sort,source_page,source_url
Google Play,357b40a5-20de-447e-adbf-25e7d2e14a02,1,2026-07-18T08:02:25+00:00,2026,신청한 모임 시간 다 돼가는데 승인이 안 돼서 호스트 문의하려고 했더니 문의가 안 됨 이런 경우 환불이 되는지도 모르겠음,,0,,2026-07-30,,,https://play.google.com/store/apps/details?hl=ko&id=kr.munto.app
Google Play,86e5dfe1-1240-43ea-99a3-bcba6eca0dfe,1,2026-07-17T04:41:54+00:00,2026,대전권 진짜 심각합니다 전화번호 뒷자리 요구하고 항상 당일취소 당하네요 앱 사용하면서 5번정도 소셜링 신청했는데 모임 진행된적이 단 한 번도 없어요,,0,7.5.3,2026-07-30,,,https://play.google.com/store/apps/details?hl=ko&id=kr.munto.app
Google Play,ce5762be-e613-4f41-9141-8164afb917cb,1,2026-07-15T09:45:37+00:00,2026,갠톡이 굉장히 늦게 오고 알림이 여러번 뜨는 등 버그가 많아요,,0,7.5.3,2026-07-30,,,https://play.google.com/store/apps/details?hl=ko&id=kr.munto.app
Google Play,ef94cc17-cf9f-4c9d-be2f-221ceb1c6886,1,2026-07-13T04:56:57+00:00,2026,대형 호스트일수록 어떤사유든 한번만 신고당해도 지금보다 더 융통성 없다시피 무조건적인 서비스 이용 영원히 못하게 하고 강제탈퇴 시키는식으로 제재를 강화시켜야 될 필요가 있습니다 그래야 호스트들의 갑질이 사라집니다 호스트들끼리 자기네들 마음에 안드는 참여자 있으면 시비거리 만들어서 쫒아내고 심기 뒤틀려진 찐따취급하고 호스트들끼리 맘에 안드는 참여자에 대해 블랙리스트 공유로 모임활동 방해 등 갑질이 심해지는데 이럴수록 참여자들에 대한 보호규정은 더 강화하고 지켜줘야 될 필요가 있으며 모든 호스트들은 더 숨막힐 정도로 엄격하게 처리하고 참여자들은 더 관대하게 보호해주기 정책을 더 강화시켜야 될 필요가 큽니다,,1,7.5.3,2026-07-30,,,https://play.google.com/store/apps/details?hl=ko&id=kr.munto.app
Google Play,966cc98c-4f06-4873-912d-4b1944f36eb1,2,2026-07-11T04:02:15+00:00,2026,대전권 한번 검토부탁드립니다 소셜링이 전부 다 당일파토가 나고 있으며 주회하는 사람들 대부분이 전화번호등을 요구하면서 당일파토내는 경우가 진짜 많습니다. 심지어 클럽은 방장이 하지도 않은 소셜링 한 것처럼 사진만들어서 올리구 있구요,,0,7.5.3,2026-07-30,,,https://play.google.com/store/apps/details?hl=ko&id=kr.munto.app
Google Play,e7a8f75f-fb2d-4db0-945c-eb7e903c6da1,3,2026-07-01T22:50:38+00:00,2026,업댓후 만들어진 모임에 채팅이안되요 복구좀해주세요,,0,,2026-07-30,,,https://play.google.com/store/apps/details?hl=ko&id=kr.munto.app
Google Play,15495d89-25b1-45b7-8bde-c40ca69096bb,1,2026-07-01T11:44:17+00:00,2026,내 소중한 시간 낭비하도록 해서 짜증남 내가 운이 없었음,,1,,2026-07-30,,,https://play.google.com/store/apps/details?hl=ko&id=kr.munto.app
Google Play,20071773-0802-4d17-b2ff-1f283d43616a,1,2026-06-15T07:23:59+00:00,2026,소셜링에서 2차 요금을 호스트 개인계좌로 받는일이 많음 그게 불법임 그런경우를 몇번 목격해서 계좌이체내역 캡쳐해서 고객센터에 신고했음 그랬는데 자세한 내역을 보내라고 함 아니 뭐 소셜링 끝날때쯤에 몰래 영상이나 녹음이라도 해야됨? 여러분 2차부터는 제 개인계좌로 보내주세요 이러는거? 이런거 잡아낼 생각도 없으면서 '문토이외의 방법으로 요금 받아내면 불법'이라는 규정은 왜 존재함?,,1,7.4.9,2026-07-30,,,https://play.google.com/store/apps/details?hl=ko&id=kr.munto.app
Google Play,d42e4ae1-c8dc-451e-8162-58759d03eaff,1,2026-06-03T06:26:47+00:00,2026,"악의 적인 사용자는 전혀 필터링 하지 못하는 무능력한 운영, 여러 모임을 돌아다니며 악의적인 리뷰를 남기는 참여자에 대한 제제는 없고 오롯이 소셜링 호스트에게만 책임 전가하는 무능력하고 문제해결을 할 의지도 없는 집단",,1,7.4.8,2026-07-30,,,https://play.google.com/store/apps/details?hl=ko&id=kr.munto.app
Google Play,5d66fe74-1221-4367-a01a-dce8e780f231,3,2026-06-03T04:38:18+00:00,2026,지방은 없어요...,,0,7.4.8,2026-07-30,,,https://play.google.com/store/apps/details?hl=ko&id=kr.munto.app
Google Play,c915571a-d7a5-4431-8d4f-aad3717f2196,1,2026-05-24T02:36:49+00:00,2026,미사용앱,,0,,2026-07-30,,,https://play.google.com/store/apps/details?hl=ko&id=kr.munto.app
Google Play,84c2c886-b7b8-463f-b76b-fbc15cf889d2,1,2026-05-11T10:16:31+00:00,2026,받은 관심 있어서 캔디 주고 열었는데 받은 관심 탭에서 왜 계속 잠겨있나요? 그리고 관심 보내기 하니까 보낸 관심 탭에서 다른 사람들은 1주일 가는데 그 사람은 하루도 안 돼서 사라지나요?,,2,7.4.6,2026-07-30,,,https://play.google.com/store/apps/details?hl=ko&id=kr.munto.app
Google Play,bdfb6984-d25c-4c0d-a6c0-fcbc870ebc09,1,2026-05-09T00:55:02+00:00,2026,"여러 차례 소셜링 열면서, 아쉬웠던 부분들을 솔직히 공유드립니다. 1. 주류 소셜링만 추천/홍보해주고 나머지는 다 소리소문 없이 묻히는 구조. 추천 기준이 정확히 뭔지도 알 수 없고, 추천으로 뜨지 않으면 다른 소셜링은 찾아보기도 힘듦. 2. 인원이 1~2명 모자라서 부족한대로라도 진행하려고 하니 미달이라 진행도 못하게 하고, 수정도 안 되고, 그렇다고 다른 데서 부족한 인원 채우자니 규정 위반이라고 벌점 먹이고... 족쇄 투성이임. 3. ""결정적""으로... 운영비가 필요해 유료 소셜링을 개최하면, 수수료를 무려 🌟20%🌟나 떼감... 😂 그러다보니 예전엔 재밌고 독특한 소셜링도 많았는데, 요즘은 보이는 게 로테이션 소개팅이나 부담스런 파티밖엔 없더라고요. 기획 좋았던 분들은 대부분 넷플연가나 비슷한 다른 모임으로 떠나고... 문토 통해서 소셜링 열 계획 있으셨던 분들은.. 신중히 생각해보시기 바랍니다 😂",,18,7.4.5,2026-07-30,,,https://play.google.com/store/apps/details?hl=ko&id=kr.munto.app
Google Play,437fd92e-947f-4f03-ab2e-9792a69954ab,1,2026-05-07T22:02:03+00:00,2026,프로필 편집할때 사진 한번 누르면 안지워지고 영구적으로 남김 쓰레기같애 개인정보보호는 전혀없음,,1,7.4.5,2026-07-30,,,https://play.google.com/store/apps/details?hl=ko&id=kr.munto.app
Google Play,9fbbd2c3-8a0c-4962-a892-af9e238c432e,3,2026-04-22T06:55:45+00:00,2026,채팅이 불편한 점이 있긴 하지만 문토를 통해 다양한 활동을 경험할 수 있어서 좋습니다.,,0,7.4.2,2026-07-30,,,https://play.google.com/store/apps/details?hl=ko&id=kr.munto.app
Google Play,be6e9fe4-3c14-4fd9-ae8c-2940fddbf847,2,2026-04-22T01:53:24+00:00,2026,"술파티, 소개팅만 남음. 몇 년전부터 이용하면서 다양한 모임 활동을 잘 즐겼는데 최근에 다시 들어가보니 술파티, 소개팅만 남고 다른 참신한 모임들은 다 전멸했더군요. 그마저도 지인들끼리 별점 돌려막기, 무료로 여자 게스트 초대하고 남자들이 비용 부담하는 구조였습니다. 왜이렇게 됐나 찾아보니, 별점 몰아주기에 대한 제재는 없으면서 이상한 이유로 소셜링 호스트에 대한 제재는 쏟아지더라구요. 이런 상황에서 열정을 갖고 다양한 소셜링을 주최하는 호스트가 있을까요? 그냥 술만 퍼주고 바짝 벌고 빠지는, 떳다방식 소셜링만 남은건 당연한 것 같습니다.",,5,7.4.4,2026-07-30,,,https://play.google.com/store/apps/details?hl=ko&id=kr.munto.app
Google Play,abbabdd2-1ce9-4a0e-9317-63d42e112ef1,1,2026-04-17T12:01:33+00:00,2026,사람이 별로임,,0,,2026-07-30,,,https://play.google.com/store/apps/details?hl=ko&id=kr.munto.app
Google Play,500b765c-7ed0-43b1-8fb3-ca03c104f852,1,2026-04-16T02:24:13+00:00,2026,"취향인연 오류가 너무 많아요 관심 표시 눌러도 화면 나갔다 돌아오면 관심 눌른게 복구 돼있고, 앱 업데이트나 삭제했다 다시 설치해도 안 고쳐지네요. 이런 오류가 너무 많으니, 관심 누르는 화면에서도 메신저할 수 있는 기능이 있으면 좋겠어요.",,1,7.4.4,2026-07-30,,,https://play.google.com/store/apps/details?hl=ko&id=kr.munto.app
Google Play,9f292b02-4147-48f1-91d6-03623fef4a93,1,2026-04-12T04:55:39+00:00,2026,다른모임은 좋아요. 근데 파티모임은 가지마세요. 성비 박살에 여자분들은 꽁으로 참여하는 섭외 여성들이 80%입니다. 호구 처럼 비싼돈 주고 냉동안주에 물탄 위스키 드시지 마시고 자기계발만 하세요,,4,,2026-07-30,,,https://play.google.com/store/apps/details?hl=ko&id=kr.munto.app
Google Play,7db89d06-fbfc-4a77-9257-7c1e53f2c097,3,2026-03-24T07:35:21+00:00,2026,잘 사용하다가 갑자기 요즘 소셜링 알람이 안뜸. 알람 설정 확인해봤고 앱 재설치도 해봤는데 효과없음. 계속되는 취향인연 프로필 네트워크 오류.,,0,7.4.1,2026-07-30,,,https://play.google.com/store/apps/details?hl=ko&id=kr.munto.app
Google Play,02ade739-1735-4cff-92d5-faf94155b012,1,2026-03-18T07:03:17+00:00,2026,"문토를 좋아했고 잘 사용했지만 몇가지 문제점이 너무 많아서 삭제 했고 꼭 개선되었으면 하는 부분이 있습니다. 1. 호스트들의 노쇼가 너무 많다. 호스트들이 벙을 열고 전날 갑자기 본인이 아프다거나 당일에 못 오는 사람이 너무 많습니다. 본인들이 소셜링을 열고 사람들이 다 시간 빼고 스케줄 빼고 그날 비웠는데 당일에 말만 전하고 노쇼하는 '호스트' 들이 너무 많습니다. 시간이 아까워요 2. 유료 소셜링중에 '호스트 수고비' 이거는 없었으면 좋겠습니다. 유료 소셜링중에 노쇼비 이런거는 이해 합니다만 호스트 수고비는 이해가 안됩니다. 다 같이 놀고 재밌게 한건데 호스트 수고비 2만원, 만오천원 받는 사람들이 있습니다. 솔직히 다 개나소나 돈 받으려고 어떻게서든 유료로 요즘은 다 전환해서 솔직히 정이 떨어지네요. 3.알림 개선 알림은 너무 올때도 있고 안 올때도 있습니다. 그래서 못 봐서 못온 사람도 있고요 취소된 경우도 많습니다. 참 애정이 간 어플이지만 두번 다시는 설치 안할게요",,6,,2026-07-30,,,https://play.google.com/store/apps/details?hl=ko&id=kr.munto.app
Google Play,6bacec1e-111c-4e73-8874-061ca0ec22d7,1,2026-03-03T00:59:22+00:00,2026,이렇다할 모임도 없고 무조건 유료참여인듯함.,,1,7.3.9,2026-07-30,,,https://play.google.com/store/apps/details?hl=ko&id=kr.munto.app
Google Play,a598739b-77aa-46f0-8564-ef34ebbf4663,1,2026-02-21T09:39:52+00:00,2026,"관리가 거의 안되는 신뢰할 수 없는 플랫폼 결제 완료 후 모임 측 사유(인원 마감)로 참석이 불가해졌습니다. 참여자가 자발적으로 당일 취소한 경우와, 모임 측 사유로 참석이 불가한 경우는 책임 주체가 다릅니다. 그럼에도 동일한 환불 불가 기준이 적용된다는 안내를 받았습니다. 환불이 “호스트 동의”에만 의존하는 구조는 공정하고 상식적인 기준으로 보이지 않았습니다. 플랫폼을 믿고 이용했음에도 문제가 발생하면 결국 소비자가 그 부담을 고스란히 떠안아야 하는 구조처럼 느껴졌습니다. 상담 답변도 한 시간 이상 소요되었고, 그 과정에서도 명확한 해결 방향을 제시받지 못해 실망스러웠습니다.",,23,7.3.8,2026-07-30,,,https://play.google.com/store/apps/details?hl=ko&id=kr.munto.app
Google Play,2f485d64-e5fb-43dc-a04d-f163fc332e2e,1,2026-02-14T05:42:57+00:00,2026,인증번호 요청했는데 오지도 않네 신뢰가 떨어지는 어플이라더니.역시였네 대단하다 진짜,,2,,2026-07-30,,,https://play.google.com/store/apps/details?hl=ko&id=kr.munto.app
Google Play,9a7ac466-3755-43ce-830a-3575b5224557,1,2026-02-12T11:08:53+00:00,2026,"!유료모임비와 취향인연에서의 사탕구매로 적어도 7만원 이상 지출한 호구의 깨달음! 유료모임은 정말 취미 비슷한 사람들 만나보고 싶어서 나가는 거면 한 번쯤 추천. 여자친구나 남자친구 만들 생각으로 시작하는 사람들이 상당할 것 같은데 본인 경험으로는 정말 예쁘거나 잘생기거나 말재간이 좋거나 흡연을 하는 거 아니면 많이 어렵다고 느낌. 마지막으로, 취향인연은 발도 들이지 말 것!!! 대부분 봇이거나 사용 안 한지 오래된 유저들도 전부 추천목록에 뜨게 만들어놔서 사탕 낭비하게 만드는 구조임...ㅠ 나처럼 피보는 사람이 없기를 진심으로 바라며... 난 너무 늦게 깨달은 듯...",,5,,2026-07-30,,,https://play.google.com/store/apps/details?hl=ko&id=kr.munto.app
Google Play,7045eec6-4367-4ed5-9ca8-2cb78d202abd,2,2026-02-12T03:09:41+00:00,2026,결재라인의 오류인지 결재 마무리가 안됩니다.,,0,7.3.7,2026-07-30,,,https://play.google.com/store/apps/details?hl=ko&id=kr.munto.app
Google Play,ea2624ce-8b08-48c4-a874-52fe0d1d5778,1,2026-02-02T03:54:45+00:00,2026,가계정만 졸라많고 돈 벌 궁리만 하는 사람들만 많음,,4,7.3.5,2026-07-30,,,https://play.google.com/store/apps/details?hl=ko&id=kr.munto.app
Google Play,c57ac06b-ab4f-4f2c-b8fd-c6be479a8cf9,3,2026-02-01T08:03:06+00:00,2026,전북전남은 머가되는게하나도읍네요,,0,,2026-07-30,,,https://play.google.com/store/apps/details?hl=ko&id=kr.munto.app
Google Play,7d86394a-3fe2-4371-b1df-c281b4fea91a,3,2026-01-23T09:20:55+00:00,2026,계정정보가 안들어가져요 삭제했다가 다시 깔아도 그런데 뭐때문에 그렁거에요?,,0,,2026-07-30,,,https://play.google.com/store/apps/details?hl=ko&id=kr.munto.app
Google Play,6acc62f3-cd27-448f-9f45-2523396e579c,3,2026-01-22T06:13:48+00:00,2026,카톡채널에서 환불 문의하고 아무리 기다려도 답변이 없네요. 카톡으로 문의하는게 맞을까요?? 좀 더 상세한 설명 있으면 좋을것 같습니다.,,0,7.3.3,2026-07-30,,,https://play.google.com/store/apps/details?hl=ko&id=kr.munto.app
Google Play,d3f455cc-d5af-47ba-b827-3b8327b4eec0,1,2026-01-07T05:10:59+00:00,2026,보드게임 무료소셜링으로 열었다가 정지먹음...,,1,7.3.0,2026-07-30,,,https://play.google.com/store/apps/details?hl=ko&id=kr.munto.app
Google Play,54253b55-b286-4349-835d-80f2363d5116,2,2026-01-04T05:58:10+00:00,2026,"5일 이상 여유있는 날짜의 모임은 없는데 한번 신청하면 3일전부터 환불불가인게 개별로에요. 고객센터는 환불원하면 호스트 동의받아오라고 하고 호스트는 어플 규정대로 3일 전까지만 환불해준다고 하고,,,독감걸려서 모임에 못나가게 됐다는데도 환불은 안된대요. 참석을 못하는데 돈은 내라니? 걍 삥뜯는거 아닌가요? 돈은 내가 냈는데 나한테만 너무 불리해요. 모임 신청할 땐 3일간 그 어떤 천재지변과 개인사정이 생기지 않도록 주의하세요~내가 죽었다고 해도 환불안해줄 어플임. 소개팅기능인 취향인연은 타 어플들보단 물이 좋은데 본인 사진인지 검증안해서 타인 사진 도용한 사람도 있고, 어플 오류도 심해요. 제가 관심 보낸 사람 중에 저한테 안뜨는 사람도 있는데 고객센터는 보낸 사람 목록에서 확인하라고만 하고. 채팅 알림와서 들어가보면 없는 채팅방이라고 뜰 때도 많아요. 어플 껐다켜야 다시 보이고. 차단한 사람 채팅방은 지워졌는데 그 사람이 보낸 채팅 알림이 계속 와요.",,17,7.2.1-rc.2,2026-07-30,,,https://play.google.com/store/apps/details?hl=ko&id=kr.munto.app
Google Play,0f0c0b8e-889f-457f-b057-c7889c66226a,1,2026-01-03T10:11:36+00:00,2026,아니 취향인연 이거 프로필깔때마다 캔디소모하는건 좀 아니지않나요? 돈에 미쳤네 진짜,,2,7.2.1-rc.2,2026-07-30,,,https://play.google.com/store/apps/details?hl=ko&id=kr.munto.app
Google Play,5ea12bb6-f063-478b-9c33-46b3d3079e84,2,2026-01-01T22:20:47+00:00,2026,안녕하세요 문토를 다시 설치했는데 시작 화면에서 멈춰있고 안 넘어갑니다. 어떻게 조치하면 되나요??,,0,7.2.1-rc.2,2026-07-30,,,https://play.google.com/store/apps/details?hl=ko&id=kr.munto.app
Google Play,36cbffe9-efe8-4790-a174-2d28add8e241,1,2025-12-28T08:52:26+00:00,2025,어플이 안 열려요!,,2,7.2.0-rc.3,2026-07-30,,,https://play.google.com/store/apps/details?hl=ko&id=kr.munto.app
Google Play,21a01e53-8875-4a7b-9b87-d80ac7f1cc8a,1,2025-12-27T14:30:16+00:00,2025,가까운 지역에 모임이 없을뿐만 아니라 회원탈퇴 과정도 복잡하게 되어 있어 비추합니다...,,0,,2026-07-30,,,https://play.google.com/store/apps/details?hl=ko&id=kr.munto.app
Google Play,436f3788-e491-43b6-a2ff-a95c2a8465c0,1,2025-12-20T03:43:14+00:00,2025,결제오류 자주나는앱,,1,7.1.4-hotfix.2,2026-07-30,,,https://play.google.com/store/apps/details?hl=ko&id=kr.munto.app
Google Play,ca575d96-1326-496a-9fae-032b410468af,3,2025-11-28T11:21:00+00:00,2025,문토로 파티나 술모임 가시는분들 아셔야할것이 있습니다. 네 알바있습니다. 참석합니다. 어딘지 누군지는 의미가없습니다. 알바에 성별은 여자만 해당됩니다. 물론 엄청난 존잘이거나 인지도가 높은남자분이면 무료초대도 하겠지만..술모임 거기서 거기입니다 친목 동호회나 친목모임보단 덜 빡세지만 그래도 자주가는건 비추합니다.,,7,7.0.4-rc.2,2026-07-30,,,https://play.google.com/store/apps/details?hl=ko&id=kr.munto.app
Google Play,9129de67-966d-4cb5-a00a-ffb642e7319d,1,2025-11-27T06:07:46+00:00,2025,"고객센터 운영시간 중에 연락해도 몇 시간이나 답변 안오는 일이 잦고 아예 안읽고 다음날로 넘기는 날도 있어요ㅠ 너무 답답해요. 그리고 최근에 취향인연이라는게 오픈해서 기대했는데 보니까 다른 소개팅어플처럼 하루에 몇 명 프로필 주고 매칭해주고 프로필 더 보려면 결제하고 이런 거더라고요;; 문토 가이드에 1대1매칭 금지라고 되어있고, 소개팅 어플이 되지 않겠다고 여기 플레이스토어 리뷰에 답글도 다셨던데,, 본인들이 직접 소개팅 어플처럼 운영하시니까 이용자 입장에서는 이게 뭔가 싶네요. 여러 분야 모임들 구경하는 재미로 들어갔던건데 아예 온라인소개팅 매칭 어플로 가버리니 좀 안타깝습니다. 그리고 호스트 리뷰보고 가세요. 수준 이하의 인성으로 운영하는 호스트, 참여자 돈으로 술먹고 지인들 불러 놀려고 모임 여는 호스트, 여기저기서 모객해와서 참여자마다 다 참여비가 다른 모임들,, 제발 당하지 마세요.",,9,,2026-07-30,,,https://play.google.com/store/apps/details?hl=ko&id=kr.munto.app
Google Play,46e64ea5-92c9-4650-a007-ae28bf30dcd1,2,2025-11-19T14:46:46+00:00,2025,"아직 개선되지않고있는데 소셜링에서 책정하는 ""호스트수고비""는 대체 무슨 명목으로 뜯어가는지 모르겠습니다. 그리고 노쇼방지비? 는 돌려주는건지 이런 것도 금액적으로 호스트들 장난하는것도 아니고 그냥 돈장난하는 것 같습니다",,4,7.0.6-hotfix.1,2026-07-30,,,https://play.google.com/store/apps/details?hl=ko&id=kr.munto.app
Google Play,47b54b84-d6a2-4099-9b43-72ca89c27fd1,1,2025-11-16T03:51:09+00:00,2025,회원 탈퇴를 앱에서만 가능하게 해둬 불편함. 오랫동안 서비스 안쓴사이 소개팅앱이 되버려 탈퇴하려고 간만에 로그인했는데 앱을 받아야만 탈퇴가 되다니.. 참 마지막까지 이상한 서비스.,,0,7.0.5-rc.1,2026-07-30,,,https://play.google.com/store/apps/details?hl=ko&id=kr.munto.app
Google Play,09c336dc-e261-4232-90c4-27be6e7ab4af,1,2025-11-12T10:53:38+00:00,2025,파티나 모임은 절대 가지말기를 추천. 파티 참석율 70%가 호스트들이고 처음오는 사람들은 당황스러운 경험을 하게 될거임. 여기 시스템이 참 안좋은게 파티 당일 3일 전까지 환불 자체를 안해줌. 이게 호스트들끼리 본인들만의 파티를 할수 있게하는 가장 큰 이유인거 같음. 아무것도 모르고 참여하는 사람들은 그냥 모르는 사람들 꽁술 사주는 시스템임.,,3,7.0.5-rc.1,2026-07-30,,,https://play.google.com/store/apps/details?hl=ko&id=kr.munto.app
Google Play,7e92c376-c67f-4936-8e8b-1cf56174039e,1,2025-11-07T07:27:58+00:00,2025,강제업데이트좀안되게해라잉,,0,6.2.8-rc.1,2026-07-30,,,https://play.google.com/store/apps/details?hl=ko&id=kr.munto.app
Google Play,80f369de-4ab7-41db-bfcb-fba08adb5bc3,1,2025-11-04T02:13:01+00:00,2025,"1.소개팅 술모임이지 이게무슨 취향이같은친구를 찾는모임어플인가 싶을정도로 변질됨 2.돈벌어야되는건 알겠지만 1번으로느껴지게 죄다비싼 술모임만 윗쪽에 편성해놔서 일부 진짜.취지에맞는소셜링은 찾으려면 바닷가에서 진주찾기수준 3.1,2의 이유로 유져가 이탈하는데,딱히 신규모집 의지도안보이고, 만났던사람끼리만 보게되니 친목으로 외부이탈 되서 유져 또나감 4. 카톡하지말라면서 채팅방 사진전송오류쩔음 5.홍보톡난무해서 사람들이 채팅알림꺼서 모임채팅도안보게됨 6.고객센터전화가아예없다는것 자체가 소통의지없음",,22,7.0.4-rc.2,2026-07-30,,,https://play.google.com/store/apps/details?hl=ko&id=kr.munto.app
Google Play,872d3faa-ae10-4dc3-bfb2-4cb7a37b6e61,3,2025-11-03T09:38:37+00:00,2025,셔플링 등록하고 싶은데 관심지역 선택 가능한 항목이 없어서 등록을 못했어요 🥲,,0,7.0.4-rc.2,2026-07-30,,,https://play.google.com/store/apps/details?hl=ko&id=kr.munto.app
Google Play,12eefb59-380f-4db5-b5cf-eee5b4e65c61,1,2025-10-29T03:17:33+00:00,2025,소셜링 내용이 갑자기 바뀌어서 환불요청을 하였으나 시스템상 환불이 되지않고 카카오 고객문의도 답이없어요 해결해주세요,,0,6.2.9-rc.1,2026-07-30,,,https://play.google.com/store/apps/details?hl=ko&id=kr.munto.app
Google Play,936c3080-ceca-47ca-9bce-745e27ca3bd4,1,2025-10-21T01:11:19+00:00,2025,카카오톡으로 5초만에 시작하기 하면 전화번호 인증시 이미 가입되어있다고 뜨는데 막상 로그인하려면 계정이 없다해요 재가입도 안되고 로그인도 안되고 비번찾기도 안되고 아이디 찾기도 안되고... 해결 부탁드려요,,0,6.2.9-rc.1,2026-07-30,,,https://play.google.com/store/apps/details?hl=ko&id=kr.munto.app
Google Play,efd4ce94-11df-404f-8211-ca3579f5f219,1,2025-10-17T10:50:38+00:00,2025,참석자인줄 알고 봤더니 스탭이 참여자인척 참석하는게 너무 많습니다..인기있어보이려는거 이건 뭐 제재 안하나요???,,1,6.2.9-rc.1,2026-07-30,,,https://play.google.com/store/apps/details?hl=ko&id=kr.munto.app
Google Play,98c3a6df-4ee1-419d-876b-d7965ad09947,1,2025-10-14T04:12:52+00:00,2025,"이메일로 가입 되었다고 비밀번호 입력하면 가입 된 내역이 없다면서, 아이디 찾기 하면 그 이메일 나오고 계속 반복되는데 확인 부탁드려요",,0,6.2.8-rc.1,2026-07-30,,,https://play.google.com/store/apps/details?hl=ko&id=kr.munto.app
Google Play,38bb76c8-ab63-43c4-9e37-08a3d1886e59,1,2025-10-02T06:17:55+00:00,2025,"모임 오는 사람 중에 범죄자도 있어요... 운영은 진짜 못하고, 별 한개도 아깝습니다.",,0,6.2.8-rc.1,2026-07-30,,,https://play.google.com/store/apps/details?hl=ko&id=kr.munto.app
Google Play,1057ecdb-b132-49f5-9c95-8f608c875d40,1,2025-09-29T00:45:59+00:00,2025,"꽤 오래 사용했는데 요즘 너무 무의미하고 다 비슷비슷한 술파티로 뒤덮여 있어요 차단해도 끝이 없고 질 나쁜 모객 메시지도 너무 많이 와서 짜증나요,,, 파티나 소개팅 같은 건 좀 따로 묶어서 필요한 사람만 이용하게 했으면 좋겠어요 여기서 사람들 만날 때마다 문토가 변질됐다는 얘기 공통적으로 나오는데... 더 깔끔하고 건전한, 색다른 체험 위주의 어플이 있다면 그 어플을 사용할 거 같아요",,22,6.2.6-rc.3,2026-07-30,,,https://play.google.com/store/apps/details?hl=ko&id=kr.munto.app
Google Play,ee1dcd52-6531-4f6e-acf3-5674031dd562,1,2025-09-15T02:36:03+00:00,2025,"오류가 난무하고, 빠른조치가 이뤄지지 않음. 서비스에 대한 수수료를 많이 부과하는데 그만한 서비스가 없음. 일방적인 통보방식의 갑질 운영. 별점 1개도 아까움",,2,6.2.5-rc.1,2026-07-30,,,https://play.google.com/store/apps/details?hl=ko&id=kr.munto.app
Google Play,8384c8ae-decb-46cb-a0a7-0a21bb69917a,3,2025-09-04T04:41:30+00:00,2025,"서울, 경기권에 집중되어 있음",,2,6.2.3-rc.1,2026-07-30,,,https://play.google.com/store/apps/details?hl=ko&id=kr.munto.app
Google Play,d97bdec0-c3f8-45e0-b4c8-f871f96fb759,1,2025-08-19T08:42:31+00:00,2025,과금유도 어플,,1,,2026-07-30,,,https://play.google.com/store/apps/details?hl=ko&id=kr.munto.app
Google Play,333fa0a8-9135-42a7-93fa-202307f478d9,1,2025-07-30T14:38:57+00:00,2025,아니 나만 부산쪽 안뜸? 부산 전체 경남 전체로했는데 모임 0개 다 중구 영등포구같은 서울 경기도류인데?ㅋㅋㅋㅋㅋ,,1,6.1.0-rc.1,2026-07-30,,,https://play.google.com/store/apps/details?hl=ko&id=kr.munto.app
Google Play,aae3eb44-aedd-4533-9300-b425dfdbb883,1,2025-07-08T08:17:07+00:00,2025,몇년간 이용하면서 불편한 점이 너무 많습니다. 채팅창이 쌓이면 새로운 메시지가 안 들어오거나 클럽 결제시 결제일이 지나도 결제수단을 수정할 수 없는 오류 등 전체적인 개선이 필요해 보여요. 특히 오류나 문의사항에 대해 서비스 담당자들과 소통이 매우 어려운 점이 가장 크리티컬 합니다. 전날 메시지를 남겨놓아도 다음날 제대로 된 답변이나 해결책 (해결책이 아니더라도 대화라도...) 등을 듣기 어려워 간단한 문의임에도 몇일 이상 소요되는게 아쉽네요. 이용자로서 좋은 방향으로 개선되면 좋겠습니다!,,11,6.0.2,2026-07-30,,,https://play.google.com/store/apps/details?hl=ko&id=kr.munto.app
Google Play,0ebc861e-85cc-4da9-bac3-5a92c40a26d1,1,2025-07-07T14:38:18+00:00,2025,죄다 서울 기준으로 추천해줄거면 도대체 지방은 뭣하러 입력하게 해놓은거임?,,0,6.0.2,2026-07-30,,,https://play.google.com/store/apps/details?hl=ko&id=kr.munto.app
Google Play,e525deee-d648-4599-af2a-ab772d4105e3,1,2025-07-06T08:23:08+00:00,2025,본인인증사용자만 메시지 보낼 수 있게하는 기능은 좀 아닌거같아요 요즘 인증 같은거 하기 꺼려지는경우 많은데 인증 없이 메시지 보낼 수 있게 바꾸어주었으면하네요 소셜링 열때도 너무불편해요,,9,6.0.2,2026-07-30,,,https://play.google.com/store/apps/details?hl=ko&id=kr.munto.app
Google Play,b69adba9-ee4b-44a5-9511-01a96569f4ef,1,2025-06-26T01:20:06+00:00,2025,다들 문토 안쓰는 이유가 있네용 프립으로 고고,,1,6.0.1,2026-07-30,,,https://play.google.com/store/apps/details?hl=ko&id=kr.munto.app
Google Play,968ad7aa-9b19-4465-84c2-8f7f43ddd039,1,2025-06-22T06:58:40+00:00,2025,"최소인원 안모이면 당일 모임 1시간전까지 취소할수도, 취소여부를 알수도 없음 대기하다가 시간날려도 보상도없고, 그렇다고 인원모이기 전에 취소가 되는것도 아님",,1,5.20.6,2026-07-30,,,https://play.google.com/store/apps/details?hl=ko&id=kr.munto.app
Google Play,2451194e-4dc0-40fd-bfd9-2f2702a89fe9,1,2025-06-16T14:28:06+00:00,2025,분명 이전엔 진짜 동네친구만들고 새친구랑 여행 가는 느낌이었는데... 지금은 연애앱 그 이상도 이하도 아닌.... ㅠㅠ,,2,5.20.6,2026-07-30,,,https://play.google.com/store/apps/details?hl=ko&id=kr.munto.app
Google Play,3f6da756-ab1e-4832-8f55-3d2f9425d9e4,2,2025-06-08T03:28:46+00:00,2025,필터링이 잘적용안되서 불편해요,,0,5.20.6,2026-07-30,,,https://play.google.com/store/apps/details?hl=ko&id=kr.munto.app
Google Play,9a086154-2dc5-41c0-ac2a-4c6417e10e6f,1,2025-06-07T11:50:22+00:00,2025,개인인증 사용자만 메시지 보내는것좀 없에주세요 인증은 좀 그렇고 모임등 메시지 개인전달할일 있을때도 불편하네요 이런거는좀 개선해주세요,,2,5.20.6,2026-07-30,,,https://play.google.com/store/apps/details?hl=ko&id=kr.munto.app
Google Play,7a1a5a8a-80b5-431e-9cd8-5672f1eb9ee5,2,2025-06-06T00:22:39+00:00,2025,그냥 서울모임 앱,,2,5.20.6,2026-07-30,,,https://play.google.com/store/apps/details?hl=ko&id=kr.munto.app
Google Play,02f0fbe8-af6c-4f19-8c5e-4c9c4a2f0f04,1,2025-05-14T15:47:33+00:00,2025,"호스트한테 소셜링 수수료는 20% 나 떼가는데 고객센터는 엉망. 전화문의는 아에 불가능하고, 카톡 고객센터는 하루가지나도 답이없음. 셀렉티드 호스트들한텐 그렇게 답 빠르다면서요? 그리고 돈벌어다주는 대형 술모임,소개팅모임은 신규가입자가 봐도 어뷰징이 판을치고 2차에서 추가금 계좌로 받는거 리뷰에 대놓고있어도 제제가없네요^^ 신입호스트는 어떻게 성장하나요? 위반가이드로 모니터링을 할려면 모두에게 동등하게 하시던가요. 정떨어집니다",,6,5.20.6,2026-07-30,,,https://play.google.com/store/apps/details?hl=ko&id=kr.munto.app
Google Play,be65dcd0-e6f1-4942-8cfb-a935699b9000,1,2025-05-14T07:42:13+00:00,2025,1. 홈페이지에서 가입만 가능하고 탈퇴 불가능. 2. 회원가입 여부를 확인하는 서비스가 없음.,,0,,2026-07-30,,,https://play.google.com/store/apps/details?hl=ko&id=kr.munto.app
Google Play,c93e32de-0799-458c-8352-123d285f7614,3,2025-05-11T06:09:10+00:00,2025,"광고에서는 분명히 그림재료 다 있어요 오셔서 그림그리고 가세요 라고 되어있는데, 광고속에 나오는 모임은 찾기 힘들고 죄다 다들 돈 내라는 모임 밖에 없네요?? 물론 돈은 보태야하겠지만 그림재료까지 살 돈은 없는데 .. 모임 회비도 2만원이상은 비싸다 생각되요. 다른사람들처럼 월급벌고 사는사람 아니다보니 ㅡ 돈 많이들어간다 하면 좀 힘든데; 돈 없이 혹은 1만원 이하 그림 모임은 없나요?? 저의 그림자랑할겸 그리고싶어서 가입한건데 !!!",,1,5.20.5,2026-07-30,,,https://play.google.com/store/apps/details?hl=ko&id=kr.munto.app
Google Play,9e35f3fb-5529-4542-98df-4bea8d86f0e0,1,2025-04-21T02:31:53+00:00,2025,오류 진짜 많습니다,,0,5.20.5,2026-07-30,,,https://play.google.com/store/apps/details?hl=ko&id=kr.munto.app
Google Play,ed0eed37-9d6d-474c-a7bd-9d12e2ab786b,2,2025-04-03T14:22:57+00:00,2025,뭔 모임이 죄다 서울이지... 하물며 상업적 목적이 너무 심함,,3,5.20.1,2026-07-30,,,https://play.google.com/store/apps/details?hl=ko&id=kr.munto.app
Google Play,fe37ca5a-3600-4ab4-bb63-340ece7c0d13,1,2025-03-29T07:59:23+00:00,2025,모임평가하면 타모임장이 그거 보고 거절함 조심하세요. 안 좋은 모임 평가도 못하네요ㄷㄷ,,4,5.19.5,2026-07-30,,,https://play.google.com/store/apps/details?hl=ko&id=kr.munto.app
Google Play,5f3e9aeb-cb0f-4379-8875-32f323345fcb,3,2025-03-25T03:20:34+00:00,2025,어플 저만 안들어가지나요??,,1,5.19.5,2026-07-30,,,https://play.google.com/store/apps/details?hl=ko&id=kr.munto.app
Google Play,b6b11f76-4dd3-40dc-83b0-f353f371ef8a,3,2025-03-17T11:44:25+00:00,2025,로그인네이버아이디 메일삭제했더니 재가입도안되고 로그인도 안돼요ㅠ,,1,5.19.4,2026-07-30,,,https://play.google.com/store/apps/details?hl=ko&id=kr.munto.app
Google Play,d870a39a-3eca-4808-b63f-70c882ee6713,3,2025-03-10T02:55:16+00:00,2025,스플래쉬 화면이 너무 눈갱이에요..,,0,5.19.3,2026-07-30,,,https://play.google.com/store/apps/details?hl=ko&id=kr.munto.app
Google Play,96eee692-e6b7-4f8c-a093-041ff5775fda,2,2025-03-08T01:37:11+00:00,2025,필터에서 나이제한이 없는곳에 지원해도 나이때문에 승인거절되는 부분은 개선되어야 하겠습니다. 그거 좀 상처받네요,,0,5.19.3,2026-07-30,,,https://play.google.com/store/apps/details?hl=ko&id=kr.munto.app
Google Play,7d7fd792-e1cc-4536-9bac-c535c858b11e,3,2025-02-10T15:02:00+00:00,2025,어느날부터 갑자기 사진을 첨부하려 사진 버튼을 누르면 사진 및 동영상이 계속 중지됨이라도 뜨네요.. 다른 app 에서는 잘 되는데...,,1,5.19.1,2026-07-30,,,https://play.google.com/store/apps/details?hl=ko&id=kr.munto.app
Google Play,bf0d467d-ffd8-406d-a86a-64572cc0c188,3,2025-01-25T13:23:22+00:00,2025,"소셜링 검색시 가격 선택 기능이 추가되면 좋겠습니다. 언젠가부터 문토에 상업적인 모임이 너무 많아졌는데, 너무 터무니없는 가격의 소셜링도 많아져서 거르는 기능이 있었으면 좋겠네요. 그외에는 아직까지는 괜찮은 앱인것 같습니다.",,8,5.18.1,2026-07-30,,,https://play.google.com/store/apps/details?hl=ko&id=kr.munto.app
Google Play,ab77f404-6021-4782-93eb-0c9627e48d90,2,2024-12-23T12:41:03+00:00,2024,서울공화국이란 말 답게 사는곳이 서울 아니면 뭣도 안나옵니다. 오로지 서울 사람들만을 위한 느낌,,2,5.16.9,2026-07-30,,,https://play.google.com/store/apps/details?hl=ko&id=kr.munto.app
Google Play,c4ed0cab-99c6-42cd-aca3-19a5563d82ca,1,2024-12-23T05:03:42+00:00,2024,사진 업로드가 불편하네요 인스타나 카톡처럼 사진업로드가 간편해졌음 좋겠네요 일일히 들어가서 찾는건 좀 아닌거 같네요,,1,5.16.9,2026-07-30,,,https://play.google.com/store/apps/details?hl=ko&id=kr.munto.app
Google Play,02779a28-00cb-4d7d-8869-6d07b60cc298,2,2024-12-07T20:18:41+00:00,2024,너무 지저분하고 복잡함...스크롤은 왜이렇게 내려야하며..너무 뭐가 많아서 공부까지해야 하는 어플..추천 소셜링 클럽 챌린지가있는데 밑으로 내리면 또 소셜링이랑 챌린지가 있음..읭? 왜 똑같은게 두개있지? 스크롤 내릴필요없이 그냥 추천 소셜링 누르는거만 있으면좋겠음,,1,5.16.4,2026-07-30,,,https://play.google.com/store/apps/details?hl=ko&id=kr.munto.app
Google Play,8643062f-3961-44eb-bc43-8528cface62e,1,2024-11-18T17:35:57+00:00,2024,문토는 20-30대만을 위한곳 같음. 40대 미혼도 많은데 처음부터 지금까지 철저히 배제하고 있음. 소모임은 충분히 다 커버하고 있는데 이부분 때문에 더 성장하기가 어려워보임.,,2,,2026-07-30,,,https://play.google.com/store/apps/details?hl=ko&id=kr.munto.app
Google Play,5353ab18-4be7-4e34-99e3-b44cfb6437d4,2,2024-11-11T07:03:58+00:00,2024,잘 이용하고 있는데 접속 오류가 발생되는거 같아요. 재설치를 해도 오류가 계속되네요,,0,0.17.1,2026-07-30,,,https://play.google.com/store/apps/details?hl=ko&id=kr.munto.app
Google Play,a9d5df4a-0011-4ccd-ae9f-b66927ed6ed6,1,2024-10-13T12:07:23+00:00,2024,"문토에서 공식적으로 연 모임(셔플링 소셜링)을 참여하였는데, 조만 편성해주고 자유롭게 만났습니다. 가장 친근하게 나온 팀에 기프티콘을 준다며 사진을 보내라고 가이드를 주시더니, 별도 개인 통보없이 사진을 이후 광고 목적으로 사용하십니다. 고객센터를 통해 내려달라고 수차례 요구 했으나 해당팀에 전달했다는 말뿐 실제로 정정은 되지 않네요. 별거 아니라 느낄수 있지만 개인정보를 함부로 다루는 플랫폼에서 더이상 활동하고 싶은 생각이 안듭니다^^ 비슷한거 많으니 다른거 쓰세요",,23,5.12.0,2026-07-30,,,https://play.google.com/store/apps/details?hl=ko&id=kr.munto.app
Google Play,845998de-7c4d-4b9e-bf29-3443da592dd2,1,2024-09-23T09:09:29+00:00,2024,호스트 소셜링 관련 안내 오류가 있었다고 하는데 글쎄요. 리뷰보니깐 고객센터도 신뢰가 안가는데요. 문토 잘 애용했었는데 신뢰도 떡락으로 삭제합니다. 다시는 안깔것같아요. 참가비 어쩌고.. 리뷰 말대로 돈만 생각하시는 것같고 문토측에서 실수 있었다고 하니 책임 지셔야죠. 말로만 죄송하다그러면 돈이 나오나요? 없던게 되나요? 기분 상할대로 다 상했는데 진정성도 안느껴짐 . 긍정적 리뷰에 비해 부정적 리뷰가 한달 이내로 꾸준히 올라오던데 이제 왜 문토를 써야하는지 도통 모르겠네요,,2,5.14.0,2026-07-30,,,https://play.google.com/store/apps/details?hl=ko&id=kr.munto.app
Google Play,b811b88b-bcff-47b6-8736-76f2adc87367,1,2024-09-22T03:24:38+00:00,2024,"본인위주로 비즈니스가 중요해서 참여자에게 책임감없는 호스트, 한번보고 끝나겠지라는 식으로 참여자를 호구로 쓰는 개념없는 호스트들. 소셜링이라고? 사람 개개인을 존중하는것보다 소자본 사업놀이꾼들 많습니다. 호스트가 뭐 되는 마냥 쉽게 행동하는데, 그에 비해 참석자는 불공평해서 언짢아지더라도 참아야하는 웃긴 일도 있음. 감정소모하고 피해보면 답도 안나옴. 존중하는 개념은 커녕.. 참석한 시간,돈을 고맙게 여겨주지 않는 호스트들에게 우리 시간,돈 주지마세요. 다신 문토 안쓸듯ㅠㅠ",,7,5.12.0,2026-07-30,,,https://play.google.com/store/apps/details?hl=ko&id=kr.munto.app
Google Play,db0b214e-66de-47bf-afdb-c5940526f35d,1,2024-09-19T13:10:48+00:00,2024,"앱 알림도 제대로 안 와서 사용자가 수시로 들어오거나 지웠다 다시 깔아야하고 상단엔 죄다 이익나는 파티만 뜨게해서 돈 버는 앱. 셀렉티드라고 전문성 떨어져도 앱에 돈 벌어다주는 호스트들(죄다 소개팅 파티같은 거) 선정해서 퀄리티 떨어지고 돈 아까운 소셜링만 남았고 개성있고 오래된 호스트들은 다 떠났고 이용자는 점점 줄어서 오래가봤자 1,2년이거나 아님 고여서 그들만의 세상이거나. 자체 발전따윈 없는데다가 사용자들 의견은 무시하고 인스타, 소셜 홍보에만 투자하는 앱 여기 앱 평가만 봐도 이미 행태가 눈에 보이는데도 그저 눈앞의 20프로 수수료만 보는 운영",,5,5.14.0,2026-07-30,,,https://play.google.com/store/apps/details?hl=ko&id=kr.munto.app
Google Play,7c0b8af9-73a4-4d72-b66c-8f0269527864,1,2024-08-23T19:01:04+00:00,2024,모임이 잘 취소되는거 같아요,,1,,2026-07-30,,,https://play.google.com/store/apps/details?hl=ko&id=kr.munto.app
Google Play,d26391c8-80b8-4828-ba98-32e8004fccaa,1,2024-08-19T19:28:51+00:00,2024,사용자가 많지 않는거 같아요 뵙던 사람들만 계속 보이고요~ 뭔가 가족 모임이 된거 같아요,,6,5.13.1,2026-07-30,,,https://play.google.com/store/apps/details?hl=ko&id=kr.munto.app
Google Play,11524da8-4f91-4810-9383-66f61f17fb6e,3,2024-08-08T23:13:15+00:00,2024,"일단 가장 먼저 말하고 싶은건 메세지 알람이 안떠요 그러고선 카톡으로 유도하면 벌점먹고,,, 알람문제먼저 해결해야하는 부분 아닐까요??",,0,5.12.0,2026-07-30,,,https://play.google.com/store/apps/details?hl=ko&id=kr.munto.app
Google Play,9d1e03b2-a547-465b-9582-95d821d062ce,1,2024-08-07T22:50:23+00:00,2024,어차피 소개팅 어플이면서 동회회 끼워파는거임 들어가보면 전부 남녀만남 뿐,,7,,2026-07-30,,,https://play.google.com/store/apps/details?hl=ko&id=kr.munto.app
Google Play,abe5251b-958b-482c-b58f-807421266725,3,2024-07-06T09:58:46+00:00,2024,앱 자체의 기능은 휼륭하고 모임도 많이 열립니다 다만 요즘은 동네 모임이라기보단 그냥 사람 많이 땡겨서 돈벌려는 호스트가 더 많아지고 문토 시스템 자체도 이에 유리해서 나아질 기미가 없네요..... 인원이 많아지면 소개팅인줄 알고 꼬이는 사람들 때문에 피곤합니다.... 참가자 동의도 없는 모임 인원 변경은 환불 100퍼센트 사유로 충분하지 않을까요? 사람 냄새나는 소규모 모임 기대하다가 감당도 못할 인원 불리는 호스트들 보고있으면 한숨만 나옵니다....,,5,,2026-07-30,,,https://play.google.com/store/apps/details?hl=ko&id=kr.munto.app
Google Play,893f785f-c6e8-4f24-9d4c-577ac0e819b1,1,2024-06-23T15:27:22+00:00,2024,"호스트 평가는 건너 뛰고 바로 게스트 평가로 넘어갈 수 있게 수정해주세요. 호스트 평가를 해야지만 넘어가는데, 별점 낮은 것도 아니고 4개만 줘도 바로 스태프 포함해서 갠톡 폭격함. 게스트들은 좋았는데 호스트랑 스테프만 탓하고 싶어도 갠톡으로 별 압박 다 당하고. 나도 나쁜사람 되긴 싫은데 싫은 모임에 좋다고 할 순 없으니까 호스트 평사 건너뛰고 게스트만 평가할 수 있도록 바꿔주세요.",,7,5.9.2,2026-07-30,,,https://play.google.com/store/apps/details?hl=ko&id=kr.munto.app
Google Play,8068a2d0-2e5b-44dd-be96-f2063622203e,1,2024-06-08T06:43:45+00:00,2024,"최악입니다. 하지마세요. 일단 환불규정 정확히 보시고 신청하길 바래요. 그냥 돈벌겠다고 하는사람들많고 개인간의 욕설, 폭언해도 계정탈퇴하면 아무것도 해결 안해줍니다.",,6,5.7.2,2026-07-30,,,https://play.google.com/store/apps/details?hl=ko&id=kr.munto.app
Google Play,54ea8039-c3a4-4502-aa91-47f77e7c4683,3,2024-04-27T10:41:42+00:00,2024,채팅기능 오류가 너무 잦아요.. 몇 시간째 안들어가지네요 모임도착했을때 채팅에 알려준 상세주소를 못봐서 당황한적도 종종 있습니다..개선해주세요,,0,5.5.1,2026-07-30,,,https://play.google.com/store/apps/details?hl=ko&id=kr.munto.app
Google Play,2f5a8346-225c-421e-9761-d40ee9b2f105,1,2024-04-27T03:41:47+00:00,2024,"앱을 최소화할 때 메인뷰로 돌아가버리면,(특히 카카오페이 결제할 때) 결제가 안돼요... 왜 자꾸 메인뷰로 돌아가게 구현하신 건가요? 기존에 적던 신청정보도 다 날아가게..",,1,5.5.1,2026-07-30,,,https://play.google.com/store/apps/details?hl=ko&id=kr.munto.app
Google Play,2eb568ba-3a0c-4f93-9fc7-3e711f843d01,3,2024-04-18T05:41:03+00:00,2024,나이 표시가 됐으면 좋겠습니다. 또래 모임을 찾고싶은데 나이 때문에 아무데나 들어가기 망설여지고 컨텐츠가 좋은 모임이어도 결국 다른 플랫폼 이용하게 되네요.,,0,5.5.0,2026-07-30,,,https://play.google.com/store/apps/details?hl=ko&id=kr.munto.app
Google Play,051e88df-372e-43ea-ab7a-805ad8645b11,1,2024-04-17T08:59:19+00:00,2024,채팅기능이 안돼,,1,,2026-07-30,,,https://play.google.com/store/apps/details?hl=ko&id=kr.munto.app
Google Play,cb39adf5-d5dc-4714-8904-74739471e729,1,2024-04-15T00:22:01+00:00,2024,"실망스럽습니다. 진행도, 환불도 안되고 매끄럽지 않아요. 안되는게 많네요. 고객센터 답변도 매우 불쾌합니다. 돈 돈돈.. 너무 해요",,3,5.4.0,2026-07-30,,,https://play.google.com/store/apps/details?hl=ko&id=kr.munto.app
Google Play,f1e99993-add9-4649-b5ba-f30fb15eb419,1,2024-04-09T18:51:40+00:00,2024,그냥 방장들과 앱운영자 돈벌이 수단.. 무슨 소개팅ㅋㅋ 모임 5분씩 대화하고 끝...대부분 그럼.. 여자들 다 돈나눠갖는 알바같음! 절대 무료모임만 가세요!ㅎㅎㅎ꿀팁!,,3,5.4.0,2026-07-30,,,https://play.google.com/store/apps/details?hl=ko&id=kr.munto.app
Google Play,328ccf42-7a44-4c1b-b2cb-bc90537ce303,2,2024-04-04T02:44:30+00:00,2024,"업데이트 이후 카카오톡 로그인을 시도하면 ""정상적으로 로그인되지 않았습니다. 다시 시도해주세요"" 라는 메시지가 뜨는데, 왜이러는 건가요?? 로그인이 안됩니다.",,2,5.4.0,2026-07-30,,,https://play.google.com/store/apps/details?hl=ko&id=kr.munto.app
Google Play,38a0266c-3fd5-4a9c-b7cf-c08b16991fbc,1,2024-03-20T22:38:50+00:00,2024,멜주소를 받으면 문자인증을 빼던가 둘중하나만 해야지. 문자는 오지도 않는다 문자 않오면 070 xxxx 찾으라고? 수십 수백개 중에 언제 찾음,,3,5.3.0,2026-07-30,,,https://play.google.com/store/apps/details?hl=ko&id=kr.munto.app
Google Play,0306830b-d6f6-4887-920b-68fefe9b3d60,3,2024-03-10T06:04:01+00:00,2024,로그인이 저절로 풀려서 메세지를 다 10게 되었어요 ㅎㅎ 그룹이 파토났네요! 감사해요!!!,,1,5.2.0,2026-07-30,,,https://play.google.com/store/apps/details?hl=ko&id=kr.munto.app
Google Play,a4be5e26-bcf0-4289-bf21-9e338293c905,1,2024-03-09T02:37:17+00:00,2024,거짓말 그만하시고요.모든 분들한테 정책 적용한다고 하시지 않으셨나요?정책은 모든 분들한테 적용이 안되고 있고 셀렉티드 호스트분들한테 무슨 말들을 하시는걸까요? 계속 할거고 정책 바뀔때까지 할겁니다.그만하시고 모든 분들한테 정책 적용하세요.이 앱은 사기입니다.사람 차별하고 돈만 미친 회사입니다.,,9,,2026-07-30,,,https://play.google.com/store/apps/details?hl=ko&id=kr.munto.app
Google Play,4d856337-9746-40bc-a46e-281c45c5fd1b,1,2024-02-14T04:33:59+00:00,2024,아니 고객센터 없나요... 로그인문제 생기면 어디다 문의하라는거죠,,3,5.0.2,2026-07-30,,,https://play.google.com/store/apps/details?hl=ko&id=kr.munto.app
App Store,14381328848,1,2026-08-03T04:47:41+00:00,2026,"당일파토 진짜 꽤 있습니다 ㅋㅋ 문토에서 신고해도 재재도 잘 안하는 것 같아요
ㄹㅇ 정떨어짐",비매너 유저가 너무 많음,,7.5.4,2026-08-05,mostrecent,1,https://apps.apple.com/kr/app/id1535886772
App Store,14292046169,1,2026-07-12T00:02:27+00:00,2026,신청 버튼도 안 눌리고 업로드도 안되고 그렇다고 호스트한테 따로 연락도 못하고 고객센터는 자고 있고 그래도 앱은 보기 편하고 잘 만든 듯 버그만 없으면 모임 1티어 앱일 듯 근데 소개팅 저런 거는 좀 없애라 너무 많아서 정신 사납다 ㄹㅇ,오류 너무 많다 리뷰 보니까 안 고치나보네,,7.5.3,2026-08-05,mostrecent,1,https://apps.apple.com/kr/app/id1535886772
App Store,14273033354,1,2026-07-07T07:29:52+00:00,2026,"문토 자체에서 밀어주는 업체가 있다는 건 심증이지만, 어딘가 뒤틀려있는 참가자가 신고하면 호스트한테 벌점 부여를 너무 쉽게 함. 호스트는 찐따 검열에 대한 규제가 너무 많고, 정작 찐따들을 보호하기 위한 규정은 유독 많음.
모임 열려고 여러 앱에서 인원 모집해 봤지만, 유독 모임에 참여하지 않았으면 하는 인간들이 많은 앱이긴 해서 앞으로 쓸 일은 없을 듯. 
유료 모임인데도 불구하고 공짜로 참여하고 싶어하는 문토거지들 너무 많음. 당근거지 저리가라임. 
퀄리티 있는 모임 계속 진행하고 싶은 호스트들한테는 그냥 최악의 앱임.",흠,,7.5.1,2026-08-05,mostrecent,1,https://apps.apple.com/kr/app/id1535886772
App Store,14268988984,1,2026-07-06T07:18:30+00:00,2026,23년즈음에는 정말 다양한 소셜모임들이 있었는데 점점 술파티나 블라인드소개팅들만 늘어가면서 소모임으로 다 옮겨간듯 수도권은 어떤지 모르겠지만 지방에서는 더이상 뭘 할 수 없는 어플,이제는 수명이 다한 어플,,7.5.1,2026-08-05,mostrecent,1,https://apps.apple.com/kr/app/id1535886772
App Store,14126776498,1,2026-05-31T10:36:43+00:00,2026,"잉여롭게 하루 때리고있는데,
이성한테 선톡이 왔네~?
팔로하고, 직업부터 물어보길래 내가 이것저것 찔러보니
ㅂ제이 창녀라네??
바로 신고하고 차단 날렸습니다.
가입할 때, 제발 좀 가입목적이랑
본인인증 철저히 확인 좀 해주세요
문토를 저도, 한동안 꾸준히
소셜링 참여했던 유저로서,
저런 미친년들이 들끓는 커뮤로
전락할까봐 심히 걱정됩니다..",스캠 씨발년들 관리좀 하세요,,7.4.8,2026-08-05,mostrecent,1,https://apps.apple.com/kr/app/id1535886772
App Store,14029899590,1,2026-05-05T06:03:19+00:00,2026,오류 에러,오류,,7.4.5,2026-08-05,mostrecent,1,https://apps.apple.com/kr/app/id1535886772
App Store,14013453831,1,2026-04-30T17:18:32+00:00,2026,보증금으로 일부만 묶는 것도 아니고 전체 환불 불가라니… 다른 서비스에 비해 너무 불합리해요,환불 규정이 불합리해요,,7.4.5,2026-08-05,mostrecent,1,https://apps.apple.com/kr/app/id1535886772
App Store,13981182815,3,2026-04-21T10:32:10+00:00,2026,간호사도 면허따는 전문직인데 왜 직군에 안넣음? 업뎃좀,직업군에 간호사 전문직,,7.4.4,2026-08-05,mostrecent,1,https://apps.apple.com/kr/app/id1535886772
App Store,13977964676,1,2026-04-20T11:46:40+00:00,2026,앱 구현수준 진짜… 하…,제발 투자좀 하세요,,7.4.4,2026-08-05,mostrecent,1,https://apps.apple.com/kr/app/id1535886772
App Store,13974623712,1,2026-04-19T12:58:40+00:00,2026,"이렇게 좋은앱을 만들고,
그렇게 많은 유저를 모아놓고,
대표의 개~~폐급 운영으로 나락가버린 비운의 앱...

모임앱이 아니라,
이성간 교/~미  목적인
파티앱으로 변질된지 오래 ㅋㅋㅋ

옛날에 재밌고, 다양한 모임 만들던 호스트들은 죄다 다른 플랫폼으로 도망감 ㅋㅋㅋㅋㅋ 분명 재밌는 모임 많았는데... 직원분들은 아실듯...?

ㅂ/신갗은 플러팅, 이성 만남 앱으로 변질되서 이젠 연령대도 30~40으로 올라감 ㅋㅋㅋㅋ 영/써티,영/포티 전용앱이 되어가는중 ㅋㅋㅋㅋㅋ

걍 소개팅 어플이랑 비슷합니다..
솔직히 틀내나는 운영때문에 이젠 20대는 거의없고 30대 ~40대 전용 어플임ㅋㅋㅋㅋㅋㅋ 

잡플래닛 보니까 퇴사자들 전부
대표만 문제삼던데....
직원분들 힘내세요...

모임 플랫폼으로썬 한국에서 역대급 유저 확보해놓고, 
ㅂ(신같음 운영으로 실시간으로 나락가고있는 비운의 어플.. 진짜 안타까움..","불쌍한 직원들....최고의 앱, 최악의 운영",,7.4.4,2026-08-05,mostrecent,1,https://apps.apple.com/kr/app/id1535886772
App Store,13953737880,1,2026-04-13T14:15:35+00:00,2026,가면 갈수록 병 ~~~ 신짓을 많이해서 삭제합니다 ㅂㅇ,유저를 ㅈ으로 봄,,7.4.3,2026-08-05,mostrecent,1,https://apps.apple.com/kr/app/id1535886772
App Store,13931549583,1,2026-04-07T09:12:42+00:00,2026,고개센터 운영 1도 안되고 문의 남겼더니 하루 종일 답변도 없네요. 오전에 남기면 오후쯤은 답변 오려나 싶었는데 진짜 어떻게 운영되나 싶네요.,고객센터 운영,,7.4.2,2026-08-05,mostrecent,1,https://apps.apple.com/kr/app/id1535886772
App Store,13913776375,1,2026-04-02T10:35:34+00:00,2026,"호스트를 개잦으로 알고 벌점 남발, 알고리즘 개병신 그래서 기존 호스트들 모두 떠남. 여기서 호스트 할 생각하지마라..",병신같은 운영의 결정체,,7.4.2,2026-08-05,mostrecent,1,https://apps.apple.com/kr/app/id1535886772
App Store,13887510860,1,2026-03-26T02:36:47+00:00,2026,"솔직히 1점도 아까운 수준입니다.
처음부터 끝까지 이용하면서 불편함밖에 없었어요.

고객센터는 답변이 너무 늦어서 문의를 해도 해결이 안 되고, 운영 자체가 제대로 되고 있는 건지 의문이 들 정도입니다. 가장 큰 문제는 참가자 검증이 전혀 안 된다는 점이에요. 사진이나 직업 같은 기본적인 정보도 확인이 안 되니까 신뢰가 완전히 깨집니다.

실제로 모임에 나가봤는데 분위기나 사람들 수준도 기대 이하였고, 나이랑 직업을 속이고 오는 남자들도 꽤 많아서 황당했습니다. 이런 부분은 최소한 걸러줘야 하는 거 아닌가요?

돈 내고 이용하는 서비스인데 관리가 이렇게 안 되는 건 너무 무책임하다고 느꼈습니다.
다시는 이용할 생각 없고, 주변에도 절대 추천 안 합니다.",최악 1점 아까운 수준,,7.4.2,2026-08-05,mostrecent,1,https://apps.apple.com/kr/app/id1535886772
App Store,13862101747,1,2026-03-18T19:28:18+00:00,2026,취향인연 안들어가져오,취향인연 안들어가져오,,7.4.1,2026-08-05,mostrecent,1,https://apps.apple.com/kr/app/id1535886772
App Store,13797023502,3,2026-02-28T01:51:54+00:00,2026,내가 관심 표현한 멤버 누르고 스크롤 내리다가 자꾸 연결시간 초과 되었다고 오류 뜨는데 어떻게좀 해주세요,연결 시간 오류,,7.3.9,2026-08-05,mostrecent,1,https://apps.apple.com/kr/app/id1535886772
App Store,13769772391,1,2026-02-20T13:13:26+00:00,2026,한번씩 튕김현상이 있는데 로그인하려해도 안됨 서버 증축하든지 해결 좀 해주세요,로그인 안됨,,7.3.8,2026-08-05,mostrecent,1,https://apps.apple.com/kr/app/id1535886772
App Store,13767817314,3,2026-02-19T23:03:23+00:00,2026,메일로 가입되어 있는데 비번 찾는다고 메일계정이 없는 건 뭔지???,로그인,,7.3.8,2026-08-05,mostrecent,1,https://apps.apple.com/kr/app/id1535886772
App Store,13751427250,1,2026-02-15T09:51:37+00:00,2026,클럽 신청하기 눌렀는데 안먹혀요,신청하기가 안돼요,,7.3.8,2026-08-05,mostrecent,1,https://apps.apple.com/kr/app/id1535886772
App Store,13739422326,1,2026-02-11T23:54:38+00:00,2026,채팅방 안되는데 고객 센터는 답변도 없고 뭐하는 겁니까,채팅방안되여,,7.3.7,2026-08-05,mostrecent,1,https://apps.apple.com/kr/app/id1535886772
App Store,13695359551,1,2026-01-31T02:55:42+00:00,2026,왜이렇게 무슨 파티 무슨소개팅 초대대화 무작위로 걸어대는지 짜증나는데 개인 메시지 자체를 닫는 기능이 필요한거같아요,대화 거부기능 없나요,,7.3.5,2026-08-05,mostrecent,1,https://apps.apple.com/kr/app/id1535886772
App Store,13668589963,1,2026-01-24T01:50:49+00:00,2026,"IOS 26.2 

소셜링 신청 이용규칙 동의 화면에서‘다음’ 버튼 눌러도 화면 안넘어가고 버튼 안먹음

로그아웃 디바이스 재부팅 앱 재설치 다해봐도 아무것도 안됨 첫 설치땐 호스트 질문까지 갔다가 이젠 걍 이용규칙도 안됨

빨리 수정해주세요",치명적 앱 버그,,7.3.4,2026-08-05,mostrecent,1,https://apps.apple.com/kr/app/id1535886772
App Store,13646847158,1,2026-01-18T07:02:46+00:00,2026,그냥 개쓰레기앱,취향인연 친구신청 온거 하나도 확인안됨,,7.3.3,2026-08-05,mostrecent,1,https://apps.apple.com/kr/app/id1535886772
App Store,13627178735,2,2026-01-13T01:41:08+00:00,2026,"모임 6번 참여하는 동안
한 번은 개인 계좌 입금을 요구하는 사기 의심 사례였고,
네 번은 모임을 열어놓고 아무런 공지 없이 잠수하는 사람이었습니다.

이 정도면 우연이 아니라 구조적인 문제라고 봅니다.
극소수의 방을 제외하면 대부분이 참여자 1명만 있는 방입니다.

개인 계좌 입금 요구, 모임 개설 후 잠수 같은 행위에 대해
명확한 패널티를 적용하지 않으면 서비스 개선은 어렵다고 생각합니다.",문제점부터 고쳐야될듯,,7.3.2,2026-08-05,mostrecent,1,https://apps.apple.com/kr/app/id1535886772
App Store,13541760945,2,2025-12-22T09:00:12+00:00,2025,"문토 잘 쓰고 있는 호스트입니다. 다 좋은데, 소셜링이나 클럽 글 새로 올릴 때마다 사진 로딩되는 속도가 진짜 속터집니다. 어떻게 방법 좀 없을까요? ㅠ 지금 거의 20분째 기다리고 있어요...그 간단한 일을 매번 이렇게 고생해야 하는 걸까요 ㅠ...방법 알려 주시면 감사하곘습니다..평점도 바로 수정할게요..",참다참다 리뷰 씁니다..,,7.2.0,2026-08-05,mostrecent,1,https://apps.apple.com/kr/app/id1535886772
App Store,13484001641,3,2025-12-07T00:18:17+00:00,2025,결제내역 삭제 못해요?,결제내역 삭제 못하나요?,,7.1.1,2026-08-05,mostrecent,2,https://apps.apple.com/kr/app/id1535886772
App Store,13435031713,1,2025-11-24T10:03:28+00:00,2025,자긱맘대로 이상한핑계되며 모임 일방적으로  취소해버리는 호스트 신고하려고 해도 고객센터도 제대로 안되어있고 요즘엔 돈을 벌고 싶은지 만남어플이랑 비슷한 행보를 하네요 알람을 몇번이나 보내는건지 짜증나죽겠네요,문제가 너무 많네요,,7.1.0,2026-08-05,mostrecent,2,https://apps.apple.com/kr/app/id1535886772
App Store,13315578657,1,2025-10-26T07:56:26+00:00,2025,"날짜든 뭐든 필터링하면 안뜨는 모임들 예전부터 많은데 왜 수정이 안되죠?

예를들어 홈에서 보이는 모임이 모임검색으로 들어가서 특정날짜나/뜨는순서 바꾸는거에 따라서도 안보일때 있음

이거뭐야 못봤던건데
할때가 많음;;;",누락모임 언제 수정되나요,,6.2.9,2026-08-05,mostrecent,2,https://apps.apple.com/kr/app/id1535886772
App Store,13260343240,3,2025-10-13T08:46:29+00:00,2025,"폰바꾸니 로그인이 안돼요 회원가입하려해도 안되구요
고객센터 찾아봐도 없구
어케해야할지 몰라 여기 남겨요",원래 이용하던 어플인데,,6.2.8,2026-08-05,mostrecent,2,https://apps.apple.com/kr/app/id1535886772
App Store,13196549921,1,2025-09-28T15:25:40+00:00,2025,탈퇴를 해버려서 비활성화 시키려 다시 로그인 시도하니 가입도 로그인도 안되네요.. 실수인데 진짜 한달이나 기다려야하나요,비활성화 해야하는데,,6.2.6,2026-08-05,mostrecent,2,https://apps.apple.com/kr/app/id1535886772
App Store,13157129824,1,2025-09-19T14:17:24+00:00,2025,"여기보니까,
진.짜 제대로된 사람을
못.본거같아요
사.람이름도 제대로 말하지 못하는 곳인데ㅋㅋㅋㅋ 신고먹을까봐 말못하는곳이라고 얼버무리지말고 말하세요ㅋ 종교적으로 그 사람 이름 절대 말못하는 그곳인듯 ㅋㅎㅋㅎㅋㅎㅋㅎ",여기보니까,,6.2.5,2026-08-05,mostrecent,2,https://apps.apple.com/kr/app/id1535886772
App Store,13138934656,1,2025-09-15T03:10:26+00:00,2025,"별 하나도 아깝습니다.

1.호스팅 수수료 문제
호스트 입장에서 가장 불만인 건 앱 규모에 전혀 맞지 않는 수수료 구조입니다. 참가자 결제금액에서 무려 20%를 떼어가는데, 솔직히 말이 안 됩니다. 무슨 지원을 해주는 것도 없으면서 이런 수수료를 받는 건 이용하는 입장에서는 납득하기 어렵습니다.

2.앱 자체 오류
앱 완성도가 너무 떨어집니다. 특히 문토에서 안내 문자가 오면, 정작 중요한 내용은 안 보이고 오류 문자만 오는 경우가 많습니다. 모임을 운영하는 입장에서 안내 사항을 확인할 수 없다는 건 치명적입니다. 기본적인 기능조차 제대로 작동하지 않는 건 정말 큰 문제라고 생각합니다.

3. 본인 확인 미흡
가장 위험한 건 본인 확인 절차가 사실상 의미가 없다는 점입니다. 그냥 이메일만 있으면 누구나 쉽게 가입할 수 있고, 남자가 여자 행세를 하는 것도 충분히 가능해 보입니다. 이런 구조라면 모임 참가자들의 안전이나 신뢰를 어떻게 보장할 수 있는지 의문입니다.

결론적으로, 수수료는 무슨 세계적 기업만큼 터무니없이 높고, 앱은 오류투성이에, 안전장치도 없는 플랫폼입니다. 이런 상태라면 누가 믿고 계속 사용할 수 있을까요?",별점 0개 없나요?,,6.2.5,2026-08-05,mostrecent,2,https://apps.apple.com/kr/app/id1535886772
App Store,13035833527,1,2025-08-19T15:46:42+00:00,2025,"누구나 호스트가 될 수 있는 만큼 지속적으로 신고와 불만이 들어오는 호스트에 대해서는 영구 정지와 같은 강항 제재가 필요해보여요. 사람들에게 불편을 주고 물을 흐리는 호스트가 다른 번호와 계정으로 가입해서 지속적으로 악행을 반복하면 이용자들도 안좋은 경험을 하면서 신뢰를 잃고 장기적으로 앱을 이용 안하게 될 거 같아요. 다양한 모임의 활성화 목적 때문인지, 수수료와 같은 수익 목적 때문인지는 모르겠지만, 많은 멤버들의 공통적인 피해가 접수되면 영구 정지와 같은 강한 제재가 필요해 보입니다. 앱이 잘 되길 바라면서 후기 남깁니다.",단기적인 돈보다 장기적으로 관리하셨으면 합니다,,6.2.3,2026-08-05,mostrecent,2,https://apps.apple.com/kr/app/id1535886772
App Store,13030194960,1,2025-08-18T06:54:13+00:00,2025,ㅋ,운영을이렇게할거면조만간이네,,6.2.2,2026-08-05,mostrecent,2,https://apps.apple.com/kr/app/id1535886772
App Store,13009456500,1,2025-08-13T05:29:52+00:00,2025,"20% 수수료
최악인 UX (메시지 복붙도 잘 안 됨)
답변 느린 CS
벌점 왜 먹었는지 알려 달라고 해도 규정이라면서 끝까지 안 알려 줌
먼저 말 안 걸면 절대 안 오는 여자 게스트들",호스트들 수수료 등쳐먹는 어플,,6.2.1,2026-08-05,mostrecent,3,https://apps.apple.com/kr/app/id1535886772
App Store,12817594399,1,2025-06-26T01:18:59+00:00,2025,신고 지들 ㅈ대로 받고 정정도 안해 납득도 못시켜 걍 안써 병신들아ㅠ,장애인같은 운영방식,,6.0.2,2026-08-05,mostrecent,3,https://apps.apple.com/kr/app/id1535886772
App Store,12779255589,1,2025-06-16T00:33:14+00:00,2025,이걸 보실지 모르겠지만 혹시몰라 다시가입해봤어요. 문토 초기느낌이 됐을까봐인데 역시나더라구요..기본 2-3만원부터 시작해서 들어가는비용도 엄청 가격도 세고 보시면 알겠지만 거의 다 이름만 “포틀럭파티”인 소개팅파티에요. 아닌데도있지만 독서 나 무료로 같이 카페만 가는 그런 모임도 거의 없더라구요. 문토는 그 재미였었는데말이죠. 다 사주니 뭐니 강의니 뭐니 하며 어딘지모를 곳만 올라오고 물론 그게 취미인분도 있겠지만 자연스럽고 깨끗한 모임은 이제 없는것같네요. 후기도 보면 아시겠지만 호스트분들도 제가 주변에 들은바로는 이상한분들도 많더라구요? 자기맘에안들면 온도테러하거나 차단해버리는. 이걸 체계를 좀 만들던가 관리를해줘야되는데 그런것도 아닌것같구요.. 그래서 몇번보자마자 그냥 탈퇴했어요. 많이변질됐어요. 진짜 아쉽네요. 여기만은 아니길바랬는데.. 고인것같으면 관리를 해야되는데.. 같이 영화보면서 헤어지거나 순전히 카페가는 모임은 눈씻고봐도없고. 기본적으로 참가비는 2만원이 최소고,너무 변질되었네요 초기멤버였고 탈퇴하다 재가입했어요,,5.21.0,2026-08-05,mostrecent,3,https://apps.apple.com/kr/app/id1535886772
App Store,12775350030,1,2025-06-15T00:52:30+00:00,2025,광고가 떠서 들어왔는데 다운을 받으니 결제가 됐어요 어떻게하면 환불을 받을 수 있을까요?,구매하는 거였다면 앱을 받지 않았을 거예요,,5.21.0,2026-08-05,mostrecent,3,https://apps.apple.com/kr/app/id1535886772
App Store,12771672470,2,2025-06-14T02:21:34+00:00,2025,소셜링 검색했을 때 참석자 프로필 사진들 보일 때가 편하고 좋았어요. 마감된 모임은 검색 안되게 바뀌어서 빈자리 알림받기도 못하네요. 요즘 갈만한 소규모 소셜링도 거의 없고 찾기 힘들어서 잘 안쓰게 돼요.,소셜링 검색 기능 불편,,5.21.0,2026-08-05,mostrecent,3,https://apps.apple.com/kr/app/id1535886772
App Store,12764248398,3,2025-06-12T03:18:21+00:00,2025,제 번호로,제 번호호 다른 사람이 가입을 했네요,,5.21.0,2026-08-05,mostrecent,3,https://apps.apple.com/kr/app/id1535886772
App Store,12751810763,3,2025-06-08T20:56:40+00:00,2025,모임 하나도 안나와요..,천안주말필터했는데,,5.21.0,2026-08-05,mostrecent,3,https://apps.apple.com/kr/app/id1535886772
App Store,12682998475,1,2025-05-22T01:48:26+00:00,2025,"고객센터 운영 안하고 호스트 관리도 안됨.

파라솔도 없이 야외 소셜링 진행

30분 동안 20-30명 인원이 비 맞으며 대기

미안하단 말도 없고 타 소셜링은 비싸서 서열정리 하겠다 라며 주둥이 터는 호스트 잼x

신발 바지 티 다 젖고 비는 계속 내릴 것 같고 30분 동안 비 맞으며 기다리다 열받아서 집 감.

다음날 리뷰 1점 줌. 그랬더니 계정 여러개 돌려서 온도 테러함.

소셜링 20번 이상은 한 것 같은데 최악의 경험을 마지막으로 앱 삭제함.",별 한개도 아깝다,,5.21.0,2026-08-05,mostrecent,3,https://apps.apple.com/kr/app/id1535886772
App Store,12677314409,1,2025-05-20T14:10:18+00:00,2025,"카카오 로그인 계속 팅겨서 로그인 안되고
걱정되서 참여도 못 하겠고 어플 로그인 관리 좀요!",로그인 오류 계속 발생,,5.21.0,2026-08-05,mostrecent,3,https://apps.apple.com/kr/app/id1535886772
App Store,12658909742,1,2025-05-15T14:18:16+00:00,2025,카톡 로그인 시도 10번 넘게 했는데 계속 안됩니다,카톡 로그인 안대요,,5.21.0,2026-08-05,mostrecent,3,https://apps.apple.com/kr/app/id1535886772
App Store,12587611257,3,2025-04-26T10:10:34+00:00,2025,"소모임이나 대모임 만나기에 좋지만 한가지 업데이트 할 만한 사항이 있었으면 해요!
프로필 사진을 확대할 수 있는 기능이 있었으면 좋겠습니다!",좋아요,,5.20.5,2026-08-05,mostrecent,3,https://apps.apple.com/kr/app/id1535886772
App Store,12556730027,1,2025-04-18T07:33:49+00:00,2025,좋네요,네,,5.20.5,2026-08-05,mostrecent,3,https://apps.apple.com/kr/app/id1535886772
App Store,12538903996,3,2025-04-13T15:35:29+00:00,2025,프사 변경하려고 하면 에러메시지가 뜨네요,프로필 사진 변경이 안되요.,,5.20.5,2026-08-05,mostrecent,3,https://apps.apple.com/kr/app/id1535886772
App Store,12514664882,1,2025-04-07T13:13:18+00:00,2025,"매너점수? 평점을 메기는 방식으로 인해 가식이 난무하는 곳. 지능은 탈출순인거 같다.
평점이 높으신 고인물들을 특히 조심하길..

연대나 소속감 따위는 느낄수 없는
개인들의 욕구만 채우는 곳임.

취미를 빌미로 터무니 없는 금액을 요구하는 장사꾼들이 판치고 선택지가 없는 개개인은 이용 당하거나 탈퇴하거나 2개 옵션뿐임.

플랫폼은 수수료만 챙기는 듯하고
무엇보다 위험한 소셜링에 대한 권고나 안내 가이드라인 없이 지속성을 갖을수 있을까?

본인의 선택에 신중을 기하시길..
다른 플랫폼 옵션도 고려해 보시길..",일회성 어플. 책임과 피해는 개인에게..,,5.20.2,2026-08-05,mostrecent,3,https://apps.apple.com/kr/app/id1535886772
App Store,12500684017,3,2025-04-04T01:24:55+00:00,2025,글 작성할때마다 렉 걸리고 사진 로딩하는데 한세월이고 다 썼는데 튕기고 정말 화딱지나요 •••,어플 시스템 좀 고쳐주세요..,,5.20.1,2026-08-05,mostrecent,3,https://apps.apple.com/kr/app/id1535886772
App Store,12485415934,1,2025-03-31T05:43:31+00:00,2025,"문토 채팅 외 타 채팅 서비스 이용 신고확인 및 벌점 2점 부과"" 문자로 안내를 받았는데 문토 채팅 내에서 오픈채팅을 언급한 게 이유인 것 같네요. 클럽 멤버는 나 포함 두 명뿐이고 상대방은 이미 오픈채팅에 들어왔으니 신고했을 리가 없고요. 문토 측에서 유저들 채팅 데이터 멋대로 모니터링하고 있는 건가요?
솔직히 타 플랫폼을 함께 쓴다고 벌점을 부과하는 건.. B2B에서도 납득하기 어려운 걸 B2C 에 이런 방식이라니.. 어질어질하네요. 경쟁 플랫폼을 견제하는 건 이해하지만 이런 방식은 사용자 경험만 해치는 일 아닌가요? 본인들 서비스가 부족하다는데, 고객 통제로 해결될 일도 아니고. 통제하고 감시할 시간에 본인들 서비스를 어떻게 더 매력적으로 잘 쓸 수 있을까에 대한 고민을 해보셨으면 좋겠네요.",채팅 감시?,,5.19.4,2026-08-05,mostrecent,3,https://apps.apple.com/kr/app/id1535886772
App Store,12372005061,1,2025-03-02T04:40:04+00:00,2025,지독한 신천지 ;;; 진짜 ㄱ .. ㅐ 같네요;^^,사이비 조심하세요,,5.19.3,2026-08-05,mostrecent,3,https://apps.apple.com/kr/app/id1535886772
App Store,12260872739,1,2025-02-02T09:08:22+00:00,2025,"장점: 사람들 많다, 모임 날마다 열림
단점: 90%가 개념, 인성 부족하고 무례한 사람들, 굉장히 상업적
결론: 탈퇴했음",몇달간 써본 후기,,5.18.1,2026-08-05,mostrecent,3,https://apps.apple.com/kr/app/id1535886772
App Store,12084703850,1,2024-12-20T11:58:42+00:00,2024,사교모임 파티에서는 여러이성이랑 한꺼번에 연락하고 바람피는사람 천지입니다.비추해요.,인성쓰레기들 밖에없어요,,5.16.9,2026-08-05,mostrecent,3,https://apps.apple.com/kr/app/id1535886772
App Store,12082781625,1,2024-12-19T22:12:26+00:00,2024,"여기 대표가 직원들에게 갑질로 서비스가 망해가던데

필터링해도 필터도 제대로안됨 

쿼리를 누가짠건지 ..ㄷㄷ",여기 망해간다던데,,5.16.9,2026-08-05,mostrecent,3,https://apps.apple.com/kr/app/id1535886772
App Store,11936916402,1,2024-11-11T05:46:41+00:00,2024,계속 로그아웃 되고 로그인 하려 하면 오류나는데 확인 좀 해주시죠,로그인 오류,,5.16.0,2026-08-05,mostrecent,3,https://apps.apple.com/kr/app/id1535886772
App Store,11867605584,1,2024-10-24T00:46:05+00:00,2024,계속안되는데 확인해주세요,프로필사진등록이안됨,,5.14.1,2026-08-05,mostrecent,3,https://apps.apple.com/kr/app/id1535886772
App Store,11763172365,3,2024-09-25T14:31:39+00:00,2024,별것도 아닌 것들이 돈벌겠다고 설치는 꼴들 목록 보다가 나와버리게 됨,처음엔좋았으나 돈벌려고 모인 사람들 가득,,5.14.0,2026-08-05,mostrecent,3,https://apps.apple.com/kr/app/id1535886772
App Store,11735518196,1,2024-09-17T23:01:58+00:00,2024,"소셜링 신청했더니 카톡 초대하고 좋은 인원 모시기 전에 미리 한번 봐야한다는 ㅂㅅ도 있었음. 하루 보는 것도 아닌 캠핑이나 펜션 ㅋㅋㅋ 합숙 면접인건가?..
뭐 다른 곳도 마찬가지겠지만 정말 별의별 사람이 다 있고 잘못 걸리면 굉장히 불쾌한 경험 합니다 참고하세요~",너무 별로였던 경험,,5.14.0,2026-08-05,mostrecent,3,https://apps.apple.com/kr/app/id1535886772
App Store,11712534308,1,2024-09-11T12:34:46+00:00,2024,"가입하려고 번호 적고 인증번호 받기 눌렀는데 다섯개의 인증번호가 문자로도, 카톡으로도 날아옵니다.. 다 입력해봤는데 아니라고 해서 가입 안 되길래 그냥 삭제했는데 그 이후로도 이전 번호들 그대로 몇번이고 다섯개씩 자꾸 날아와요ㅠ 좀 멈춰주세요ㅠ",인증번호만 몇십개가 옵니다ㅠ,,5.13.2,2026-08-05,mostrecent,3,https://apps.apple.com/kr/app/id1535886772
App Store,11712496349,1,2024-09-11T12:22:02+00:00,2024,살크업 WEEK 제가 알아서 할게요 ㅠ,아니 무슨 광고메시지를 1분에 하나씩 보내요 ;;,,5.13.2,2026-08-05,mostrecent,3,https://apps.apple.com/kr/app/id1535886772
App Store,11712458629,1,2024-09-11T12:09:00+00:00,2024,"휴대폰이랑 워치에 똑같은 마케팅 알림을 몇 번씩이나 왜 보내시는건지 이유를 알려주세요

하필 알림도 살크업 어쩌구 하는거라 꼴뵈기 싫고요 

어플 지우려다가 알림 차단만 했습니다",같은 알림을 도대체 몇 번이나 보내시는 거예요,,5.13.2,2026-08-05,mostrecent,3,https://apps.apple.com/kr/app/id1535886772
App Store,11712395902,1,2024-09-11T11:46:53+00:00,2024,자주 사용하는 앱은 아니었지만 푸시 알림 오류로 계속 반복적으로 알림이 와서 잠시 앱을 삭제해두었습니다 해결이 필요해 보여요,푸시 알림 오류,,5.13.2,2026-08-05,mostrecent,3,https://apps.apple.com/kr/app/id1535886772
App Store,11493173114,1,2024-07-14T19:14:53+00:00,2024,문토 정말 좋은데 소셜링 삭제나 숨길 수 있는 기능 없어서 탈퇴를 해야됨..;,문토,,5.10.2,2026-08-05,mostrecent,3,https://apps.apple.com/kr/app/id1535886772
App Store,11405066184,1,2024-06-21T03:25:05+00:00,2024,"세상 호스트에게 이렇게 빡빡한 가이드가 있는 
플랫폼은 처음
문제는 게스트가 만들고 운영진의 이상한 운영 방식으로
문제가 있는걸 
계속 호스트 가이드만 추가해서 운영하기 너무 힘들게함",세상 호스트에게 이렇게 빡빡한 가이드가 있는,,5.9.2,2026-08-05,mostrecent,3,https://apps.apple.com/kr/app/id1535886772
App Store,11277320443,1,2024-05-17T16:11:45+00:00,2024,"문토 참여 5번 이상
대다수는 외로운 사람들에게 플랫폼을 제공하고 돈을 받아가겠다는 마인드로 소셜링을 열어서
알맹이 없는 모임에 돈이 쭉쭉 나간다
시간을 같이 보내고 싶은 사람들의 마음을 이용하는 소셜링 개설자들은 플랫폼만 열고 모든게 돈
당연한건가? 싶다가도 돈을 내고 사람을 만나고 싶진 않다.
자연스러운 모임이 많았으면 한다.
나이대 30대 중반 대다수이고 나이많은 남자들은 가진것도 없으면서 까내리고 자랑하러 나온다 결혼대상자를 찾으며 허세를 부리지만 별로임",외로운 사람들에게 미안해야 한다,,5.6.0,2026-08-05,mostrecent,3,https://apps.apple.com/kr/app/id1535886772
App Store,11268179699,1,2024-05-15T00:29:47+00:00,2024,유명호스트들은 메시지다보내고 해도 괜찮고 일반인들은 조금만메시지보내도 다영구정지시켜버리는거지같은앱입니다.,고객센터 시간도아닌데 무슨 신고처리로영구정지시키는 거지같은앱,,5.6.0,2026-08-05,mostrecent,3,https://apps.apple.com/kr/app/id1535886772
App Store,11171915494,1,2024-04-18T05:20:38+00:00,2024,사람들과 모이는 장소가 너무 애매해요 중간지점에서 만나고싶은데 그게 어려운거같아요,사람들과 만나는 위치...,,5.5.0,2026-08-05,mostrecent,4,https://apps.apple.com/kr/app/id1535886772
App Store,11135401917,1,2024-04-08T13:51:42+00:00,2024,"처음 소셜링해서 약속장소로 나갔는데 1시간이나 기다렸는데 호스트도 멤버도 아무도 안나옴. 화나서 노쇼한 호스트 신고 먹이니까 문토 문지긴가 뭐시긴가 카톡으로 지네들 자체오류로 채팅이 안돼서 호스트가 나에게 메세지가 안보내졌다고 함. 처음 써보는거라 채팅이 안돼도 그냥 호스트가 안 열어서 안되는건지 알았음. 문토측에서는 지들 오류라고 해놓고 자기들이 잘못했다 해놓고 나중에는 내가 채팅 안되는거 자기들에게 알렸으면 이런 일 없었을거다 라는 식으로 기분나쁘게 말함. 처음 앱써보는 내가 그런 오류가 있는지 어떻게 암? 공지라도 주고 말하던가. 아무것도 모르고 약속 장소에서 기다렸던 시간, 교통비가 아까움. 지네들 오류로 이렇게 됐다고 하면서 내 시간도 교통비은 보상 안해주겠다고 함. 그냥 앱 이용자에 대한 배려도 없고 생각도 없는 것 같음. 이딴 그지같은 앱 다시는 안쓴다.",별점1점도 아까운 거지같은 앱,,5.4.0,2026-08-05,mostrecent,4,https://apps.apple.com/kr/app/id1535886772
App Store,11116211482,1,2024-04-03T09:07:47+00:00,2024,심지어 두번 결제되면 어디에 환불받나요 ???,앱 설치하자마자 결제되는거 맞아요 ?,,5.4.0,2026-08-05,mostrecent,4,https://apps.apple.com/kr/app/id1535886772
