condition_id,condition_name,direct_card_count,direct_unique_review_count,google_play_unique_reviews,app_store_unique_reviews,review_support,interpretation
A,참여 전 실제 목적·조건 예측,20,17,13,4,strong,"소개팅·술모임 노출, 취미 공급 부족과 필터 실패가 참여 전 선택을 어렵게 한다는 리뷰가 양 플랫폼에서 반복됨"
B,반복 가능한 상호작용 포맷,1,1,0,1,weak,현장 진행 실패 한 사례 외에는 리뷰가 진행 포맷을 구체적으로 설명하지 않아 인터뷰 기반 메커니즘 가설로 유지
C,호스트 역량 의존·운영 지원 부족,6,6,5,1,weak,호스트 책임 전가·제재·수수료·정산 사례는 있으나 호스트 소진과 모임 지속의 관계를 직접 말한 리뷰는 적어 핵심 문제 단독 근거로 부족
D,위험 판단·퇴출·사건 대응 부족,31,31,23,8,strong,취소·환불·문의 해결과 신고·제재·신원·안전 문제가 두 플랫폼에서 직접 반복됨. 앱 기능 오류는 별도 군집으로 분리
E,반복 참여·작은 기여,3,3,3,0,weak,반복 이용을 직접 말한 긍정 리뷰가 일부 있으나 참석 확정·후기 기여가 소속감을 만든다는 관계는 인터뷰에서만 확인
F,앱 완성도·내부 운영 도구,32,32,19,13,strong,로그인·채팅·알림·결제·필터·프로필 등 기본 과업 실패가 양 플랫폼에서 반복됨
G,비용·모집 방식의 공정성,15,15,12,3,strong,인터뷰 여섯 그룹에 없던 리뷰 고유 패턴. 비용 명세·성별 차등·외부 결제와 호스트 상업화가 참가자 진정성 불신으로 연결됨
R,삭제·탈퇴·외부 이동 결과,12,12,6,6,strong,평가를 넘어 삭제·탈퇴·비사용·대체 서비스 이동을 직접 표현한 결과 카드
P,취미·관계 가치가 작동한 반례,25,25,18,7,strong,조건이 맞을 때 다양한 취미와 긍정적 관계가 충족된 사례도 양 플랫폼에서 반복됨
