card_id,source_type,source_id,utterance_id,event_or_publish_date,collected_date,period_bucket,platform,source_url,rating,verbatim_excerpt,paraphrase,context,trigger_signal,behavior,outcome,alternative_service,primary_tag,secondary_tag,sentiment,evidence_type,evidence_strength,dedupe_key,cluster_id,need_statement,researcher_memo,pii_removed,coder,coding_status
Q003,blog,S003,B003-A,2024-05-27,2026-07-30,middle,Tistory,https://abk99.tistory.com/entry/%EC%B2%98%EC%9D%8C-%EC%8D%A8%EB%B3%B8-%EB%AC%B8%ED%86%A0-%ED%9B%84%EA%B8%B0-%EC%83%9D%EA%B0%81%EB%B3%B4%EB%8B%A4-%EB%82%98%EC%81%98%EC%A7%80-%EC%95%8A%EC%95%98%EB%8D%98-%ED%95%9C%EA%B0%95-%ED%94%BC%ED%81%AC%EB%8B%89-%EC%86%8C%EC%85%9C%EB%A7%81,,,피크닉의 음악과 휴식이라는 주제에 집중해 만족했다고 설명했다.,한강 피크닉 참여,주제가 자신의 목적과 일치함,활동에 집중함,만족스러운 경험,,긍정·반례,경험품질,positive,outcome,medium,tistory-20240527-topic,,,취미 목적이 충족된 반례로 보존,Y,Codex,coded
Q004,blog,S003,B003-B,2024-05-27,2026-07-30,middle,Tistory,https://abk99.tistory.com/entry/%EC%B2%98%EC%9D%8C-%EC%8D%A8%EB%B3%B8-%EB%AC%B8%ED%86%A0-%ED%9B%84%EA%B8%B0-%EC%83%9D%EA%B0%81%EB%B3%B4%EB%8B%A4-%EB%82%98%EC%81%98%EC%A7%80-%EC%95%8A%EC%95%98%EB%8D%98-%ED%95%9C%EA%B0%95-%ED%94%BC%ED%81%AC%EB%8B%89-%EC%86%8C%EC%85%9C%EB%A7%81,,,같은 모임 안에서도 연애나 주목받기 등 서로 다른 참여 목적이 있을 수 있다고 관찰했다.,피크닉 참여 중 다른 참가자 관찰,활동과 다른 참여 목적을 감지함,목적 차이를 평가함,파티·소개팅 모임과 구분이 필요하다고 판단,,기대불일치,숨은만남신호,mixed,observed_signal,medium,tistory-20240527-purpose,,,관찰자의 해석이며 다른 참가자의 실제 의도는 확인되지 않음,Y,Codex,coded
Q005,blog,S003,B003-C,2024-05-27,2026-07-30,middle,Tistory,https://abk99.tistory.com/entry/%EC%B2%98%EC%9D%8C-%EC%8D%A8%EB%B3%B8-%EB%AC%B8%ED%86%A0-%ED%9B%84%EA%B8%B0-%EC%83%9D%EA%B0%81%EB%B3%B4%EB%8B%A4-%EB%82%98%EC%81%98%EC%A7%80-%EC%95%8A%EC%95%98%EB%8D%98-%ED%95%9C%EA%B0%95-%ED%94%BC%ED%81%AC%EB%8B%89-%EC%86%8C%EC%85%9C%EB%A7%81,,,새로운 사람을 만나는 데 에너지가 많이 들어 한 번의 경험으로 충분하다고 판단했다.,만족스러운 피크닉 참여 후,낯선 사람과의 상호작용 비용,추가 사용을 고려함,장기 이용 의향이 낮아짐,,이탈행동,경험품질,mixed,behavior,high,tistory-20240527-energy,,,만남 목적 오염과 다른 이탈 원인이라는 반례,Y,Codex,coded
Q006,blog,S002,B002-A,2025-03-13,2026-07-30,recent,Tistory,https://news0858.tistory.com/8,,,상세 설명이 충분해 신청 전에 모임 분위기를 예상할 수 있었다고 평가했다.,와인 클래스 신청,구체적인 상세 설명,신청을 결정함,기대와 실제 분위기의 일치,,긍정·반례,안전·신뢰,positive,observed_signal,medium,tistory-20250313-description,,,출처의 홍보성 가능성을 고려해 증거 강도 중간,Y,Codex,coded
Q007,blog,S002,B002-B,2025-03-13,2026-07-30,recent,Tistory,https://news0858.tistory.com/8,,,전문 호스트의 체계적인 와인 설명 때문에 활동 만족도가 높았다고 평가했다.,와인 클래스 참여,전문 진행과 커리큘럼,활동에 참여함,취미 학습 목적 충족,,긍정·반례,경험품질,positive,outcome,medium,tistory-20250313-curriculum,,,취미 중심 상품의 긍정 사례,Y,Codex,coded
Q008,blog,S002,B002-C,2025-03-13,2026-07-30,recent,Tistory,https://news0858.tistory.com/8,,,무료 모임을 찾는 사용자에게 참가 비용이 부담이 될 수 있다고 지적했다.,유료 소셜링 평가,유료 참가 구조,비용을 비교함,참여 장벽 가능성,,경험품질,이탈행동,negative,perception,low,tistory-20250313-cost,,,본인의 이탈 행동이 아닌 일반적 평가,Y,Codex,coded
Q009,product_analysis,S005,D005-A,2022,2026-07-30,early,Disquiet,https://disquiet.io/articles/DMsLxP,,,참여자 프로필의 관심사와 참여 이력이 낯선 사람을 만나는 경계심을 낮췄다고 설명했다.,초기 문토 사용,참여자 관심사와 이력 확인,모임 참여를 진행함,신뢰와 심리적 안전감 증가,,긍정·반례,안전·신뢰,positive,observed_signal,medium,disquiet-2022-profile,,,초기 서비스 경험이라 최근 구조와 다를 수 있음,Y,Codex,coded
Q010,product_analysis,S005,D005-B,2022,2026-07-30,early,Disquiet,https://disquiet.io/articles/DMsLxP,,,채팅방 참여 후 연령대와 분위기가 맞지 않는다고 판단해 모임을 취소했다.,신청 후 채팅방 확인,연령대와 분위기 불일치,참여를 취소함,부적합한 모임을 회피함,,이탈행동,기대불일치,mixed,behavior,high,disquiet-2022-cancel,,,목록 단계가 아니라 신청 후 판단한 사례,Y,Codex,coded
Q011,product_analysis,S005,D005-C,2022,2026-07-30,early,Disquiet,https://disquiet.io/articles/DMsLxP,,,취미 크루를 얻은 긍정 경험 때문에 자주 쓰지 않아도 앱을 삭제하지 않겠다고 했다.,소셜링 참여 후,지속되는 취미 관계 형성,앱을 유지함,재사용 가능성을 남김,,긍정·반례,이탈행동,positive,outcome,medium,disquiet-2022-retain,,,초기 시점의 유지 요인,Y,Codex,coded
AS001,app_review,S006,12817594399-1,2025-06-25,2026-07-30,recent,Apple App Store,https://apps.apple.com/kr/app/id1535886772,1,신고 지들 ㅈ대로 받고 정정도 안해 납득도 못시켜,신고 접수와 정정 기준을 납득할 수 없었다고 평가했다.,Apple App Store 공개 리뷰에서 문토 이용 경험을 회고함,신고 지들 ㅈ대로 받고 정정도 안해 납득도 못시켜,운영 판단에 이의를 제기,플랫폼 신뢰 저하,,안전·신뢰,경험품질,negative,perception,medium,appstore-12817594399-안전·신뢰-1,,,동일 AI의 원문 수기 검토; 독립 사람 코더 검증 아님.,Y,Codex(AI 원문 수기 검토),verified
AS002,app_review,S006,12817594399-2,2025-06-25,2026-07-30,recent,Apple App Store,https://apps.apple.com/kr/app/id1535886772,1,걍 안써,운영 대응에 불만을 느껴 더 이상 사용하지 않겠다고 밝혔다.,Apple App Store 공개 리뷰에서 문토 이용 경험을 회고함,걍 안써,이용 중단,재이용 의향 상실,,이탈행동,안전·신뢰,negative,behavior,high,appstore-12817594399-이탈행동-2,,,동일 AI의 원문 수기 검토; 독립 사람 코더 검증 아님.,Y,Codex(AI 원문 수기 검토),verified
AS003,app_review,S006,12779255589-1,2025-06-15,2026-07-30,recent,Apple App Store,https://apps.apple.com/kr/app/id1535886772,1,거의 다 이름만 ‘포틀럭파티’인 소개팅파티에요,표면 명칭과 달리 다수 모임이 소개팅 파티라고 판단했다.,Apple App Store 공개 리뷰에서 문토 이용 경험을 회고함,거의 다 이름만 ‘포틀럭파티’인 소개팅파티에요,모임 목록의 실제 목적을 평가,취미 중심 서비스 기대 약화,,숨은만남신호,기대불일치,negative,observed_signal,high,appstore-12779255589-숨은만남신호-3,,,동일 AI의 원문 수기 검토; 독립 사람 코더 검증 아님.,Y,Codex(AI 원문 수기 검토),verified
AS004,app_review,S006,12779255589-2,2025-06-15,2026-07-30,recent,Apple App Store,https://apps.apple.com/kr/app/id1535886772,1,독서나 무료로 같이 카페만 가는 그런 모임도 거의 없더라구요,독서·카페 같은 자연스러운 취미 모임을 찾기 어렵다고 보고했다.,Apple App Store 공개 리뷰에서 문토 이용 경험을 회고함,독서나 무료로 같이 카페만 가는 그런 모임도 거의 없더라구요,원하는 취미 모임을 탐색,선택지 부족과 탐색 비용 증가,,탐색피로,기대불일치,negative,outcome,high,appstore-12779255589-탐색피로-4,,,동일 AI의 원문 수기 검토; 독립 사람 코더 검증 아님.,Y,Codex(AI 원문 수기 검토),verified
AS005,app_review,S006,12779255589-3,2025-06-15,2026-07-30,recent,Apple App Store,https://apps.apple.com/kr/app/id1535886772,1,기본 2-3만원부터 시작해서 들어가는 비용도 엄청 가격도 세고,기본 참가비와 판매형 모임이 많아졌다고 평가했다.,Apple App Store 공개 리뷰에서 문토 이용 경험을 회고함,기본 2-3만원부터 시작해서 들어가는 비용도 엄청 가격도 세고,비용과 상품 구성을 비교,자연스러운 모임의 참여 장벽 증가,,호스트상업화,경험품질,negative,perception,medium,appstore-12779255589-호스트상업화-5,,,동일 AI의 원문 수기 검토; 독립 사람 코더 검증 아님.,Y,Codex(AI 원문 수기 검토),verified
AS006,app_review,S006,12779255589-4,2025-06-15,2026-07-30,recent,Apple App Store,https://apps.apple.com/kr/app/id1535886772,1,자기맘에안들면 온도테러하거나 차단해버리는,호스트가 평점과 차단을 자의적으로 사용할 수 있다고 우려했다.,Apple App Store 공개 리뷰에서 문토 이용 경험을 회고함,자기맘에안들면 온도테러하거나 차단해버리는,호스트 운영을 평가,호스트와 평점 체계에 대한 불신,,안전·신뢰,호스트상업화,negative,perception,low,appstore-12779255589-안전·신뢰-6,,,주변에서 들었다는 간접 경험이므로 증거 강도를 낮춤 동일 AI의 원문 수기 검토; 독립 사람 코더 검증 아님.,Y,Codex(AI 원문 수기 검토),verified
AS007,app_review,S006,12779255589-5,2025-06-15,2026-07-30,recent,Apple App Store,https://apps.apple.com/kr/app/id1535886772,1,몇번보자마자 그냥 탈퇴했어요,재가입 후 목록을 확인했지만 기대와 달라 다시 탈퇴했다고 밝혔다.,Apple App Store 공개 리뷰에서 문토 이용 경험을 회고함,몇번보자마자 그냥 탈퇴했어요,재가입 후 탈퇴,서비스 이탈,,이탈행동,기대불일치,negative,behavior,high,appstore-12779255589-이탈행동-7,,,동일 AI의 원문 수기 검토; 독립 사람 코더 검증 아님.,Y,Codex(AI 원문 수기 검토),verified
AS008,app_review,S006,12775350030-1,2025-06-14,2026-07-30,recent,Apple App Store,https://apps.apple.com/kr/app/id1535886772,1,다운을 받으니 결제가 됐어요 어떻게하면 환불을 받을 수 있을까요?,앱 설치 뒤 예상하지 못한 결제가 발생했다고 인식하고 환불 경로를 찾았다.,Apple App Store 공개 리뷰에서 문토 이용 경험을 회고함,다운을 받으니 결제가 됐어요 어떻게하면 환불을 받을 수 있을까요?,환불 방법 문의,결제 신뢰와 통제감 저하,,안전·신뢰,경험품질,negative,outcome,medium,appstore-12775350030-안전·신뢰-8,,,동일 AI의 원문 수기 검토; 독립 사람 코더 검증 아님.,Y,Codex(AI 원문 수기 검토),verified
AS009,app_review,S006,12771672470-1,2025-06-13,2026-07-30,recent,Apple App Store,https://apps.apple.com/kr/app/id1535886772,2,참석자 프로필 사진들 보일 때가 편하고 좋았어요,참석자 정보를 미리 볼 수 있었던 과거 탐색 방식이 판단에 도움이 됐다고 평가했다.,Apple App Store 공개 리뷰에서 문토 이용 경험을 회고함,참석자 프로필 사진들 보일 때가 편하고 좋았어요,참석자 정보를 확인,참여 판단의 확신 증가,,긍정·반례,안전·신뢰,mixed,outcome,medium,appstore-12771672470-긍정·반례-9,,,동일 AI의 원문 수기 검토; 독립 사람 코더 검증 아님.,Y,Codex(AI 원문 수기 검토),verified
AS010,app_review,S006,12771672470-2,2025-06-13,2026-07-30,recent,Apple App Store,https://apps.apple.com/kr/app/id1535886772,2,갈만한 소규모 소셜링도 거의 없고 찾기 힘들어서,참여할 만한 소규모 모임의 공급과 발견 가능성이 낮다고 보고했다.,Apple App Store 공개 리뷰에서 문토 이용 경험을 회고함,갈만한 소규모 소셜링도 거의 없고 찾기 힘들어서,소규모 모임을 탐색,선택지 부족과 탐색 비용 증가,,탐색피로,경험품질,negative,outcome,high,appstore-12771672470-탐색피로-10,,,동일 AI의 원문 수기 검토; 독립 사람 코더 검증 아님.,Y,Codex(AI 원문 수기 검토),verified
AS011,app_review,S006,12771672470-3,2025-06-13,2026-07-30,recent,Apple App Store,https://apps.apple.com/kr/app/id1535886772,2,잘 안쓰게 돼요,원하는 소규모 모임을 찾기 어려워 사용 빈도가 낮아졌다고 밝혔다.,Apple App Store 공개 리뷰에서 문토 이용 경험을 회고함,잘 안쓰게 돼요,이용 빈도 감소,소극적 이탈,,이탈행동,탐색피로,negative,behavior,high,appstore-12771672470-이탈행동-11,,,동일 AI의 원문 수기 검토; 독립 사람 코더 검증 아님.,Y,Codex(AI 원문 수기 검토),verified
AS012,app_review,S006,12751810763-1,2025-06-08,2026-07-30,recent,Apple App Store,https://apps.apple.com/kr/app/id1535886772,3,모임 하나도 안나와요,검색 결과에 모임이 나타나지 않는다고 보고했다.,Apple App Store 공개 리뷰에서 문토 이용 경험을 회고함,모임 하나도 안나와요,모임을 검색,선택지 부재,,탐색피로,경험품질,negative,outcome,low,appstore-12751810763-탐색피로-12,,,동일 AI의 원문 수기 검토; 독립 사람 코더 검증 아님.,Y,Codex(AI 원문 수기 검토),verified
AS013,app_review,S006,12682998475-1,2025-05-21,2026-07-30,recent,Apple App Store,https://apps.apple.com/kr/app/id1535886772,1,30분 동안 20-30명 인원이 비 맞으며 대기,우천 대비 없이 다수 참가자가 장시간 대기한 진행 실패를 경험했다.,Apple App Store 공개 리뷰에서 문토 이용 경험을 회고함,30분 동안 20-30명 인원이 비 맞으며 대기,현장에서 대기 후 귀가,시간 손실과 모임 경험 악화,,경험품질,안전·신뢰,negative,outcome,high,appstore-12682998475-경험품질-13,,,동일 AI의 원문 수기 검토; 독립 사람 코더 검증 아님.,Y,Codex(AI 원문 수기 검토),verified
AS014,app_review,S006,12682998475-2,2025-05-21,2026-07-30,recent,Apple App Store,https://apps.apple.com/kr/app/id1535886772,1,계정 여러개 돌려서 온도 테러함,부정 리뷰 후 복수 계정으로 평점 보복을 받았다고 주장했다.,Apple App Store 공개 리뷰에서 문토 이용 경험을 회고함,계정 여러개 돌려서 온도 테러함,경험에 낮은 평점을 남김,보복 우려와 플랫폼 신뢰 저하,,안전·신뢰,호스트상업화,negative,outcome,medium,appstore-12682998475-안전·신뢰-14,,,작성자 주장으로 사실관계는 별도 확인 필요 동일 AI의 원문 수기 검토; 독립 사람 코더 검증 아님.,Y,Codex(AI 원문 수기 검토),verified
AS015,app_review,S006,12682998475-3,2025-05-21,2026-07-30,recent,Apple App Store,https://apps.apple.com/kr/app/id1535886772,1,최악의 경험을 마지막으로 앱 삭제함,반복 이용 후 최악의 현장 경험을 계기로 앱을 삭제했다고 밝혔다.,Apple App Store 공개 리뷰에서 문토 이용 경험을 회고함,최악의 경험을 마지막으로 앱 삭제함,앱 삭제,서비스 이탈,,이탈행동,경험품질,negative,behavior,high,appstore-12682998475-이탈행동-15,,,동일 AI의 원문 수기 검토; 독립 사람 코더 검증 아님.,Y,Codex(AI 원문 수기 검토),verified
AS016,app_review,S006,12677314409-1,2025-05-20,2026-07-30,recent,Apple App Store,https://apps.apple.com/kr/app/id1535886772,1,카카오 로그인 계속 팅겨서 로그인 안되고,로그인 오류 때문에 참여를 진행하지 못했다고 보고했다.,Apple App Store 공개 리뷰에서 문토 이용 경험을 회고함,카카오 로그인 계속 팅겨서 로그인 안되고,로그인을 반복 시도,모임 참여 중단,,경험품질,안전·신뢰,negative,outcome,medium,appstore-12677314409-경험품질-16,,,동일 AI의 원문 수기 검토; 독립 사람 코더 검증 아님.,Y,Codex(AI 원문 수기 검토),verified
AS017,app_review,S006,12658909742-1,2025-05-15,2026-07-30,recent,Apple App Store,https://apps.apple.com/kr/app/id1535886772,1,카톡 로그인 시도 10번 넘게 했는데 계속 안됩니다,열 차례 넘게 로그인에 실패했다고 보고했다.,Apple App Store 공개 리뷰에서 문토 이용 경험을 회고함,카톡 로그인 시도 10번 넘게 했는데 계속 안됩니다,로그인 반복 시도,서비스 진입 실패,,경험품질,안전·신뢰,negative,outcome,high,appstore-12658909742-경험품질-17,,,동일 AI의 원문 수기 검토; 독립 사람 코더 검증 아님.,Y,Codex(AI 원문 수기 검토),verified
AS018,app_review,S006,12538903996-1,2025-04-13,2026-07-30,recent,Apple App Store,https://apps.apple.com/kr/app/id1535886772,3,프사 변경하려고 하면 에러메시지가 뜨네요,프로필 사진 변경 기능에서 오류를 경험했다.,Apple App Store 공개 리뷰에서 문토 이용 경험을 회고함,프사 변경하려고 하면 에러메시지가 뜨네요,프로필 변경 시도,프로필 관리 실패,,경험품질,안전·신뢰,negative,outcome,medium,appstore-12538903996-경험품질-18,,,동일 AI의 원문 수기 검토; 독립 사람 코더 검증 아님.,Y,Codex(AI 원문 수기 검토),verified
AS019,app_review,S006,12587611257-1,2025-04-26,2026-07-30,recent,Apple App Store,https://apps.apple.com/kr/app/id1535886772,3,프로필 사진을 확대할 수 있는 기능이 있었으면 좋겠습니다,참석자 프로필을 확대해 확인할 수 있기를 요청했다.,Apple App Store 공개 리뷰에서 문토 이용 경험을 회고함,프로필 사진을 확대할 수 있는 기능이 있었으면 좋겠습니다,참석자 프로필 확인,참여 전 판단 정보의 가독성 부족,,경험품질,안전·신뢰,mixed,perception,low,appstore-12587611257-경험품질-19,,,동일 AI의 원문 수기 검토; 독립 사람 코더 검증 아님.,Y,Codex(AI 원문 수기 검토),verified
AS020,app_review,S006,12514664882-1,2025-04-07,2026-07-30,recent,Apple App Store,https://apps.apple.com/kr/app/id1535886772,1,매너점수? 평점을 메기는 방식으로 인해 가식이 난무하는 곳,평점 체계가 진솔한 관계보다 평판 관리를 유도한다고 인식했다.,Apple App Store 공개 리뷰에서 문토 이용 경험을 회고함,매너점수? 평점을 메기는 방식으로 인해 가식이 난무하는 곳,평점과 이용자 행동을 관찰,참가자와 평점 신호에 대한 불신,,안전·신뢰,호스트상업화,negative,perception,medium,appstore-12514664882-안전·신뢰-20,,,동일 AI의 원문 수기 검토; 독립 사람 코더 검증 아님.,Y,Codex(AI 원문 수기 검토),verified
AS021,app_review,S006,12514664882-2,2025-04-07,2026-07-30,recent,Apple App Store,https://apps.apple.com/kr/app/id1535886772,1,취미를 빌미로 터무니 없는 금액을 요구하는 장사꾼들이 판치고,취미를 매개로 과도한 비용을 요구하는 판매형 모임이 많다고 평가했다.,Apple App Store 공개 리뷰에서 문토 이용 경험을 회고함,취미를 빌미로 터무니 없는 금액을 요구하는 장사꾼들이 판치고,비용과 호스트 목적을 평가,참여 비용과 진정성에 대한 불신,,호스트상업화,경험품질,negative,perception,medium,appstore-12514664882-호스트상업화-21,,,동일 AI의 원문 수기 검토; 독립 사람 코더 검증 아님.,Y,Codex(AI 원문 수기 검토),verified
AS022,app_review,S006,12514664882-3,2025-04-07,2026-07-30,recent,Apple App Store,https://apps.apple.com/kr/app/id1535886772,1,다른 플랫폼 옵션도 고려해 보시길,문토 외 다른 플랫폼을 대안으로 고려하라고 권했다.,Apple App Store 공개 리뷰에서 문토 이용 경험을 회고함,다른 플랫폼 옵션도 고려해 보시길,대체 플랫폼을 고려,문토 의존도와 재이용 의향 저하,다른 플랫폼(미명시),대체서비스,이탈행동,negative,behavior,medium,appstore-12514664882-대체서비스-22,,,동일 AI의 원문 수기 검토; 독립 사람 코더 검증 아님.,Y,Codex(AI 원문 수기 검토),verified
AS023,app_review,S006,12500684017-1,2025-04-03,2026-07-30,recent,Apple App Store,https://apps.apple.com/kr/app/id1535886772,3,글 작성할때마다 렉 걸리고 사진 로딩하는데 한세월이고 다 썼는데 튕기고,글 작성·사진 로딩 과정의 지연과 종료로 작성 내용을 잃었다고 보고했다.,Apple App Store 공개 리뷰에서 문토 이용 경험을 회고함,글 작성할때마다 렉 걸리고 사진 로딩하는데 한세월이고 다 썼는데 튕기고,게시글 작성,시간 손실과 작성 실패,,경험품질,안전·신뢰,negative,outcome,medium,appstore-12500684017-경험품질-23,,,동일 AI의 원문 수기 검토; 독립 사람 코더 검증 아님.,Y,Codex(AI 원문 수기 검토),verified
AS024,app_review,S006,12485415934-1,2025-03-30,2026-07-30,recent,Apple App Store,https://apps.apple.com/kr/app/id1535886772,1,유저들 채팅 데이터 멋대로 모니터링하고 있는 건가요?,외부 채팅 언급에 대한 벌점 때문에 채팅 감시와 제재 기준을 우려했다.,Apple App Store 공개 리뷰에서 문토 이용 경험을 회고함,유저들 채팅 데이터 멋대로 모니터링하고 있는 건가요?,벌점 사유를 추론하고 이의 제기,프라이버시와 운영 신뢰 저하,,안전·신뢰,경험품질,negative,perception,medium,appstore-12485415934-안전·신뢰-24,,,동일 AI의 원문 수기 검토; 독립 사람 코더 검증 아님.,Y,Codex(AI 원문 수기 검토),verified
AS025,app_review,S006,12372005061-1,2025-03-01,2026-07-30,recent,Apple App Store,https://apps.apple.com/kr/app/id1535886772,1,지독한 신천지,종교 권유로 의심되는 참가자를 경험했다고 짧게 주장했다.,Apple App Store 공개 리뷰에서 문토 이용 경험을 회고함,지독한 신천지,참가자 위험을 평가,참여 안전감 저하,,안전·신뢰,경험품질,negative,perception,low,appstore-12372005061-안전·신뢰-25,,,맥락과 구체적 장면이 부족함 동일 AI의 원문 수기 검토; 독립 사람 코더 검증 아님.,Y,Codex(AI 원문 수기 검토),verified
AS026,app_review,S006,12260872739-1,2025-02-02,2026-07-30,recent,Apple App Store,https://apps.apple.com/kr/app/id1535886772,1,"사람들 많다, 모임 날마다 열림",참가자와 모임 공급이 충분하다는 장점을 함께 언급했다.,Apple App Store 공개 리뷰에서 문토 이용 경험을 회고함,"사람들 많다, 모임 날마다 열림",모임 선택지를 확인,선택 기회 증가,,긍정·반례,경험품질,mixed,outcome,low,appstore-12260872739-긍정·반례-26,,,동일 AI의 원문 수기 검토; 독립 사람 코더 검증 아님.,Y,Codex(AI 원문 수기 검토),verified
AS027,app_review,S006,12260872739-2,2025-02-02,2026-07-30,recent,Apple App Store,https://apps.apple.com/kr/app/id1535886772,1,굉장히 상업적,참가자 경험과 모임 운영이 지나치게 상업적이라고 평가했다.,Apple App Store 공개 리뷰에서 문토 이용 경험을 회고함,굉장히 상업적,서비스 경험을 평가,모임 진정성 저하,,호스트상업화,경험품질,negative,perception,low,appstore-12260872739-호스트상업화-27,,,동일 AI의 원문 수기 검토; 독립 사람 코더 검증 아님.,Y,Codex(AI 원문 수기 검토),verified
AS028,app_review,S006,12260872739-3,2025-02-02,2026-07-30,recent,Apple App Store,https://apps.apple.com/kr/app/id1535886772,1,결론: 탈퇴했음,부정적 경험 후 탈퇴했다고 명시했다.,Apple App Store 공개 리뷰에서 문토 이용 경험을 회고함,결론: 탈퇴했음,회원 탈퇴,서비스 이탈,,이탈행동,경험품질,negative,behavior,high,appstore-12260872739-이탈행동-28,,,동일 AI의 원문 수기 검토; 독립 사람 코더 검증 아님.,Y,Codex(AI 원문 수기 검토),verified
AS029,app_review,S006,12084703850-1,2024-12-20,2026-07-30,middle,Apple App Store,https://apps.apple.com/kr/app/id1535886772,1,사교모임 파티에서는 여러이성이랑 한꺼번에 연락하고,파티 참가자들이 다수의 이성과 동시에 연락하는 만남 목적 행동을 보인다고 주장했다.,Apple App Store 공개 리뷰에서 문토 이용 경험을 회고함,사교모임 파티에서는 여러이성이랑 한꺼번에 연락하고,파티 참가자 행동을 평가,취미보다 연애 목적이라는 인식,,숨은만남신호,안전·신뢰,negative,observed_signal,low,appstore-12084703850-숨은만남신호-29,,,동일 AI의 원문 수기 검토; 독립 사람 코더 검증 아님.,Y,Codex(AI 원문 수기 검토),verified
AS030,app_review,S006,12084703850-2,2024-12-20,2026-07-30,middle,Apple App Store,https://apps.apple.com/kr/app/id1535886772,1,바람피는사람 천지입니다,사교 파티 참가자의 관계 상태와 행동을 신뢰하기 어렵다고 주장했다.,Apple App Store 공개 리뷰에서 문토 이용 경험을 회고함,바람피는사람 천지입니다,참가자 신뢰성을 평가,파티 참여 회피 의향,,안전·신뢰,숨은만남신호,negative,perception,low,appstore-12084703850-안전·신뢰-30,,,동일 AI의 원문 수기 검토; 독립 사람 코더 검증 아님.,Y,Codex(AI 원문 수기 검토),verified
AS031,app_review,S006,12082781625-1,2024-12-19,2026-07-30,middle,Apple App Store,https://apps.apple.com/kr/app/id1535886772,1,필터링해도 필터도 제대로안됨,필터가 의도대로 작동하지 않는다고 보고했다.,Apple App Store 공개 리뷰에서 문토 이용 경험을 회고함,필터링해도 필터도 제대로안됨,필터 사용,탐색 기능 실패,,경험품질,안전·신뢰,negative,outcome,low,appstore-12082781625-경험품질-31,,,동일 AI의 원문 수기 검토; 독립 사람 코더 검증 아님.,Y,Codex(AI 원문 수기 검토),verified
AS032,app_review,S006,11936916402-1,2024-11-10,2026-07-30,middle,Apple App Store,https://apps.apple.com/kr/app/id1535886772,1,계속 로그아웃 되고 로그인 하려 하면 오류,반복 로그아웃과 로그인 오류를 경험했다.,Apple App Store 공개 리뷰에서 문토 이용 경험을 회고함,계속 로그아웃 되고 로그인 하려 하면 오류,로그인 재시도,서비스 접근 실패,,경험품질,안전·신뢰,negative,outcome,medium,appstore-11936916402-경험품질-32,,,동일 AI의 원문 수기 검토; 독립 사람 코더 검증 아님.,Y,Codex(AI 원문 수기 검토),verified
AS033,app_review,S006,12827053972-1,2025-06-28,2026-07-30,recent,Apple App Store,https://apps.apple.com/kr/app/id1535886772,5,하나밖에 못 만들어서 아쉽습니다,생성 가능한 모임 수의 제한을 아쉬워했다.,Apple App Store 공개 리뷰에서 문토 이용 경험을 회고함,하나밖에 못 만들어서 아쉽습니다,모임 생성,호스트 활동 제약,,경험품질,긍정·반례,mixed,perception,low,appstore-12827053972-경험품질-33,,,동일 AI의 원문 수기 검토; 독립 사람 코더 검증 아님.,Y,Codex(AI 원문 수기 검토),verified
AS034,app_review,S006,12655340576-1,2025-05-14,2026-07-30,recent,Apple App Store,https://apps.apple.com/kr/app/id1535886772,4,카카오톡 연결이 안됩니다,카카오톡 연동이 작동하지 않는다고 보고했다.,Apple App Store 공개 리뷰에서 문토 이용 경험을 회고함,카카오톡 연결이 안됩니다,카카오톡 연동 시도,기능 이용 실패,,경험품질,안전·신뢰,mixed,outcome,medium,appstore-12655340576-경험품질-34,,,동일 AI의 원문 수기 검토; 독립 사람 코더 검증 아님.,Y,Codex(AI 원문 수기 검토),verified
AS035,app_review,S006,12564940538-1,2025-04-20,2026-07-30,recent,Apple App Store,https://apps.apple.com/kr/app/id1535886772,5,같은메시지 한개보내면 알람 두개씩 떠요,동일 메시지 알림이 중복 표시되는 오류를 경험했다.,Apple App Store 공개 리뷰에서 문토 이용 경험을 회고함,같은메시지 한개보내면 알람 두개씩 떠요,알림 확인,알림 피로,,경험품질,긍정·반례,mixed,outcome,medium,appstore-12564940538-경험품질-35,,,동일 AI의 원문 수기 검토; 독립 사람 코더 검증 아님.,Y,Codex(AI 원문 수기 검토),verified
AS036,app_review,S006,12564940538-2,2025-04-20,2026-07-30,recent,Apple App Store,https://apps.apple.com/kr/app/id1535886772,5,취미같은 사람끼리 만날수도있어서 좋네요,비슷한 취미를 가진 사람을 만날 수 있어 즐거웠다고 평가했다.,Apple App Store 공개 리뷰에서 문토 이용 경험을 회고함,취미같은 사람끼리 만날수도있어서 좋네요,취미 모임 참여,취미 목적과 관계 형성 충족,,긍정·반례,경험품질,positive,outcome,medium,appstore-12564940538-긍정·반례-36,,,동일 AI의 원문 수기 검토; 독립 사람 코더 검증 아님.,Y,Codex(AI 원문 수기 검토),verified
AS037,app_review,S006,12545444556-1,2025-04-15,2026-07-30,recent,Apple App Store,https://apps.apple.com/kr/app/id1535886772,5,시간가는줄모르고 떠들다 갑니다,대화에 몰입할 만큼 즐거운 모임을 경험했다.,Apple App Store 공개 리뷰에서 문토 이용 경험을 회고함,시간가는줄모르고 떠들다 갑니다,모임에서 대화,긍정적인 사교 경험,,긍정·반례,경험품질,positive,outcome,medium,appstore-12545444556-긍정·반례-37,,,동일 AI의 원문 수기 검토; 독립 사람 코더 검증 아님.,Y,Codex(AI 원문 수기 검토),verified
AS038,app_review,S006,12536922593-1,2025-04-12,2026-07-30,recent,Apple App Store,https://apps.apple.com/kr/app/id1535886772,5,참석 구성원을 볼 수 있게 표시해주세요,참석자와 클럽 정보를 탐색 화면에서 확인할 수 있기를 요청했다.,Apple App Store 공개 리뷰에서 문토 이용 경험을 회고함,참석 구성원을 볼 수 있게 표시해주세요,참석 정보 확인 시도,참여 전 판단 정보 부족,,경험품질,안전·신뢰,mixed,perception,medium,appstore-12536922593-경험품질-38,,,동일 AI의 원문 수기 검토; 독립 사람 코더 검증 아님.,Y,Codex(AI 원문 수기 검토),verified
AS039,app_review,S006,12513851630-1,2025-04-07,2026-07-30,recent,Apple App Store,https://apps.apple.com/kr/app/id1535886772,5,비용도 합리적이고 재밌었습니다,합리적인 비용으로 재미있는 모임을 경험했다고 평가했다.,Apple App Store 공개 리뷰에서 문토 이용 경험을 회고함,비용도 합리적이고 재밌었습니다,유료 모임 참여,비용과 경험에 대한 만족,,긍정·반례,호스트상업화,positive,outcome,medium,appstore-12513851630-긍정·반례-39,,,동일 AI의 원문 수기 검토; 독립 사람 코더 검증 아님.,Y,Codex(AI 원문 수기 검토),verified
AS040,app_review,S006,12178038125-1,2025-01-12,2026-07-30,recent,Apple App Store,https://apps.apple.com/kr/app/id1535886772,4,유료모임 열고 정산 기다리는 중인데 언제 해주죠,유료 모임 정산 지연과 안내 페이지 오류를 경험했다.,Apple App Store 공개 리뷰에서 문토 이용 경험을 회고함,유료모임 열고 정산 기다리는 중인데 언제 해주죠,정산 상태 확인과 문의,호스트 운영 불확실성,,경험품질,호스트상업화,mixed,outcome,high,appstore-12178038125-경험품질-40,,,동일 AI의 원문 수기 검토; 독립 사람 코더 검증 아님.,Y,Codex(AI 원문 수기 검토),verified
AS041,app_review,S006,11902854727-1,2024-11-02,2026-07-30,middle,Apple App Store,https://apps.apple.com/kr/app/id1535886772,5,참 목적이 좋은 앱입니다,서비스의 취미·사교 목적을 긍정적으로 평가했다.,Apple App Store 공개 리뷰에서 문토 이용 경험을 회고함,참 목적이 좋은 앱입니다,서비스 목적 평가,전반적 호감,,긍정·반례,경험품질,positive,perception,low,appstore-11902854727-긍정·반례-41,,,동일 AI의 원문 수기 검토; 독립 사람 코더 검증 아님.,Y,Codex(AI 원문 수기 검토),verified
AS042,app_review,S006,11718954312-1,2024-09-13,2026-07-30,middle,Apple App Store,https://apps.apple.com/kr/app/id1535886772,5,종류별로 다양한 모임들이 있어서 편리하게 이용,다양한 취미 모임을 한곳에서 찾을 수 있어 편리했다고 평가했다.,Apple App Store 공개 리뷰에서 문토 이용 경험을 회고함,종류별로 다양한 모임들이 있어서 편리하게 이용,취미 모임 탐색,탐색 편의와 선택지 만족,,긍정·반례,탐색피로,positive,outcome,medium,appstore-11718954312-긍정·반례-42,,,동일 AI의 원문 수기 검토; 독립 사람 코더 검증 아님.,Y,Codex(AI 원문 수기 검토),verified
GP001,app_review,S001,357b40a5-1,2026-07-18,2026-07-30,recent,Google Play,https://play.google.com/store/apps/details?hl=ko&id=kr.munto.app,1,신청한 모임 시간 다 돼가는데 승인이 안 돼서 호스트 문의하려고 했더니 문의가 안 됨 이런 경우 환불이 되는지도 모르겠음,취소·환불·신원·분쟁 대응 과정에서 플랫폼의 보호와 운영을 신뢰하기 어렵다고 보고했다.,Google Play 공개 리뷰에서 문토 이용 경험을 회고함,환불,문제를 신고하거나 지원을 요청,참여 안전감과 플랫폼 신뢰 저하,,안전·신뢰,경험품질,negative,outcome,medium,gplay-357b40a5-20de-447e-adbf-25e7d2e14a02-안전·신뢰,,,AI 1차 분류. 원문 맥락·발화 분리·태그를 연구자가 검증해야 함. 동일 발화의 경험품질 카드를 2차 검토에서 병합함. 2차 검토: 승인·연락·환불 책임을 확인할 수 없는 상태가 신뢰 문제로 연결된다.,Y,Codex(AI 1차+2차 검토),verified
GP002,app_review,S001,86e5dfe1-1,2026-07-17,2026-07-30,recent,Google Play,https://play.google.com/store/apps/details?hl=ko&id=kr.munto.app,1,대전권 진짜 심각합니다 전화번호 뒷자리 요구하고 항상 당일취소 당하네요 앱 사용하면서 5번정도 소셜링 신청했는데 모임 진행된적이 단 한 번도 없어요,취소·환불·신원·분쟁 대응 과정에서 플랫폼의 보호와 운영을 신뢰하기 어렵다고 보고했다.,Google Play 공개 리뷰에서 문토 이용 경험을 회고함,당일취소,문제를 신고하거나 지원을 요청,참여 안전감과 플랫폼 신뢰 저하,,안전·신뢰,경험품질,negative,outcome,medium,gplay-86e5dfe1-1240-43ea-99a3-bcba6eca0dfe-안전·신뢰,,,AI 1차 분류. 원문 맥락·발화 분리·태그를 연구자가 검증해야 함. 2차 검토: 다섯 차례 신청과 반복 취소라는 구체적 경험이 있다.,Y,Codex(AI 1차+2차 검토),verified
GP003,app_review,S001,ce5762be-1,2026-07-15,2026-07-30,recent,Google Play,https://play.google.com/store/apps/details?hl=ko&id=kr.munto.app,1,갠톡이 굉장히 늦게 오고 알림이 여러번 뜨는 등 버그가 많아요,앱 기능이나 운영 절차의 오류·지연 때문에 모임 이용 과정이 끊겼다고 보고했다.,Google Play 공개 리뷰에서 문토 이용 경험을 회고함,버그,재설치·재시도 또는 문의,이용 실패와 시간 손실,,경험품질,안전·신뢰,negative,outcome,medium,gplay-ce5762be-e613-4f41-9141-8164afb917cb-경험품질,,,AI 1차 분류. 원문 맥락·발화 분리·태그를 연구자가 검증해야 함. 2차 검토: 알림 지연과 중복 노출은 구체적인 기능 경험 문제다.,Y,Codex(AI 1차+2차 검토),verified
GP004,app_review,S001,ef94cc17-1,2026-07-13,2026-07-30,recent,Google Play,https://play.google.com/store/apps/details?hl=ko&id=kr.munto.app,1,대형 호스트일수록 어떤사유든 한번만 신고당해도 지금보다 더 융통성 없다시피 무조건적인 서비스 이용 영원히 못하게 하고 강제탈퇴 시키는식으로 제재를 강화시켜야 될 필요가 있습니다 그래야 호스트들…,취소·환불·신원·분쟁 대응 과정에서 플랫폼의 보호와 운영을 신뢰하기 어렵다고 보고했다.,Google Play 공개 리뷰에서 문토 이용 경험을 회고함,블랙리스트,문제를 신고하거나 지원을 요청,참여 안전감과 플랫폼 신뢰 저하,,안전·신뢰,경험품질,negative,outcome,medium,gplay-ef94cc17-cf9f-4c9d-be2f-221ceb1c6886-안전·신뢰,,,AI 1차 분류. 원문 맥락·발화 분리·태그를 연구자가 검증해야 함.,Y,Codex(AI),coded
GP005,app_review,S001,966cc98c-1,2026-07-11,2026-07-30,recent,Google Play,https://play.google.com/store/apps/details?hl=ko&id=kr.munto.app,2,대전권 한번 검토부탁드립니다 소셜링이 전부 다 당일파토가 나고 있으며 주회하는 사람들 대부분이 전화번호등을 요구하면서 당일파토내는 경우가 진짜 많습니다.,취소·환불·신원·분쟁 대응 과정에서 플랫폼의 보호와 운영을 신뢰하기 어렵다고 보고했다.,Google Play 공개 리뷰에서 문토 이용 경험을 회고함,당일파토,문제를 신고하거나 지원을 요청,참여 안전감과 플랫폼 신뢰 저하,,안전·신뢰,경험품질,negative,outcome,medium,gplay-966cc98c-4f06-4873-912d-4b1944f36eb1-안전·신뢰,,,AI 1차 분류. 원문 맥락·발화 분리·태그를 연구자가 검증해야 함.,Y,Codex(AI),coded
GP006,app_review,S001,e7a8f75f-1,2026-07-01,2026-07-30,recent,Google Play,https://play.google.com/store/apps/details?hl=ko&id=kr.munto.app,3,업댓후 만들어진 모임에 채팅이안되요 복구좀해주세요,앱 기능이나 운영 절차의 오류·지연 때문에 모임 이용 과정이 끊겼다고 보고했다.,Google Play 공개 리뷰에서 문토 이용 경험을 회고함,채팅,재설치·재시도 또는 문의,이용 실패와 시간 손실,,경험품질,안전·신뢰,negative,outcome,medium,gplay-e7a8f75f-fb2d-4db0-945c-eb7e903c6da1-경험품질,,,AI 1차 분류. 원문 맥락·발화 분리·태그를 연구자가 검증해야 함. 2차 검토: 업데이트 후 모임 채팅 불가라는 구체적 이용 실패가 있다.,Y,Codex(AI 1차+2차 검토),verified
GP007,app_review,S001,20071773-1,2026-06-15,2026-07-30,recent,Google Play,https://play.google.com/store/apps/details?hl=ko&id=kr.munto.app,1,소셜링에서 2차 요금을 호스트 개인계좌로 받는일이 많음 그게 불법임 그런경우를 몇번 목격해서 계좌이체내역 캡쳐해서 고객센터에 신고했음 그랬는데 자세한 내역을 보내라고 함 아니 뭐 소셜링 끝날때…,호스트·플랫폼의 수익화 방식이나 인위적인 인기 신호가 경험의 질을 해친다고 인식했다.,Google Play 공개 리뷰에서 문토 이용 경험을 회고함,개인계좌,비용과 운영 방식을 평가,운영자와 플랫폼에 대한 신뢰 저하,,호스트상업화,안전·신뢰,negative,perception,medium,gplay-20071773-0802-4d17-b2ff-1f283d43616a-호스트상업화,,,AI 1차 분류. 원문 맥락·발화 분리·태그를 연구자가 검증해야 함. 2차 검토: 2차 비용의 개인계좌 수납을 반복 관찰하고 신고한 구체적 사례다.,Y,Codex(AI 1차+2차 검토),verified
GP008,app_review,S001,20071773-2,2026-06-15,2026-07-30,recent,Google Play,https://play.google.com/store/apps/details?hl=ko&id=kr.munto.app,1,소셜링에서 2차 요금을 호스트 개인계좌로 받는일이 많음 그게 불법임 그런경우를 몇번 목격해서 계좌이체내역 캡쳐해서 고객센터에 신고했음 그랬는데 자세한 내역을 보내라고 함 아니 뭐 소셜링 끝날때…,취소·환불·신원·분쟁 대응 과정에서 플랫폼의 보호와 운영을 신뢰하기 어렵다고 보고했다.,Google Play 공개 리뷰에서 문토 이용 경험을 회고함,고객센터,문제를 신고하거나 지원을 요청,참여 안전감과 플랫폼 신뢰 저하,,안전·신뢰,경험품질,negative,outcome,medium,gplay-20071773-0802-4d17-b2ff-1f283d43616a-안전·신뢰,,,AI 1차 분류. 원문 맥락·발화 분리·태그를 연구자가 검증해야 함.,Y,Codex(AI),coded
GP009,app_review,S001,d42e4ae1-1,2026-06-03,2026-07-30,recent,Google Play,https://play.google.com/store/apps/details?hl=ko&id=kr.munto.app,1,"악의 적인 사용자는 전혀 필터링 하지 못하는 무능력한 운영, 여러 모임을 돌아다니며 악의적인 리뷰를 남기는 참여자에 대한 제제는 없고 오롯이 소셜링 호스트에게만 책임 전가하는 무능력하고 문제해…",취소·환불·신원·분쟁 대응 과정에서 플랫폼의 보호와 운영을 신뢰하기 어렵다고 보고했다.,Google Play 공개 리뷰에서 문토 이용 경험을 회고함,제제,문제를 신고하거나 지원을 요청,참여 안전감과 플랫폼 신뢰 저하,,안전·신뢰,경험품질,negative,outcome,medium,gplay-d42e4ae1-c8dc-451e-8162-58759d03eaff-안전·신뢰,,,AI 1차 분류. 원문 맥락·발화 분리·태그를 연구자가 검증해야 함.,Y,Codex(AI),coded
GP010,app_review,S001,5d66fe74-1,2026-06-03,2026-07-30,recent,Google Play,https://play.google.com/store/apps/details?hl=ko&id=kr.munto.app,3,지방은 없어요...,지역·추천 구조 때문에 원하는 취미 모임을 발견하기 어렵다고 보고했다.,Google Play 공개 리뷰에서 문토 이용 경험을 회고함,지방은 없,원하는 모임을 탐색,탐색 비용 증가와 선택지 축소,,탐색피로,기대불일치,negative,outcome,low,gplay-5d66fe74-1221-4367-a01a-dce8e780f231-탐색피로,,,AI 1차 분류. 원문 맥락·발화 분리·태그를 연구자가 검증해야 함. 2차 검토: 지역 선택지 부재를 짧게 보고했으며 증거 강도는 낮게 유지한다.,Y,Codex(AI 1차+2차 검토),verified
GP012,app_review,S001,84c2c886-2,2026-05-11,2026-07-30,recent,Google Play,https://play.google.com/store/apps/details?hl=ko&id=kr.munto.app,1,받은 관심 있어서 캔디 주고 열었는데 받은 관심 탭에서 왜 계속 잠겨있나요?,앱 기능이나 운영 절차의 오류·지연 때문에 모임 이용 과정이 끊겼다고 보고했다.,Google Play 공개 리뷰에서 문토 이용 경험을 회고함,관심 있어서 캔디 주고 열었는데 받은 관심 탭에서 왜 계속 잠,재설치·재시도 또는 문의,이용 실패와 시간 손실,,경험품질,호스트상업화,negative,outcome,medium,gplay-84c2c886-b7b8-463f-b76b-fbc15cf889d2-경험품질,,,AI 1차 분류. 원문 맥락·발화 분리·태그를 연구자가 검증해야 함. 2차 검토에서 결제 후 잠금 오류 카드와 병합함.,Y,Codex(AI),verified
GP013,app_review,S001,bdfb6984-1,2026-05-09,2026-07-30,recent,Google Play,https://play.google.com/store/apps/details?hl=ko&id=kr.munto.app,1,기획 좋았던 분들은 대부분 넷플연가나 비슷한 다른 모임으로 떠나고...,더 적합한 모임이나 운영자를 찾아 다른 서비스·외부 관계로 이동했다고 설명했다.,Google Play 공개 리뷰에서 문토 이용 경험을 회고함,넷플연가,대체 채널로 이동,문토 이용 감소 또는 이탈,넷플연가,대체서비스,이탈행동,negative,behavior,high,gplay-bdfb6984-d25c-4c0d-a6c0-fcbc870ebc09-대체서비스,,,AI 1차 분류. 원문 맥락·발화 분리·태그를 연구자가 검증해야 함. 동일 발화의 이탈행동 카드를 2차 검토에서 병합함. 2차 검토: 넷플연가를 명시해 운영자 이동 대안을 구체적으로 제시했다.,Y,Codex(AI 1차+2차 검토),verified
GP014,app_review,S001,bdfb6984-3,2026-05-09,2026-07-30,recent,Google Play,https://play.google.com/store/apps/details?hl=ko&id=kr.munto.app,1,"😂 그러다보니 예전엔 재밌고 독특한 소셜링도 많았는데, 요즘은 보이는 게 로테이션 소개팅이나 부담스런 파티밖엔 없더라고요.",취미 커뮤니티에서 소개팅·매칭 목적이 전면화되었다고 판단했다.,Google Play 공개 리뷰에서 문토 이용 경험을 회고함,소개팅,서비스 목적을 재평가,취미 중심 서비스라는 기대 약화,,숨은만남신호,기대불일치,negative,observed_signal,medium,gplay-bdfb6984-d25c-4c0d-a6c0-fcbc870ebc09-숨은만남신호,,,AI 1차 분류. 원문 맥락·발화 분리·태그를 연구자가 검증해야 함. 동일 발화의 기대불일치 카드를 2차 검토에서 병합함. 2차 검토: 로테이션 소개팅과 파티가 주로 노출된다는 직접 신호가 있다.,Y,Codex(AI 1차+2차 검토),verified
GP015,app_review,S001,bdfb6984-4,2026-05-09,2026-07-30,recent,Google Play,https://play.google.com/store/apps/details?hl=ko&id=kr.munto.app,1,주류 소셜링만 추천/홍보해주고 나머지는 다 소리소문 없이 묻히는 구조.,지역·추천 구조 때문에 원하는 취미 모임을 발견하기 어렵다고 보고했다.,Google Play 공개 리뷰에서 문토 이용 경험을 회고함,찾아보기도 힘,원하는 모임을 탐색,탐색 비용 증가와 선택지 축소,,탐색피로,기대불일치,negative,outcome,medium,gplay-bdfb6984-d25c-4c0d-a6c0-fcbc870ebc09-탐색피로,,,AI 1차 분류. 원문 맥락·발화 분리·태그를 연구자가 검증해야 함. 2차 검토: 추천 노출 밖의 모임을 찾기 어렵다는 탐색 비용이 직접 서술됐다.,Y,Codex(AI 1차+2차 검토),verified
GP016,app_review,S001,bdfb6984-5,2026-05-09,2026-07-30,recent,Google Play,https://play.google.com/store/apps/details?hl=ko&id=kr.munto.app,1,"운영비가 필요해 유료 소셜링을 개최하면, 수수료를 무려 🌟20%🌟나 떼감...",호스트·플랫폼의 수익화 방식이나 인위적인 인기 신호가 경험의 질을 해친다고 인식했다.,Google Play 공개 리뷰에서 문토 이용 경험을 회고함,수수료,비용과 운영 방식을 평가,운영자와 플랫폼에 대한 신뢰 저하,,호스트상업화,안전·신뢰,negative,perception,medium,gplay-bdfb6984-d25c-4c0d-a6c0-fcbc870ebc09-호스트상업화,,,AI 1차 분류. 원문 맥락·발화 분리·태그를 연구자가 검증해야 함.,Y,Codex(AI),coded
GP017,app_review,S001,437fd92e-1,2026-05-07,2026-07-30,recent,Google Play,https://play.google.com/store/apps/details?hl=ko&id=kr.munto.app,1,프로필 편집할때 사진 한번 누르면 안지워지고 영구적으로 남김 쓰레기같애 개인정보보호는 전혀없음,취소·환불·신원·분쟁 대응 과정에서 플랫폼의 보호와 운영을 신뢰하기 어렵다고 보고했다.,Google Play 공개 리뷰에서 문토 이용 경험을 회고함,개인정보,문제를 신고하거나 지원을 요청,참여 안전감과 플랫폼 신뢰 저하,,안전·신뢰,경험품질,negative,outcome,medium,gplay-437fd92e-947f-4f03-ab2e-9792a69954ab-안전·신뢰,,,AI 1차 분류. 원문 맥락·발화 분리·태그를 연구자가 검증해야 함. 동일 발화의 경험품질 카드를 2차 검토에서 병합함.,Y,Codex(AI),coded
GP018,app_review,S001,9fbbd2c3-1,2026-04-22,2026-07-30,recent,Google Play,https://play.google.com/store/apps/details?hl=ko&id=kr.munto.app,3,채팅이 불편한 점이 있긴 하지만 문토를 통해 다양한 활동을 경험할 수 있어서 좋습니다.,앱 기능이나 운영 절차의 오류·지연 때문에 모임 이용 과정이 끊겼다고 보고했다.,Google Play 공개 리뷰에서 문토 이용 경험을 회고함,채팅,재설치·재시도 또는 문의,이용 실패와 시간 손실,,경험품질,안전·신뢰,negative,outcome,medium,gplay-9fbbd2c3-8a0c-4962-a892-af9e238c432e-경험품질,,,AI 1차 분류. 원문 맥락·발화 분리·태그를 연구자가 검증해야 함.,Y,Codex(AI),coded
GP019,app_review,S001,9fbbd2c3-2,2026-04-22,2026-07-30,recent,Google Play,https://play.google.com/store/apps/details?hl=ko&id=kr.munto.app,3,채팅이 불편한 점이 있긴 하지만 문토를 통해 다양한 활동을 경험할 수 있어서 좋습니다.,관심사 중심 활동과 사람 간 교류가 실제 취미 경험과 일상 만족을 높였다고 평가했다.,Google Play 공개 리뷰에서 문토 이용 경험을 회고함,좋,취미 모임에 참여하거나 반복 이용,취미 목적 충족과 긍정적 관계 형성,,긍정·반례,경험품질,mixed,outcome,medium,gplay-9fbbd2c3-8a0c-4962-a892-af9e238c432e-긍정·반례,,,AI 1차 분류. 원문 맥락·발화 분리·태그를 연구자가 검증해야 함. 2차 검토: 불편을 인정하면서도 다양한 활동 경험의 가치를 명시한 반례다.,Y,Codex(AI 1차+2차 검토),verified
GP020,app_review,S001,be6e9fe4-1,2026-04-22,2026-07-30,recent,Google Play,https://play.google.com/store/apps/details?hl=ko&id=kr.munto.app,2,"술파티, 소개팅만 남음.",취미 커뮤니티에서 소개팅·매칭 목적이 전면화되었다고 판단했다.,Google Play 공개 리뷰에서 문토 이용 경험을 회고함,소개팅,서비스 목적을 재평가,취미 중심 서비스라는 기대 약화,,숨은만남신호,기대불일치,negative,observed_signal,medium,gplay-be6e9fe4-3c14-4fd9-ae8c-2940fddbf847-숨은만남신호,,,AI 1차 분류. 원문 맥락·발화 분리·태그를 연구자가 검증해야 함. 동일 발화의 기대불일치 카드를 2차 검토에서 병합함. 2차 검토: 다양한 모임이 사라지고 소개팅만 남았다는 시간축 비교가 있다.,Y,Codex(AI 1차+2차 검토),verified
GP021,app_review,S001,be6e9fe4-2,2026-04-22,2026-07-30,recent,Google Play,https://play.google.com/store/apps/details?hl=ko&id=kr.munto.app,2,"그마저도 지인들끼리 별점 돌려막기, 무료로 여자 게스트 초대하고 남자들이 비용 부담하는 구조였습니다.",성별에 따른 초대·비용 차이나 인위적인 성비 운영을 의심하거나 관찰했다.,Google Play 공개 리뷰에서 문토 이용 경험을 회고함,여자 게스트,파티 구성과 비용 구조를 평가,공정성과 참가자 진정성에 대한 불신,,성비·조건,호스트상업화,negative,observed_signal,medium,gplay-be6e9fe4-3c14-4fd9-ae8c-2940fddbf847-성비·조건,,,AI 1차 분류. 원문 맥락·발화 분리·태그를 연구자가 검증해야 함. 동일 발화의 호스트상업화 카드를 2차 검토에서 병합함. 2차 검토: 여성 무료 초대와 남성 비용 부담이라는 성별 차등 구조가 구체적이다.,Y,Codex(AI 1차+2차 검토),verified
GP022,app_review,S001,be6e9fe4-4,2026-04-22,2026-07-30,recent,Google Play,https://play.google.com/store/apps/details?hl=ko&id=kr.munto.app,2,"왜이렇게 됐나 찾아보니, 별점 몰아주기에 대한 제재는 없으면서 이상한 이유로 소셜링 호스트에 대한 제재는 쏟아지더라구요.",취소·환불·신원·분쟁 대응 과정에서 플랫폼의 보호와 운영을 신뢰하기 어렵다고 보고했다.,Google Play 공개 리뷰에서 문토 이용 경험을 회고함,제재,문제를 신고하거나 지원을 요청,참여 안전감과 플랫폼 신뢰 저하,,안전·신뢰,경험품질,negative,outcome,medium,gplay-be6e9fe4-3c14-4fd9-ae8c-2940fddbf847-안전·신뢰,,,AI 1차 분류. 원문 맥락·발화 분리·태그를 연구자가 검증해야 함.,Y,Codex(AI),coded
GP023,app_review,S001,500b765c-1,2026-04-16,2026-07-30,recent,Google Play,https://play.google.com/store/apps/details?hl=ko&id=kr.munto.app,1,"취향인연 오류가 너무 많아요 관심 표시 눌러도 화면 나갔다 돌아오면 관심 눌른게 복구 돼있고, 앱 업데이트나 삭제했다 다시 설치해도 안 고쳐지네요.",앱 기능이나 운영 절차의 오류·지연 때문에 모임 이용 과정이 끊겼다고 보고했다.,Google Play 공개 리뷰에서 문토 이용 경험을 회고함,오류,재설치·재시도 또는 문의,이용 실패와 시간 손실,,경험품질,안전·신뢰,negative,outcome,medium,gplay-500b765c-7ed0-43b1-8fb3-ca03c104f852-경험품질,,,AI 1차 분류. 원문 맥락·발화 분리·태그를 연구자가 검증해야 함.,Y,Codex(AI),coded
GP025,app_review,S001,9f292b02-2,2026-04-12,2026-07-30,recent,Google Play,https://play.google.com/store/apps/details?hl=ko&id=kr.munto.app,1,성비 박살에 여자분들은 꽁으로 참여하는 섭외 여성들이 80%입니다.,성별에 따른 초대·비용 차이나 인위적인 성비 운영을 의심하거나 관찰했다.,Google Play 공개 리뷰에서 문토 이용 경험을 회고함,성비,파티 구성과 비용 구조를 평가,공정성과 참가자 진정성에 대한 불신,,성비·조건,안전·신뢰,negative,observed_signal,medium,gplay-9f292b02-4147-48f1-91d6-03623fef4a93-성비·조건,,,AI 1차 분류. 원문 맥락·발화 분리·태그를 연구자가 검증해야 함. 2차 검토: 섭외 여성 비중과 무료 참여를 수치와 함께 주장했다.,Y,Codex(AI 1차+2차 검토),verified
GP027,app_review,S001,9f292b02-4,2026-04-12,2026-07-30,recent,Google Play,https://play.google.com/store/apps/details?hl=ko&id=kr.munto.app,1,다른모임은 좋아요.,관심사 중심 활동과 사람 간 교류가 실제 취미 경험과 일상 만족을 높였다고 평가했다.,Google Play 공개 리뷰에서 문토 이용 경험을 회고함,좋,취미 모임에 참여하거나 반복 이용,취미 목적 충족과 긍정적 관계 형성,,긍정·반례,경험품질,mixed,outcome,medium,gplay-9f292b02-4147-48f1-91d6-03623fef4a93-긍정·반례,,,AI 1차 분류. 원문 맥락·발화 분리·태그를 연구자가 검증해야 함. 2차 검토: 파티 외 모임은 좋았다고 구분해 평가한 제한적 반례다.,Y,Codex(AI 1차+2차 검토),verified
GP028,app_review,S001,7db89d06-1,2026-03-24,2026-07-30,recent,Google Play,https://play.google.com/store/apps/details?hl=ko&id=kr.munto.app,3,계속되는 취향인연 프로필 네트워크 오류.,앱 기능이나 운영 절차의 오류·지연 때문에 모임 이용 과정이 끊겼다고 보고했다.,Google Play 공개 리뷰에서 문토 이용 경험을 회고함,오류,재설치·재시도 또는 문의,이용 실패와 시간 손실,,경험품질,안전·신뢰,negative,outcome,medium,gplay-7db89d06-fbfc-4a77-9257-7c1e53f2c097-경험품질,,,AI 1차 분류. 원문 맥락·발화 분리·태그를 연구자가 검증해야 함.,Y,Codex(AI),coded
GP029,app_review,S001,02ade739-1,2026-03-18,2026-07-30,recent,Google Play,https://play.google.com/store/apps/details?hl=ko&id=kr.munto.app,1,문토를 좋아했고 잘 사용했지만 몇가지 문제점이 너무 많아서 삭제 했고 꼭 개선되었으면 하는 부분이 있습니다.,반복된 불편이나 서비스 방향 변화 뒤 이용 중단·삭제·탈퇴 의사를 밝혔다.,Google Play 공개 리뷰에서 문토 이용 경험을 회고함,삭제,이용 중단 또는 회피,재이용 의향 저하,,이탈행동,경험품질,negative,behavior,high,gplay-02ade739-1735-4cff-92d5-faf94155b012-이탈행동,,,AI 1차 분류. 원문 맥락·발화 분리·태그를 연구자가 검증해야 함. 2차 검토: 문제 누적 뒤 앱을 삭제했다고 명시했다.,Y,Codex(AI 1차+2차 검토),verified
GP030,app_review,S001,02ade739-2,2026-03-18,2026-07-30,recent,Google Play,https://play.google.com/store/apps/details?hl=ko&id=kr.munto.app,1,유료 소셜링중에 '호스트 수고비' 이거는 없었으면 좋겠습니다.,호스트·플랫폼의 수익화 방식이나 인위적인 인기 신호가 경험의 질을 해친다고 인식했다.,Google Play 공개 리뷰에서 문토 이용 경험을 회고함,호스트 수고비,비용과 운영 방식을 평가,운영자와 플랫폼에 대한 신뢰 저하,,호스트상업화,안전·신뢰,negative,perception,medium,gplay-02ade739-1735-4cff-92d5-faf94155b012-호스트상업화,,,AI 1차 분류. 원문 맥락·발화 분리·태그를 연구자가 검증해야 함.,Y,Codex(AI),coded
GP031,app_review,S001,02ade739-3,2026-03-18,2026-07-30,recent,Google Play,https://play.google.com/store/apps/details?hl=ko&id=kr.munto.app,1,호스트들의 노쇼가 너무 많다.,취소·환불·신원·분쟁 대응 과정에서 플랫폼의 보호와 운영을 신뢰하기 어렵다고 보고했다.,Google Play 공개 리뷰에서 문토 이용 경험을 회고함,노쇼,문제를 신고하거나 지원을 요청,참여 안전감과 플랫폼 신뢰 저하,,안전·신뢰,경험품질,negative,outcome,medium,gplay-02ade739-1735-4cff-92d5-faf94155b012-안전·신뢰,,,AI 1차 분류. 원문 맥락·발화 분리·태그를 연구자가 검증해야 함.,Y,Codex(AI),coded
GP032,app_review,S001,02ade739-4,2026-03-18,2026-07-30,recent,Google Play,https://play.google.com/store/apps/details?hl=ko&id=kr.munto.app,1,3.알림 개선 알림은 너무 올때도 있고 안 올때도 있습니다.,앱 기능이나 운영 절차의 오류·지연 때문에 모임 이용 과정이 끊겼다고 보고했다.,Google Play 공개 리뷰에서 문토 이용 경험을 회고함,알림,재설치·재시도 또는 문의,이용 실패와 시간 손실,,경험품질,안전·신뢰,negative,outcome,medium,gplay-02ade739-1735-4cff-92d5-faf94155b012-경험품질,,,AI 1차 분류. 원문 맥락·발화 분리·태그를 연구자가 검증해야 함.,Y,Codex(AI),coded
GP033,app_review,S001,02ade739-5,2026-03-18,2026-07-30,recent,Google Play,https://play.google.com/store/apps/details?hl=ko&id=kr.munto.app,1,문토를 좋아했고 잘 사용했지만 몇가지 문제점이 너무 많아서 삭제 했고 꼭 개선되었으면 하는 부분이 있습니다.,관심사 중심 활동과 사람 간 교류가 실제 취미 경험과 일상 만족을 높였다고 평가했다.,Google Play 공개 리뷰에서 문토 이용 경험을 회고함,좋,취미 모임에 참여하거나 반복 이용,취미 목적 충족과 긍정적 관계 형성,,긍정·반례,경험품질,mixed,outcome,medium,gplay-02ade739-1735-4cff-92d5-faf94155b012-긍정·반례,,,AI 1차 분류. 원문 맥락·발화 분리·태그를 연구자가 검증해야 함.,Y,Codex(AI),coded
GP034,app_review,S001,6bacec1e-1,2026-03-03,2026-07-30,recent,Google Play,https://play.google.com/store/apps/details?hl=ko&id=kr.munto.app,1,이렇다할 모임도 없고 무조건 유료참여인듯함.,지역·추천 구조 때문에 원하는 취미 모임을 발견하기 어렵다고 보고했다.,Google Play 공개 리뷰에서 문토 이용 경험을 회고함,모임도 없,원하는 모임을 탐색,탐색 비용 증가와 선택지 축소,,탐색피로,기대불일치,negative,outcome,medium,gplay-6bacec1e-111c-4e73-8874-061ca0ec22d7-탐색피로,,,AI 1차 분류. 원문 맥락·발화 분리·태그를 연구자가 검증해야 함.,Y,Codex(AI),coded
GP035,app_review,S001,6bacec1e-2,2026-03-03,2026-07-30,recent,Google Play,https://play.google.com/store/apps/details?hl=ko&id=kr.munto.app,1,이렇다할 모임도 없고 무조건 유료참여인듯함.,호스트·플랫폼의 수익화 방식이나 인위적인 인기 신호가 경험의 질을 해친다고 인식했다.,Google Play 공개 리뷰에서 문토 이용 경험을 회고함,유료,비용과 운영 방식을 평가,운영자와 플랫폼에 대한 신뢰 저하,,호스트상업화,안전·신뢰,negative,perception,medium,gplay-6bacec1e-111c-4e73-8874-061ca0ec22d7-호스트상업화,,,AI 1차 분류. 원문 맥락·발화 분리·태그를 연구자가 검증해야 함.,Y,Codex(AI),coded
GP036,app_review,S001,a598739b-1,2026-02-21,2026-07-30,recent,Google Play,https://play.google.com/store/apps/details?hl=ko&id=kr.munto.app,1,관리가 거의 안되는 신뢰할 수 없는 플랫폼 결제 완료 후 모임 측 사유(인원 마감)로 참석이 불가해졌습니다.,취소·환불·신원·분쟁 대응 과정에서 플랫폼의 보호와 운영을 신뢰하기 어렵다고 보고했다.,Google Play 공개 리뷰에서 문토 이용 경험을 회고함,환불,문제를 신고하거나 지원을 요청,참여 안전감과 플랫폼 신뢰 저하,,안전·신뢰,경험품질,negative,outcome,medium,gplay-a598739b-77aa-46f0-8564-ef34ebbf4663-안전·신뢰,,,AI 1차 분류. 원문 맥락·발화 분리·태그를 연구자가 검증해야 함. 동일 발화의 경험품질 카드를 2차 검토에서 병합함.,Y,Codex(AI),coded
GP037,app_review,S001,2f485d64-1,2026-02-14,2026-07-30,recent,Google Play,https://play.google.com/store/apps/details?hl=ko&id=kr.munto.app,1,인증번호 요청했는데 오지도 않네 신뢰가 떨어지는 어플이라더니.역시였네 대단하다 진짜,취소·환불·신원·분쟁 대응 과정에서 플랫폼의 보호와 운영을 신뢰하기 어렵다고 보고했다.,Google Play 공개 리뷰에서 문토 이용 경험을 회고함,신뢰,문제를 신고하거나 지원을 요청,참여 안전감과 플랫폼 신뢰 저하,,안전·신뢰,경험품질,negative,outcome,medium,gplay-2f485d64-e5fb-43dc-a04d-f163fc332e2e-안전·신뢰,,,AI 1차 분류. 원문 맥락·발화 분리·태그를 연구자가 검증해야 함. 동일 발화의 경험품질 카드를 2차 검토에서 병합함.,Y,Codex(AI),coded
GP038,app_review,S001,9a7ac466-1,2026-02-12,2026-07-30,recent,Google Play,https://play.google.com/store/apps/details?hl=ko&id=kr.munto.app,1,여자친구나 남자친구 만들 생각으로 시작하는 사람들이 상당할 것 같은데 본인 경험으로는 정말 예쁘거나 잘생기거나 말재간이 좋거나 흡연을 하는 거 아니면 많이 어렵다고 느낌.,취미 커뮤니티에서 소개팅·매칭 목적이 전면화되었다고 판단했다.,Google Play 공개 리뷰에서 문토 이용 경험을 회고함,여자친구,서비스 목적을 재평가,취미 중심 서비스라는 기대 약화,,숨은만남신호,기대불일치,negative,observed_signal,medium,gplay-9a7ac466-3755-43ce-830a-3575b5224557-숨은만남신호,,,AI 1차 분류. 원문 맥락·발화 분리·태그를 연구자가 검증해야 함.,Y,Codex(AI),coded
GP039,app_review,S001,9a7ac466-2,2026-02-12,2026-07-30,recent,Google Play,https://play.google.com/store/apps/details?hl=ko&id=kr.munto.app,1,!유료모임비와 취향인연에서의 사탕구매로 적어도 7만원 이상 지출한 호구의 깨달음!,호스트·플랫폼의 수익화 방식이나 인위적인 인기 신호가 경험의 질을 해친다고 인식했다.,Google Play 공개 리뷰에서 문토 이용 경험을 회고함,유료,비용과 운영 방식을 평가,운영자와 플랫폼에 대한 신뢰 저하,,호스트상업화,안전·신뢰,negative,perception,medium,gplay-9a7ac466-3755-43ce-830a-3575b5224557-호스트상업화,,,AI 1차 분류. 원문 맥락·발화 분리·태그를 연구자가 검증해야 함.,Y,Codex(AI),coded
GP040,app_review,S001,9a7ac466-3,2026-02-12,2026-07-30,recent,Google Play,https://play.google.com/store/apps/details?hl=ko&id=kr.munto.app,1,대부분 봇이거나 사용 안 한지 오래된 유저들도 전부 추천목록에 뜨게 만들어놔서 사탕 낭비하게 만드는 구조임...ㅠ 나처럼 피보는 사람이 없기를 진심으로 바라며...,취소·환불·신원·분쟁 대응 과정에서 플랫폼의 보호와 운영을 신뢰하기 어렵다고 보고했다.,Google Play 공개 리뷰에서 문토 이용 경험을 회고함,봇,문제를 신고하거나 지원을 요청,참여 안전감과 플랫폼 신뢰 저하,,안전·신뢰,경험품질,negative,outcome,medium,gplay-9a7ac466-3755-43ce-830a-3575b5224557-안전·신뢰,,,AI 1차 분류. 원문 맥락·발화 분리·태그를 연구자가 검증해야 함.,Y,Codex(AI),coded
GP041,app_review,S001,7045eec6-1,2026-02-12,2026-07-30,recent,Google Play,https://play.google.com/store/apps/details?hl=ko&id=kr.munto.app,2,결재라인의 오류인지 결재 마무리가 안됩니다.,앱 기능이나 운영 절차의 오류·지연 때문에 모임 이용 과정이 끊겼다고 보고했다.,Google Play 공개 리뷰에서 문토 이용 경험을 회고함,오류,재설치·재시도 또는 문의,이용 실패와 시간 손실,,경험품질,안전·신뢰,negative,outcome,medium,gplay-7045eec6-4367-4ed5-9ca8-2cb78d202abd-경험품질,,,AI 1차 분류. 원문 맥락·발화 분리·태그를 연구자가 검증해야 함.,Y,Codex(AI),coded
GP042,app_review,S001,ea2624ce-1,2026-02-02,2026-07-30,recent,Google Play,https://play.google.com/store/apps/details?hl=ko&id=kr.munto.app,1,가계정만 졸라많고 돈 벌 궁리만 하는 사람들만 많음,호스트·플랫폼의 수익화 방식이나 인위적인 인기 신호가 경험의 질을 해친다고 인식했다.,Google Play 공개 리뷰에서 문토 이용 경험을 회고함,돈 벌,비용과 운영 방식을 평가,운영자와 플랫폼에 대한 신뢰 저하,,호스트상업화,안전·신뢰,negative,perception,medium,gplay-ea2624ce-8b08-48c4-a874-52fe0d1d5778-호스트상업화,,,AI 1차 분류. 원문 맥락·발화 분리·태그를 연구자가 검증해야 함.,Y,Codex(AI),coded
GP043,app_review,S001,ea2624ce-2,2026-02-02,2026-07-30,recent,Google Play,https://play.google.com/store/apps/details?hl=ko&id=kr.munto.app,1,가계정만 졸라많고 돈 벌 궁리만 하는 사람들만 많음,취소·환불·신원·분쟁 대응 과정에서 플랫폼의 보호와 운영을 신뢰하기 어렵다고 보고했다.,Google Play 공개 리뷰에서 문토 이용 경험을 회고함,가계정,문제를 신고하거나 지원을 요청,참여 안전감과 플랫폼 신뢰 저하,,안전·신뢰,경험품질,negative,outcome,medium,gplay-ea2624ce-8b08-48c4-a874-52fe0d1d5778-안전·신뢰,,,AI 1차 분류. 원문 맥락·발화 분리·태그를 연구자가 검증해야 함.,Y,Codex(AI),coded
GP044,app_review,S001,c57ac06b-1,2026-02-01,2026-07-30,recent,Google Play,https://play.google.com/store/apps/details?hl=ko&id=kr.munto.app,3,전북전남은 머가되는게하나도읍네요,지역·추천 구조 때문에 원하는 취미 모임을 발견하기 어렵다고 보고했다.,Google Play 공개 리뷰에서 문토 이용 경험을 회고함,전북전남,원하는 모임을 탐색,탐색 비용 증가와 선택지 축소,,탐색피로,기대불일치,negative,outcome,low,gplay-c57ac06b-ab4f-4f2c-b8fd-c6be479a8cf9-탐색피로,,,AI 1차 분류. 원문 맥락·발화 분리·태그를 연구자가 검증해야 함.,Y,Codex(AI),coded
GP045,app_review,S001,7d86394a-1,2026-01-23,2026-07-30,recent,Google Play,https://play.google.com/store/apps/details?hl=ko&id=kr.munto.app,3,계정정보가 안들어가져요 삭제했다가 다시 깔아도 그런데 뭐때문에 그렁거에요?,앱 기능이나 운영 절차의 오류·지연 때문에 모임 이용 과정이 끊겼다고 보고했다.,Google Play 공개 리뷰에서 문토 이용 경험을 회고함,계정,재설치·재시도 또는 문의,이용 실패와 시간 손실,,경험품질,안전·신뢰,negative,outcome,medium,gplay-7d86394a-3fe2-4371-b1df-c281b4fea91a-경험품질,,,AI 1차 분류. 원문 맥락·발화 분리·태그를 연구자가 검증해야 함.,Y,Codex(AI),coded
GP046,app_review,S001,6acc62f3-1,2026-01-22,2026-07-30,recent,Google Play,https://play.google.com/store/apps/details?hl=ko&id=kr.munto.app,3,카톡채널에서 환불 문의하고 아무리 기다려도 답변이 없네요.,취소·환불·신원·분쟁 대응 과정에서 플랫폼의 보호와 운영을 신뢰하기 어렵다고 보고했다.,Google Play 공개 리뷰에서 문토 이용 경험을 회고함,환불,문제를 신고하거나 지원을 요청,참여 안전감과 플랫폼 신뢰 저하,,안전·신뢰,경험품질,negative,outcome,medium,gplay-6acc62f3-cd27-448f-9f45-2523396e579c-안전·신뢰,,,AI 1차 분류. 원문 맥락·발화 분리·태그를 연구자가 검증해야 함.,Y,Codex(AI),coded
GP047,app_review,S001,d3f455cc-1,2026-01-07,2026-07-30,recent,Google Play,https://play.google.com/store/apps/details?hl=ko&id=kr.munto.app,1,보드게임 무료소셜링으로 열었다가 정지먹음...,취소·환불·신원·분쟁 대응 과정에서 플랫폼의 보호와 운영을 신뢰하기 어렵다고 보고했다.,Google Play 공개 리뷰에서 문토 이용 경험을 회고함,정지먹,문제를 신고하거나 지원을 요청,참여 안전감과 플랫폼 신뢰 저하,,안전·신뢰,경험품질,negative,outcome,medium,gplay-d3f455cc-d5af-47ba-b827-3b8327b4eec0-안전·신뢰,,,AI 1차 분류. 원문 맥락·발화 분리·태그를 연구자가 검증해야 함.,Y,Codex(AI),coded
GP048,app_review,S001,54253b55-1,2026-01-04,2026-07-30,recent,Google Play,https://play.google.com/store/apps/details?hl=ko&id=kr.munto.app,2,"소개팅기능인 취향인연은 타 어플들보단 물이 좋은데 본인 사진인지 검증안해서 타인 사진 도용한 사람도 있고, 어플 오류도 심해요.",취미 커뮤니티에서 소개팅·매칭 목적이 전면화되었다고 판단했다.,Google Play 공개 리뷰에서 문토 이용 경험을 회고함,소개팅,서비스 목적을 재평가,취미 중심 서비스라는 기대 약화,,숨은만남신호,기대불일치,negative,observed_signal,medium,gplay-54253b55-b286-4349-835d-80f2363d5116-숨은만남신호,,,AI 1차 분류. 원문 맥락·발화 분리·태그를 연구자가 검증해야 함.,Y,Codex(AI),coded
GP049,app_review,S001,54253b55-2,2026-01-04,2026-07-30,recent,Google Play,https://play.google.com/store/apps/details?hl=ko&id=kr.munto.app,2,5일 이상 여유있는 날짜의 모임은 없는데 한번 신청하면 3일전부터 환불불가인게 개별로에요.,취소·환불·신원·분쟁 대응 과정에서 플랫폼의 보호와 운영을 신뢰하기 어렵다고 보고했다.,Google Play 공개 리뷰에서 문토 이용 경험을 회고함,환불,문제를 신고하거나 지원을 요청,참여 안전감과 플랫폼 신뢰 저하,,안전·신뢰,경험품질,negative,outcome,medium,gplay-54253b55-b286-4349-835d-80f2363d5116-안전·신뢰,,,AI 1차 분류. 원문 맥락·발화 분리·태그를 연구자가 검증해야 함.,Y,Codex(AI),coded
GP050,app_review,S001,54253b55-3,2026-01-04,2026-07-30,recent,Google Play,https://play.google.com/store/apps/details?hl=ko&id=kr.munto.app,2,"소개팅기능인 취향인연은 타 어플들보단 물이 좋은데 본인 사진인지 검증안해서 타인 사진 도용한 사람도 있고, 어플 오류도 심해요.",앱 기능이나 운영 절차의 오류·지연 때문에 모임 이용 과정이 끊겼다고 보고했다.,Google Play 공개 리뷰에서 문토 이용 경험을 회고함,오류,재설치·재시도 또는 문의,이용 실패와 시간 손실,,경험품질,안전·신뢰,negative,outcome,medium,gplay-54253b55-b286-4349-835d-80f2363d5116-경험품질,,,AI 1차 분류. 원문 맥락·발화 분리·태그를 연구자가 검증해야 함.,Y,Codex(AI),coded
GP051,app_review,S001,54253b55-4,2026-01-04,2026-07-30,recent,Google Play,https://play.google.com/store/apps/details?hl=ko&id=kr.munto.app,2,"소개팅기능인 취향인연은 타 어플들보단 물이 좋은데 본인 사진인지 검증안해서 타인 사진 도용한 사람도 있고, 어플 오류도 심해요.",관심사 중심 활동과 사람 간 교류가 실제 취미 경험과 일상 만족을 높였다고 평가했다.,Google Play 공개 리뷰에서 문토 이용 경험을 회고함,좋,취미 모임에 참여하거나 반복 이용,취미 목적 충족과 긍정적 관계 형성,,긍정·반례,경험품질,mixed,outcome,medium,gplay-54253b55-b286-4349-835d-80f2363d5116-긍정·반례,,,AI 1차 분류. 원문 맥락·발화 분리·태그를 연구자가 검증해야 함.,Y,Codex(AI),coded
GP052,app_review,S001,0f0c0b8e-1,2026-01-03,2026-07-30,recent,Google Play,https://play.google.com/store/apps/details?hl=ko&id=kr.munto.app,1,아니 취향인연 이거 프로필깔때마다 캔디소모하는건 좀 아니지않나요?,호스트·플랫폼의 수익화 방식이나 인위적인 인기 신호가 경험의 질을 해친다고 인식했다.,Google Play 공개 리뷰에서 문토 이용 경험을 회고함,캔디,비용과 운영 방식을 평가,운영자와 플랫폼에 대한 신뢰 저하,,호스트상업화,안전·신뢰,negative,perception,medium,gplay-0f0c0b8e-889f-457f-b057-c7889c66226a-호스트상업화,,,AI 1차 분류. 원문 맥락·발화 분리·태그를 연구자가 검증해야 함.,Y,Codex(AI),coded
GP053,app_review,S001,5ea12bb6-1,2026-01-01,2026-07-30,recent,Google Play,https://play.google.com/store/apps/details?hl=ko&id=kr.munto.app,2,안녕하세요 문토를 다시 설치했는데 시작 화면에서 멈춰있고 안 넘어갑니다.,앱 기능이나 운영 절차의 오류·지연 때문에 모임 이용 과정이 끊겼다고 보고했다.,Google Play 공개 리뷰에서 문토 이용 경험을 회고함,시작 화면에서 멈,재설치·재시도 또는 문의,이용 실패와 시간 손실,,경험품질,안전·신뢰,negative,outcome,medium,gplay-5ea12bb6-f063-478b-9c33-46b3d3079e84-경험품질,,,AI 1차 분류. 원문 맥락·발화 분리·태그를 연구자가 검증해야 함.,Y,Codex(AI),coded
GP054,app_review,S001,36cbffe9-1,2025-12-28,2026-07-30,recent,Google Play,https://play.google.com/store/apps/details?hl=ko&id=kr.munto.app,1,어플이 안 열려요!,앱 기능이나 운영 절차의 오류·지연 때문에 모임 이용 과정이 끊겼다고 보고했다.,Google Play 공개 리뷰에서 문토 이용 경험을 회고함,어플이 안,재설치·재시도 또는 문의,이용 실패와 시간 손실,,경험품질,안전·신뢰,negative,outcome,low,gplay-36cbffe9-efe8-4790-a174-2d28add8e241-경험품질,,,AI 1차 분류. 원문 맥락·발화 분리·태그를 연구자가 검증해야 함.,Y,Codex(AI),coded
GP055,app_review,S001,21a01e53-1,2025-12-27,2026-07-30,recent,Google Play,https://play.google.com/store/apps/details?hl=ko&id=kr.munto.app,1,가까운 지역에 모임이 없을뿐만 아니라 회원탈퇴 과정도 복잡하게 되어 있어 비추합니다...,반복된 불편이나 서비스 방향 변화 뒤 이용 중단·삭제·탈퇴 의사를 밝혔다.,Google Play 공개 리뷰에서 문토 이용 경험을 회고함,탈퇴,이용 중단 또는 회피,재이용 의향 저하,,이탈행동,경험품질,negative,behavior,high,gplay-21a01e53-8875-4a7b-9b87-d80ac7f1cc8a-이탈행동,,,AI 1차 분류. 원문 맥락·발화 분리·태그를 연구자가 검증해야 함.,Y,Codex(AI),coded
GP056,app_review,S001,21a01e53-2,2025-12-27,2026-07-30,recent,Google Play,https://play.google.com/store/apps/details?hl=ko&id=kr.munto.app,1,가까운 지역에 모임이 없을뿐만 아니라 회원탈퇴 과정도 복잡하게 되어 있어 비추합니다...,지역·추천 구조 때문에 원하는 취미 모임을 발견하기 어렵다고 보고했다.,Google Play 공개 리뷰에서 문토 이용 경험을 회고함,지역에 모임이 없,원하는 모임을 탐색,탐색 비용 증가와 선택지 축소,,탐색피로,기대불일치,negative,outcome,medium,gplay-21a01e53-8875-4a7b-9b87-d80ac7f1cc8a-탐색피로,,,AI 1차 분류. 원문 맥락·발화 분리·태그를 연구자가 검증해야 함.,Y,Codex(AI),coded
GP057,app_review,S001,436f3788-1,2025-12-20,2026-07-30,recent,Google Play,https://play.google.com/store/apps/details?hl=ko&id=kr.munto.app,1,결제오류 자주나는앱,앱 기능이나 운영 절차의 오류·지연 때문에 모임 이용 과정이 끊겼다고 보고했다.,Google Play 공개 리뷰에서 문토 이용 경험을 회고함,오류,재설치·재시도 또는 문의,이용 실패와 시간 손실,,경험품질,안전·신뢰,negative,outcome,low,gplay-436f3788-e491-43b6-a2ff-a95c2a8465c0-경험품질,,,AI 1차 분류. 원문 맥락·발화 분리·태그를 연구자가 검증해야 함.,Y,Codex(AI),coded
GP058,app_review,S001,ca575d96-1,2025-11-28,2026-07-30,recent,Google Play,https://play.google.com/store/apps/details?hl=ko&id=kr.munto.app,3,물론 엄청난 존잘이거나 인지도가 높은남자분이면 무료초대도 하겠지만..술모임 거기서 거기입니다 친목 동호회나 친목모임보단 덜 빡세지만 그래도 자주가는건 비추합니다.,반복된 불편이나 서비스 방향 변화 뒤 이용 중단·삭제·탈퇴 의사를 밝혔다.,Google Play 공개 리뷰에서 문토 이용 경험을 회고함,비추,이용 중단 또는 회피,재이용 의향 저하,,이탈행동,경험품질,negative,behavior,medium,gplay-ca575d96-1326-496a-9fae-032b410468af-이탈행동,,,AI 1차 분류. 원문 맥락·발화 분리·태그를 연구자가 검증해야 함.,Y,Codex(AI),coded
GP059,app_review,S001,ca575d96-2,2025-11-28,2026-07-30,recent,Google Play,https://play.google.com/store/apps/details?hl=ko&id=kr.munto.app,3,네 알바있습니다.,성별에 따른 초대·비용 차이나 인위적인 성비 운영을 의심하거나 관찰했다.,Google Play 공개 리뷰에서 문토 이용 경험을 회고함,여자만,파티 구성과 비용 구조를 평가,공정성과 참가자 진정성에 대한 불신,,성비·조건,안전·신뢰,negative,observed_signal,medium,gplay-ca575d96-1326-496a-9fae-032b410468af-성비·조건,,,AI 1차 분류. 원문 맥락·발화 분리·태그를 연구자가 검증해야 함.,Y,Codex(AI),coded
GP061,app_review,S001,9129de67-1,2025-11-27,2026-07-30,recent,Google Play,https://play.google.com/store/apps/details?hl=ko&id=kr.munto.app,1,그리고 최근에 취향인연이라는게 오픈해서 기대했는데 보니까 다른 소개팅어플처럼 하루에 몇 명 프로필 주고 매칭해주고 프로필 더 보려면 결제하고 이런 거더라고요;; 문토 가이드에 1대1매칭 금지라…,취미 커뮤니티에서 소개팅·매칭 목적이 전면화되었다고 판단했다.,Google Play 공개 리뷰에서 문토 이용 경험을 회고함,소개팅,서비스 목적을 재평가,취미 중심 서비스라는 기대 약화,,숨은만남신호,호스트상업화,negative,observed_signal,medium,gplay-9129de67-966d-4cb5-a00a-ffb642e7319d-숨은만남신호,,,AI 1차 분류. 원문 맥락·발화 분리·태그를 연구자가 검증해야 함. 2차 검토에서 동일 발화의 결제 카드와 병합함.,Y,Codex(AI),verified
GP062,app_review,S001,9129de67-2,2025-11-27,2026-07-30,recent,Google Play,https://play.google.com/store/apps/details?hl=ko&id=kr.munto.app,1,"수준 이하의 인성으로 운영하는 호스트, 참여자 돈으로 술먹고 지인들 불러 놀려고 모임 여는 호스트, 여기저기서 모객해와서 참여자마다 다 참여비가 다른 모임들,, 제발 당하지 마세요.",호스트·플랫폼의 수익화 방식이나 인위적인 인기 신호가 경험의 질을 해친다고 인식했다.,Google Play 공개 리뷰에서 문토 이용 경험을 회고함,참여비,비용과 운영 방식을 평가,운영자와 플랫폼에 대한 신뢰 저하,,호스트상업화,안전·신뢰,negative,perception,medium,gplay-9129de67-966d-4cb5-a00a-ffb642e7319d-호스트상업화,,,AI 1차 분류. 원문 맥락·발화 분리·태그를 연구자가 검증해야 함.,Y,Codex(AI),coded
GP063,app_review,S001,9129de67-3,2025-11-27,2026-07-30,recent,Google Play,https://play.google.com/store/apps/details?hl=ko&id=kr.munto.app,1,고객센터 운영시간 중에 연락해도 몇 시간이나 답변 안오는 일이 잦고 아예 안읽고 다음날로 넘기는 날도 있어요ㅠ 너무 답답해요.,취소·환불·신원·분쟁 대응 과정에서 플랫폼의 보호와 운영을 신뢰하기 어렵다고 보고했다.,Google Play 공개 리뷰에서 문토 이용 경험을 회고함,고객센터,문제를 신고하거나 지원을 요청,참여 안전감과 플랫폼 신뢰 저하,,안전·신뢰,경험품질,negative,outcome,medium,gplay-9129de67-966d-4cb5-a00a-ffb642e7319d-안전·신뢰,,,AI 1차 분류. 원문 맥락·발화 분리·태그를 연구자가 검증해야 함.,Y,Codex(AI),coded
GP065,app_review,S001,46e64ea5-1,2025-11-19,2026-07-30,recent,Google Play,https://play.google.com/store/apps/details?hl=ko&id=kr.munto.app,2,"아직 개선되지않고있는데 소셜링에서 책정하는 ""호스트수고비""는 대체 무슨 명목으로 뜯어가는지 모르겠습니다.",호스트·플랫폼의 수익화 방식이나 인위적인 인기 신호가 경험의 질을 해친다고 인식했다.,Google Play 공개 리뷰에서 문토 이용 경험을 회고함,호스트수고비,비용과 운영 방식을 평가,운영자와 플랫폼에 대한 신뢰 저하,,호스트상업화,안전·신뢰,negative,perception,medium,gplay-46e64ea5-92c9-4650-a007-ae28bf30dcd1-호스트상업화,,,AI 1차 분류. 원문 맥락·발화 분리·태그를 연구자가 검증해야 함.,Y,Codex(AI),coded
GP066,app_review,S001,46e64ea5-2,2025-11-19,2026-07-30,recent,Google Play,https://play.google.com/store/apps/details?hl=ko&id=kr.munto.app,2,그리고 노쇼방지비?,취소·환불·신원·분쟁 대응 과정에서 플랫폼의 보호와 운영을 신뢰하기 어렵다고 보고했다.,Google Play 공개 리뷰에서 문토 이용 경험을 회고함,노쇼,문제를 신고하거나 지원을 요청,참여 안전감과 플랫폼 신뢰 저하,,안전·신뢰,경험품질,negative,outcome,medium,gplay-46e64ea5-92c9-4650-a007-ae28bf30dcd1-안전·신뢰,,,AI 1차 분류. 원문 맥락·발화 분리·태그를 연구자가 검증해야 함.,Y,Codex(AI),coded
GP067,app_review,S001,47b54b84-1,2025-11-16,2026-07-30,recent,Google Play,https://play.google.com/store/apps/details?hl=ko&id=kr.munto.app,1,회원 탈퇴를 앱에서만 가능하게 해둬 불편함.,반복된 불편이나 서비스 방향 변화 뒤 이용 중단·삭제·탈퇴 의사를 밝혔다.,Google Play 공개 리뷰에서 문토 이용 경험을 회고함,탈퇴,이용 중단 또는 회피,재이용 의향 저하,,이탈행동,경험품질,negative,behavior,high,gplay-47b54b84-d6a2-4099-9b43-72ca89c27fd1-이탈행동,,,AI 1차 분류. 원문 맥락·발화 분리·태그를 연구자가 검증해야 함.,Y,Codex(AI),coded
GP068,app_review,S001,47b54b84-2,2025-11-16,2026-07-30,recent,Google Play,https://play.google.com/store/apps/details?hl=ko&id=kr.munto.app,1,오랫동안 서비스 안쓴사이 소개팅앱이 되버려 탈퇴하려고 간만에 로그인했는데 앱을 받아야만 탈퇴가 되다니..,취미 커뮤니티에서 소개팅·매칭 목적이 전면화되었다고 판단했다.,Google Play 공개 리뷰에서 문토 이용 경험을 회고함,소개팅,서비스 목적을 재평가,취미 중심 서비스라는 기대 약화,,숨은만남신호,기대불일치,negative,observed_signal,medium,gplay-47b54b84-d6a2-4099-9b43-72ca89c27fd1-숨은만남신호,,,AI 1차 분류. 원문 맥락·발화 분리·태그를 연구자가 검증해야 함.,Y,Codex(AI),coded
GP069,app_review,S001,47b54b84-3,2025-11-16,2026-07-30,recent,Google Play,https://play.google.com/store/apps/details?hl=ko&id=kr.munto.app,1,오랫동안 서비스 안쓴사이 소개팅앱이 되버려 탈퇴하려고 간만에 로그인했는데 앱을 받아야만 탈퇴가 되다니..,앱 기능이나 운영 절차의 오류·지연 때문에 모임 이용 과정이 끊겼다고 보고했다.,Google Play 공개 리뷰에서 문토 이용 경험을 회고함,로그인,재설치·재시도 또는 문의,이용 실패와 시간 손실,,경험품질,안전·신뢰,negative,outcome,medium,gplay-47b54b84-d6a2-4099-9b43-72ca89c27fd1-경험품질,,,AI 1차 분류. 원문 맥락·발화 분리·태그를 연구자가 검증해야 함.,Y,Codex(AI),coded
GP070,app_review,S001,09c336dc-1,2025-11-12,2026-07-30,recent,Google Play,https://play.google.com/store/apps/details?hl=ko&id=kr.munto.app,1,여기 시스템이 참 안좋은게 파티 당일 3일 전까지 환불 자체를 안해줌.,취소·환불·신원·분쟁 대응 과정에서 플랫폼의 보호와 운영을 신뢰하기 어렵다고 보고했다.,Google Play 공개 리뷰에서 문토 이용 경험을 회고함,환불,문제를 신고하거나 지원을 요청,참여 안전감과 플랫폼 신뢰 저하,,안전·신뢰,경험품질,negative,outcome,medium,gplay-09c336dc-e261-4232-90c4-27be6e7ab4af-안전·신뢰,,,AI 1차 분류. 원문 맥락·발화 분리·태그를 연구자가 검증해야 함.,Y,Codex(AI),coded
GP071,app_review,S001,09c336dc-2,2025-11-12,2026-07-30,recent,Google Play,https://play.google.com/store/apps/details?hl=ko&id=kr.munto.app,1,파티나 모임은 절대 가지말기를 추천.,다양한 취미 활동을 기대했지만 술·파티·소개팅 중심으로 변했다고 평가했다.,Google Play 공개 리뷰에서 문토 이용 경험을 회고함,파티나 모임,현재 목록과 과거 경험을 비교,서비스 정체성에 대한 기대 불일치,,기대불일치,숨은만남신호,negative,perception,medium,gplay-09c336dc-e261-4232-90c4-27be6e7ab4af-기대불일치,,,AI 1차 분류. 원문 맥락·발화 분리·태그를 연구자가 검증해야 함.,Y,Codex(AI),coded
GP072,app_review,S001,7e92c376-1,2025-11-07,2026-07-30,recent,Google Play,https://play.google.com/store/apps/details?hl=ko&id=kr.munto.app,1,강제업데이트좀안되게해라잉,앱 기능이나 운영 절차의 오류·지연 때문에 모임 이용 과정이 끊겼다고 보고했다.,Google Play 공개 리뷰에서 문토 이용 경험을 회고함,업데이트,재설치·재시도 또는 문의,이용 실패와 시간 손실,,경험품질,안전·신뢰,negative,outcome,low,gplay-7e92c376-c67f-4936-8e8b-1cf56174039e-경험품질,,,AI 1차 분류. 원문 맥락·발화 분리·태그를 연구자가 검증해야 함.,Y,Codex(AI),coded
GP073,app_review,S001,80f369de-1,2025-11-04,2026-07-30,recent,Google Play,https://play.google.com/store/apps/details?hl=ko&id=kr.munto.app,1,"3.1,2의 이유로 유져가 이탈하는데,딱히 신규모집 의지도안보이고, 만났던사람끼리만 보게되니 친목으로 외부이탈 되서 유져 또나감",더 적합한 모임이나 운영자를 찾아 다른 서비스·외부 관계로 이동했다고 설명했다.,Google Play 공개 리뷰에서 문토 이용 경험을 회고함,외부이탈,대체 채널로 이동,문토 이용 감소 또는 이탈,기존 참여자 간 외부 관계,대체서비스,이탈행동,negative,behavior,high,gplay-80f369de-4ab7-41db-bfcb-fba08adb5bc3-대체서비스,,,AI 1차 분류. 원문 맥락·발화 분리·태그를 연구자가 검증해야 함. 동일 발화의 이탈행동 카드를 2차 검토에서 병합함. 2차 검토: 기존 참여자가 플랫폼 밖 관계로 이동한다고 명시했다.,Y,Codex(AI 1차+2차 검토),verified
GP074,app_review,S001,80f369de-3,2025-11-04,2026-07-30,recent,Google Play,https://play.google.com/store/apps/details?hl=ko&id=kr.munto.app,1,1.소개팅 술모임이지 이게무슨 취향이같은친구를 찾는모임어플인가 싶을정도로 변질됨,취미 커뮤니티에서 소개팅·매칭 목적이 전면화되었다고 판단했다.,Google Play 공개 리뷰에서 문토 이용 경험을 회고함,소개팅,서비스 목적을 재평가,취미 중심 서비스라는 기대 약화,,숨은만남신호,기대불일치,negative,observed_signal,medium,gplay-80f369de-4ab7-41db-bfcb-fba08adb5bc3-숨은만남신호,,,AI 1차 분류. 원문 맥락·발화 분리·태그를 연구자가 검증해야 함. 동일 발화의 기대불일치 카드를 2차 검토에서 병합함.,Y,Codex(AI),coded
GP075,app_review,S001,80f369de-4,2025-11-04,2026-07-30,recent,Google Play,https://play.google.com/store/apps/details?hl=ko&id=kr.munto.app,1,2.돈벌어야되는건 알겠지만 1번으로느껴지게 죄다비싼 술모임만 윗쪽에 편성해놔서 일부 진짜.취지에맞는소셜링은 찾으려면 바닷가에서 진주찾기수준,지역·추천 구조 때문에 원하는 취미 모임을 발견하기 어렵다고 보고했다.,Google Play 공개 리뷰에서 문토 이용 경험을 회고함,찾으려면,원하는 모임을 탐색,탐색 비용 증가와 선택지 축소,,탐색피로,기대불일치,negative,outcome,medium,gplay-80f369de-4ab7-41db-bfcb-fba08adb5bc3-탐색피로,,,AI 1차 분류. 원문 맥락·발화 분리·태그를 연구자가 검증해야 함.,Y,Codex(AI),coded
GP076,app_review,S001,80f369de-5,2025-11-04,2026-07-30,recent,Google Play,https://play.google.com/store/apps/details?hl=ko&id=kr.munto.app,1,6.고객센터전화가아예없다는것 자체가 소통의지없음,취소·환불·신원·분쟁 대응 과정에서 플랫폼의 보호와 운영을 신뢰하기 어렵다고 보고했다.,Google Play 공개 리뷰에서 문토 이용 경험을 회고함,고객센터,문제를 신고하거나 지원을 요청,참여 안전감과 플랫폼 신뢰 저하,,안전·신뢰,경험품질,negative,outcome,medium,gplay-80f369de-4ab7-41db-bfcb-fba08adb5bc3-안전·신뢰,,,AI 1차 분류. 원문 맥락·발화 분리·태그를 연구자가 검증해야 함.,Y,Codex(AI),coded
GP077,app_review,S001,872d3faa-1,2025-11-03,2026-07-30,recent,Google Play,https://play.google.com/store/apps/details?hl=ko&id=kr.munto.app,3,셔플링 등록하고 싶은데 관심지역 선택 가능한 항목이 없어서 등록을 못했어요 🥲,지역·추천 구조 때문에 원하는 취미 모임을 발견하기 어렵다고 보고했다.,Google Play 공개 리뷰에서 문토 이용 경험을 회고함,관심지역 선택 가능한 항목이 없,원하는 모임을 탐색,탐색 비용 증가와 선택지 축소,,탐색피로,기대불일치,negative,outcome,medium,gplay-872d3faa-ae10-4dc3-bfb2-4cb7a37b6e61-탐색피로,,,AI 1차 분류. 원문 맥락·발화 분리·태그를 연구자가 검증해야 함.,Y,Codex(AI),coded
GP078,app_review,S001,12eefb59-1,2025-10-29,2026-07-30,recent,Google Play,https://play.google.com/store/apps/details?hl=ko&id=kr.munto.app,1,소셜링 내용이 갑자기 바뀌어서 환불요청을 하였으나 시스템상 환불이 되지않고 카카오 고객문의도 답이없어요 해결해주세요,취소·환불·신원·분쟁 대응 과정에서 플랫폼의 보호와 운영을 신뢰하기 어렵다고 보고했다.,Google Play 공개 리뷰에서 문토 이용 경험을 회고함,환불,문제를 신고하거나 지원을 요청,참여 안전감과 플랫폼 신뢰 저하,,안전·신뢰,경험품질,negative,outcome,medium,gplay-12eefb59-380f-4db5-b5cf-eee5b4e65c61-안전·신뢰,,,AI 1차 분류. 원문 맥락·발화 분리·태그를 연구자가 검증해야 함.,Y,Codex(AI),coded
GP079,app_review,S001,936c3080-1,2025-10-21,2026-07-30,recent,Google Play,https://play.google.com/store/apps/details?hl=ko&id=kr.munto.app,1,카카오톡으로 5초만에 시작하기 하면 전화번호 인증시 이미 가입되어있다고 뜨는데 막상 로그인하려면 계정이 없다해요 재가입도 안되고 로그인도 안되고 비번찾기도 안되고 아이디 찾기도 안되고...,취소·환불·신원·분쟁 대응 과정에서 플랫폼의 보호와 운영을 신뢰하기 어렵다고 보고했다.,Google Play 공개 리뷰에서 문토 이용 경험을 회고함,전화번호,문제를 신고하거나 지원을 요청,참여 안전감과 플랫폼 신뢰 저하,,안전·신뢰,경험품질,negative,outcome,medium,gplay-936c3080-ceca-47ca-9bce-745e27ca3bd4-안전·신뢰,,,AI 1차 분류. 원문 맥락·발화 분리·태그를 연구자가 검증해야 함. 동일 발화의 경험품질 카드를 2차 검토에서 병합함.,Y,Codex(AI),coded
GP081,app_review,S001,efd4ce94-2,2025-10-17,2026-07-30,recent,Google Play,https://play.google.com/store/apps/details?hl=ko&id=kr.munto.app,1,참석자인줄 알고 봤더니 스탭이 참여자인척 참석하는게 너무 많습니다..인기있어보이려는거 이건 뭐 제재 안하나요???,취소·환불·신원·분쟁 대응 과정에서 플랫폼의 보호와 운영을 신뢰하기 어렵다고 보고했다.,Google Play 공개 리뷰에서 문토 이용 경험을 회고함,제재,문제를 신고하거나 지원을 요청,참여 안전감과 플랫폼 신뢰 저하,,안전·신뢰,호스트상업화,negative,outcome,medium,gplay-efd4ce94-11df-404f-8211-ca3579f5f219-안전·신뢰,,,AI 1차 분류. 원문 맥락·발화 분리·태그를 연구자가 검증해야 함. 2차 검토에서 동일 발화의 호스트상업화 카드와 병합함.,Y,Codex(AI),verified
GP082,app_review,S001,98c3a6df-1,2025-10-14,2026-07-30,recent,Google Play,https://play.google.com/store/apps/details?hl=ko&id=kr.munto.app,1,"이메일로 가입 되었다고 비밀번호 입력하면 가입 된 내역이 없다면서, 아이디 찾기 하면 그 이메일 나오고 계속 반복되는데 확인 부탁드려요",앱 기능이나 운영 절차의 오류·지연 때문에 모임 이용 과정이 끊겼다고 보고했다.,Google Play 공개 리뷰에서 문토 이용 경험을 회고함,아이디 찾기,재설치·재시도 또는 문의,이용 실패와 시간 손실,,경험품질,안전·신뢰,negative,outcome,medium,gplay-98c3a6df-4ee1-419d-876b-d7965ad09947-경험품질,,,AI 1차 분류. 원문 맥락·발화 분리·태그를 연구자가 검증해야 함.,Y,Codex(AI),coded
GP083,app_review,S001,38bb76c8-1,2025-10-02,2026-07-30,recent,Google Play,https://play.google.com/store/apps/details?hl=ko&id=kr.munto.app,1,모임 오는 사람 중에 범죄자도 있어요...,취소·환불·신원·분쟁 대응 과정에서 플랫폼의 보호와 운영을 신뢰하기 어렵다고 보고했다.,Google Play 공개 리뷰에서 문토 이용 경험을 회고함,범죄자,문제를 신고하거나 지원을 요청,참여 안전감과 플랫폼 신뢰 저하,,안전·신뢰,경험품질,negative,outcome,medium,gplay-38bb76c8-ab63-43c4-9e37-08a3d1886e59-안전·신뢰,,,AI 1차 분류. 원문 맥락·발화 분리·태그를 연구자가 검증해야 함.,Y,Codex(AI),coded
GP084,app_review,S001,2bc81a1c-1,2026-07-04,2026-07-30,recent,Google Play,https://play.google.com/store/apps/details?hl=ko&id=kr.munto.app,5,혼자서 할 때보다 즐거운 취미 생활!,관심사 중심 활동과 사람 간 교류가 실제 취미 경험과 일상 만족을 높였다고 평가했다.,Google Play 공개 리뷰에서 문토 이용 경험을 회고함,즐거,취미 모임에 참여하거나 반복 이용,취미 목적 충족과 긍정적 관계 형성,,긍정·반례,경험품질,positive,outcome,medium,gplay-2bc81a1c-2283-40d1-939b-65fc9e7898b3-긍정·반례,,,AI 1차 분류. 원문 맥락·발화 분리·태그를 연구자가 검증해야 함.,Y,Codex(AI),coded
GP085,app_review,S001,d16f5cd2-1,2026-06-13,2026-07-30,recent,Google Play,https://play.google.com/store/apps/details?hl=ko&id=kr.munto.app,5,소셜링의 다양한 참여 기회 제공,관심사 중심 활동과 사람 간 교류가 실제 취미 경험과 일상 만족을 높였다고 평가했다.,Google Play 공개 리뷰에서 문토 이용 경험을 회고함,,취미 모임에 참여하거나 반복 이용,취미 목적 충족과 긍정적 관계 형성,,긍정·반례,경험품질,positive,outcome,low,gplay-d16f5cd2-dc83-4234-8962-73b4a562f72c-긍정·반례,,,AI 1차 분류. 원문 맥락·발화 분리·태그를 연구자가 검증해야 함.,Y,Codex(AI),coded
GP086,app_review,S001,7539e4bd-1,2026-05-18,2026-07-30,recent,Google Play,https://play.google.com/store/apps/details?hl=ko&id=kr.munto.app,4,그리고 문의를 해도 답장이 안 와요.,취소·환불·신원·분쟁 대응 과정에서 플랫폼의 보호와 운영을 신뢰하기 어렵다고 보고했다.,Google Play 공개 리뷰에서 문토 이용 경험을 회고함,문의,문제를 신고하거나 지원을 요청,참여 안전감과 플랫폼 신뢰 저하,,안전·신뢰,경험품질,mixed,outcome,medium,gplay-7539e4bd-4744-4017-99d8-e28f5dc1a91d-안전·신뢰,,,AI 1차 분류. 원문 맥락·발화 분리·태그를 연구자가 검증해야 함.,Y,Codex(AI),coded
GP087,app_review,S001,7539e4bd-2,2026-05-18,2026-07-30,recent,Google Play,https://play.google.com/store/apps/details?hl=ko&id=kr.munto.app,4,탈퇴 후 재가입하려고 하니 인증번호가 오질 않습니다.,앱 기능이나 운영 절차의 오류·지연 때문에 모임 이용 과정이 끊겼다고 보고했다.,Google Play 공개 리뷰에서 문토 이용 경험을 회고함,인증번호,재설치·재시도 또는 문의,이용 실패와 시간 손실,,경험품질,안전·신뢰,mixed,outcome,medium,gplay-7539e4bd-4744-4017-99d8-e28f5dc1a91d-경험품질,,,AI 1차 분류. 원문 맥락·발화 분리·태그를 연구자가 검증해야 함.,Y,Codex(AI),coded
GP088,app_review,S001,a764c76a-1,2026-04-28,2026-07-30,recent,Google Play,https://play.google.com/store/apps/details?hl=ko&id=kr.munto.app,5,문토를 많이 이용해본 결과 다양한 사람들과 함께 어울리며 취미생활을 공유하고 이런 자리를 만들어주시는 호스트님들께 감사하다고 생각했습니다 돈으로도 못구매하는 값진 경험 많이 하고 좋은 사람들…,관심사 중심 활동과 사람 간 교류가 실제 취미 경험과 일상 만족을 높였다고 평가했다.,Google Play 공개 리뷰에서 문토 이용 경험을 회고함,좋,취미 모임에 참여하거나 반복 이용,취미 목적 충족과 긍정적 관계 형성,,긍정·반례,경험품질,positive,outcome,medium,gplay-a764c76a-6f22-41ee-9fe7-3565ced6f675-긍정·반례,,,AI 1차 분류. 원문 맥락·발화 분리·태그를 연구자가 검증해야 함.,Y,Codex(AI),coded
GP089,app_review,S001,f464a544-1,2026-04-27,2026-07-30,recent,Google Play,https://play.google.com/store/apps/details?hl=ko&id=kr.munto.app,5,문토 덕분에 취미생활을 더욱 재밌고 보람있게 보낼수있어서 좋아요.,관심사 중심 활동과 사람 간 교류가 실제 취미 경험과 일상 만족을 높였다고 평가했다.,Google Play 공개 리뷰에서 문토 이용 경험을 회고함,좋,취미 모임에 참여하거나 반복 이용,취미 목적 충족과 긍정적 관계 형성,,긍정·반례,경험품질,positive,outcome,medium,gplay-f464a544-d6bf-401e-908e-6124f680306c-긍정·반례,,,AI 1차 분류. 원문 맥락·발화 분리·태그를 연구자가 검증해야 함.,Y,Codex(AI),coded
GP090,app_review,S001,7eb6ef19-1,2026-04-27,2026-07-30,recent,Google Play,https://play.google.com/store/apps/details?hl=ko&id=kr.munto.app,5,문토 덕분에 일상이 훨씬 풍요로워졌습니다.,관심사 중심 활동과 사람 간 교류가 실제 취미 경험과 일상 만족을 높였다고 평가했다.,Google Play 공개 리뷰에서 문토 이용 경험을 회고함,풍요,취미 모임에 참여하거나 반복 이용,취미 목적 충족과 긍정적 관계 형성,,긍정·반례,경험품질,positive,outcome,medium,gplay-7eb6ef19-6054-477f-832d-62b04beddd01-긍정·반례,,,AI 1차 분류. 원문 맥락·발화 분리·태그를 연구자가 검증해야 함.,Y,Codex(AI),coded
GP091,app_review,S001,6b201ff5-1,2026-04-24,2026-07-30,recent,Google Play,https://play.google.com/store/apps/details?hl=ko&id=kr.munto.app,5,결이 맞는 사람들을 만나게 되면 정말 즐겁고 좋은 시간을 보낼 수 있었어요,관심사 중심 활동과 사람 간 교류가 실제 취미 경험과 일상 만족을 높였다고 평가했다.,Google Play 공개 리뷰에서 문토 이용 경험을 회고함,좋,취미 모임에 참여하거나 반복 이용,취미 목적 충족과 긍정적 관계 형성,,긍정·반례,경험품질,positive,outcome,medium,gplay-6b201ff5-cebe-46a1-af99-169a463edff1-긍정·반례,,,AI 1차 분류. 원문 맥락·발화 분리·태그를 연구자가 검증해야 함.,Y,Codex(AI),coded
GP092,app_review,S001,3da30c22-1,2026-04-23,2026-07-30,recent,Google Play,https://play.google.com/store/apps/details?hl=ko&id=kr.munto.app,5,취미와 여러 사람들과 어울릴 기회가 있어 좋았어요^^,관심사 중심 활동과 사람 간 교류가 실제 취미 경험과 일상 만족을 높였다고 평가했다.,Google Play 공개 리뷰에서 문토 이용 경험을 회고함,좋,취미 모임에 참여하거나 반복 이용,취미 목적 충족과 긍정적 관계 형성,,긍정·반례,경험품질,positive,outcome,medium,gplay-3da30c22-2ded-4bfa-b1b3-c43b1c98bbca-긍정·반례,,,AI 1차 분류. 원문 맥락·발화 분리·태그를 연구자가 검증해야 함.,Y,Codex(AI),coded
GP093,app_review,S001,0b508548-1,2026-04-23,2026-07-30,recent,Google Play,https://play.google.com/store/apps/details?hl=ko&id=kr.munto.app,5,지인 추천으로 가입해봤는데 너무 좋나요 타지에서 무료했는데 덕분에 사람들도 많이 만나고 좋네요!,관심사 중심 활동과 사람 간 교류가 실제 취미 경험과 일상 만족을 높였다고 평가했다.,Google Play 공개 리뷰에서 문토 이용 경험을 회고함,좋,취미 모임에 참여하거나 반복 이용,취미 목적 충족과 긍정적 관계 형성,,긍정·반례,경험품질,positive,outcome,medium,gplay-0b508548-8d19-46b4-b8bf-dfaf1bf9028b-긍정·반례,,,AI 1차 분류. 원문 맥락·발화 분리·태그를 연구자가 검증해야 함.,Y,Codex(AI),coded
GP094,app_review,S001,48d4a9ba-1,2026-04-22,2026-07-30,recent,Google Play,https://play.google.com/store/apps/details?hl=ko&id=kr.munto.app,5,"사회에서 잃어버리는 인류애 여기서 좋은사람들 만나고 궁금했던, 흥미있는 활동들 하면서 다시 회복하곤 합니당 ㅎㅎ 혼자서 가기 힘든 나들이 삼삼오오 모여가니 하루 진짜 알차게 보내게되요!",관심사 중심 활동과 사람 간 교류가 실제 취미 경험과 일상 만족을 높였다고 평가했다.,Google Play 공개 리뷰에서 문토 이용 경험을 회고함,좋,취미 모임에 참여하거나 반복 이용,취미 목적 충족과 긍정적 관계 형성,,긍정·반례,경험품질,mixed,outcome,medium,gplay-48d4a9ba-bd57-4d4d-9776-85723cea3d9d-긍정·반례,,,AI 1차 분류. 원문 맥락·발화 분리·태그를 연구자가 검증해야 함.,Y,Codex(AI),coded
GP095,app_review,S001,e7018487-1,2026-04-22,2026-07-30,recent,Google Play,https://play.google.com/store/apps/details?hl=ko&id=kr.munto.app,5,문토 통해서 좋은 모임을 만들고 좋은 사람들과 취미를 공유하며 활동할 수 있어서 너무 좋습니다 애용하는 모임 앱으로서 많은 분들에게 추천드려요:),관심사 중심 활동과 사람 간 교류가 실제 취미 경험과 일상 만족을 높였다고 평가했다.,Google Play 공개 리뷰에서 문토 이용 경험을 회고함,좋,취미 모임에 참여하거나 반복 이용,취미 목적 충족과 긍정적 관계 형성,,긍정·반례,경험품질,positive,outcome,medium,gplay-e7018487-c171-48cd-9bbc-5fd64b6134a6-긍정·반례,,,AI 1차 분류. 원문 맥락·발화 분리·태그를 연구자가 검증해야 함.,Y,Codex(AI),coded
GP096,app_review,S001,a5446aaf-1,2026-04-16,2026-07-30,recent,Google Play,https://play.google.com/store/apps/details?hl=ko&id=kr.munto.app,5,다양한 경험을 쌓게 도움을 주는 플랫폼이어서 좋아요!,관심사 중심 활동과 사람 간 교류가 실제 취미 경험과 일상 만족을 높였다고 평가했다.,Google Play 공개 리뷰에서 문토 이용 경험을 회고함,좋,취미 모임에 참여하거나 반복 이용,취미 목적 충족과 긍정적 관계 형성,,긍정·반례,경험품질,positive,outcome,medium,gplay-a5446aaf-cd0d-43ed-9645-d75ecbbd1f4d-긍정·반례,,,AI 1차 분류. 원문 맥락·발화 분리·태그를 연구자가 검증해야 함.,Y,Codex(AI),coded
GP097,app_review,S001,f3f4c9d3-1,2026-04-16,2026-07-30,recent,Google Play,https://play.google.com/store/apps/details?hl=ko&id=kr.munto.app,5,수도권이 아닌 지역 모임이 적은것은 아쉽지만 모임을 하면서 지루한 삶에 활력이 될 수가 있었습니다.,관심사 중심 활동과 사람 간 교류가 실제 취미 경험과 일상 만족을 높였다고 평가했다.,Google Play 공개 리뷰에서 문토 이용 경험을 회고함,활력,취미 모임에 참여하거나 반복 이용,취미 목적 충족과 긍정적 관계 형성,,긍정·반례,경험품질,mixed,outcome,medium,gplay-f3f4c9d3-f2da-4432-bb85-37bb438b1962-긍정·반례,,,AI 1차 분류. 원문 맥락·발화 분리·태그를 연구자가 검증해야 함.,Y,Codex(AI),coded
GP098,app_review,S001,a2cfbaf6-1,2026-04-16,2026-07-30,recent,Google Play,https://play.google.com/store/apps/details?hl=ko&id=kr.munto.app,5,"이전의 내가 무언가 고여서 리프래시하거나, 배우고 싶거나 잠깐의 설레임이 필요할 때, 소소한 즐거움을 느끼게 해줬던 존재였던 거 같습니다.",관심사 중심 활동과 사람 간 교류가 실제 취미 경험과 일상 만족을 높였다고 평가했다.,Google Play 공개 리뷰에서 문토 이용 경험을 회고함,즐거,취미 모임에 참여하거나 반복 이용,취미 목적 충족과 긍정적 관계 형성,,긍정·반례,경험품질,positive,outcome,medium,gplay-a2cfbaf6-50a8-4237-af41-88374c7ce6d8-긍정·반례,,,AI 1차 분류. 원문 맥락·발화 분리·태그를 연구자가 검증해야 함.,Y,Codex(AI),coded
GP099,app_review,S001,c1642262-1,2026-04-16,2026-07-30,recent,Google Play,https://play.google.com/store/apps/details?hl=ko&id=kr.munto.app,5,​지인 추천으로 시작했는데 생각보다 주제가 정말 다양해서 놀랐어요!,관심사 중심 활동과 사람 간 교류가 실제 취미 경험과 일상 만족을 높였다고 평가했다.,Google Play 공개 리뷰에서 문토 이용 경험을 회고함,좋,취미 모임에 참여하거나 반복 이용,취미 목적 충족과 긍정적 관계 형성,,긍정·반례,경험품질,positive,outcome,medium,gplay-c1642262-75e3-49cb-8cc3-c597e1fc635c-긍정·반례,,,AI 1차 분류. 원문 맥락·발화 분리·태그를 연구자가 검증해야 함.,Y,Codex(AI),coded
