review_id,rating,review_date_utc,review_text,thumbs_up,app_version,collected_date,source_url
d84f4896-240d-4967-a0db-509035ab7af6,1,2026-07-22T23:37:20+00:00,취소 환불을 에너지 형태로 적립해서 출금 못하게 막아두었네요. 이용약관 부당이득 신고했습니다.,0,7.1.2,2026-08-05,https://play.google.com/store/apps/details?hl=ko&id=com.frientrip.frip
eda57b28-cd71-4d9f-adfd-47fcda9ab62d,5,2026-07-21T08:49:10+00:00,좋아요,0,7.1.2,2026-08-05,https://play.google.com/store/apps/details?hl=ko&id=com.frientrip.frip
c7087782-85b6-4e82-b715-5f1996d6ba24,1,2026-06-11T01:16:54+00:00,쓸데없는 질문 사항 실제로 필요한 정보는 없음,0,7.1.1,2026-08-05,https://play.google.com/store/apps/details?hl=ko&id=com.frientrip.frip
66252783-8a29-477f-89b1-b8b929e16caf,1,2026-05-21T01:57:10+00:00,폰바꾸고나서 로그인하려니까 가입된 번호라하면서 로그인도 회원가입도 안되고 고객센터에 문의하라는데 고객센터 버튼조차 없음,0,,2026-08-05,https://play.google.com/store/apps/details?hl=ko&id=com.frientrip.frip
3bdaeebc-20f6-4fc8-b1c6-d406a6fc26c0,5,2026-05-08T12:34:13+00:00,좋네요 재밌어요,1,7.1.1,2026-08-05,https://play.google.com/store/apps/details?hl=ko&id=com.frientrip.frip
ce65349c-0020-4c6f-90dd-cabf96b1524f,5,2026-05-05T08:23:44+00:00,굳,0,7.0.30,2026-08-05,https://play.google.com/store/apps/details?hl=ko&id=com.frientrip.frip
a93d7b68-d2fa-44a9-b11f-35352f3ba99c,1,2026-05-03T09:06:04+00:00,신분증 등록이 안돼요,0,7.0.30,2026-08-05,https://play.google.com/store/apps/details?hl=ko&id=com.frientrip.frip
5701b148-640c-43d4-b1d6-0ec87376ec35,5,2026-04-13T01:40:31+00:00,상품이 합리적인 가격에 알찬 구성 아주 좋습니다,0,7.0.30,2026-08-05,https://play.google.com/store/apps/details?hl=ko&id=com.frientrip.frip
298f1339-0255-451a-82ba-de23bb648f9b,5,2026-04-08T02:52:00+00:00,잘쓰고있어요,0,,2026-08-05,https://play.google.com/store/apps/details?hl=ko&id=com.frientrip.frip
dbe7f67c-3f7d-4f76-bfd0-efedde412985,5,2026-03-23T08:41:34+00:00,"가격 장난질 좀 막아주세요. 썸네일에는 ₩5,000~ 인데 결제하려고 보면 ₩69,000 이러네요,, 최저가 보여주는거라구요? 그걸 몰라서 하는 말이 아니잖아요~~",0,,2026-08-05,https://play.google.com/store/apps/details?hl=ko&id=com.frientrip.frip
0d011d65-b88b-4451-acee-e69ccd0fa65a,1,2026-02-21T21:43:57+00:00,규정이 호스트가 정한대로 해야된다는 이유로 여자회원은 늦어도 괜찮고 남자 회원은 늦으면 불참처리에 환불도 안됌...ㅋㅋ 프립은 규정엔 없지만 앞으로 주의하겠다 끝... 이런 편파적인 상황은 어이가 없네요,0,7.0.30,2026-08-05,https://play.google.com/store/apps/details?hl=ko&id=com.frientrip.frip
54bcf91d-83cf-4e1b-a716-fb67651cea2e,3,2026-02-11T04:57:51+00:00,할수있는활동이여러가지라서 호감이들었지만 모임에 문구같은게적혀있는게거의없어서 좀 불편했어요 친목앱이라고는하지만 이런연령대표시마저도안되어있으면 좀..나이차이가많이날때 대화할때 힘들것같네요,2,7.0.30,2026-08-05,https://play.google.com/store/apps/details?hl=ko&id=com.frientrip.frip
25545404-68b3-4a7d-bf18-05d88da2cc6f,5,2026-02-01T09:37:14+00:00,좋아요!!,0,7.0.29,2026-08-05,https://play.google.com/store/apps/details?hl=ko&id=com.frientrip.frip
673d20fe-048c-49d2-bb35-79f0bef42215,1,2026-01-31T09:12:53+00:00,진짜 번호입력이나 너무 불편하게 만들었습니다,0,7.0.29,2026-08-05,https://play.google.com/store/apps/details?hl=ko&id=com.frientrip.frip
b08ff419-ac51-4bf0-a877-00814efa77c7,3,2026-01-11T10:42:51+00:00,후기를 왜 실시간으로 찍은것만 반영할수있게 하셨는지.. 사진찍어둔거는 무용지물이라 리뷰라 의미가없네요,0,7.0.28,2026-08-05,https://play.google.com/store/apps/details?hl=ko&id=com.frientrip.frip
3a50fb2e-216d-4eea-9883-c38b9394f04a,1,2026-01-06T09:19:01+00:00,어플이 자꾸멈춰요ㅜㅜ 제발 고쳐주세요,0,7.0.28,2026-08-05,https://play.google.com/store/apps/details?hl=ko&id=com.frientrip.frip
c9ee5cbe-06a0-4e64-aea2-f2bee70df5c9,1,2025-12-20T11:47:04+00:00,상세정보 스크롤이 거지같아서 화가나요 스마트폰 초창기 앱도 이것보단 조작이 쉬웠던거 같아요,2,7.0.27,2026-08-05,https://play.google.com/store/apps/details?hl=ko&id=com.frientrip.frip
30f6cec1-1909-4884-9939-20d5ee911772,5,2025-12-13T16:33:57+00:00,소개팅 좋아요,0,7.0.27,2026-08-05,https://play.google.com/store/apps/details?hl=ko&id=com.frientrip.frip
eb1dc8ff-2e11-4719-ae1b-091f37c3d2a6,5,2025-12-10T02:40:29+00:00,"“지루한 일상 + 살짝의 용기”만 있으면 새로운 취미, 새로운 사람, 새로운 경험을 부담 없이 해볼 수 있게 해주는 앱이네요~~ 매주가 똑같아서 답답한 사람, “뭔가 다르게 살고 싶다” 싶은 사람에게 특히 추천! 😊",0,7.0.27,2026-08-05,https://play.google.com/store/apps/details?hl=ko&id=com.frientrip.frip
5fe882b9-6fc8-4a89-8e07-52fc9b1ca7cf,5,2025-11-17T11:54:06+00:00,새롭고 다양한 모임이 있어서 잘 사용 하겠습니다!,1,7.0.26,2026-08-05,https://play.google.com/store/apps/details?hl=ko&id=com.frientrip.frip
aabfee80-ea65-4881-a0b8-3fa9e840e470,4,2025-11-12T06:17:10+00:00,좋네요,0,7.0.25,2026-08-05,https://play.google.com/store/apps/details?hl=ko&id=com.frientrip.frip
f3d0ee86-d230-4e70-a2c3-54d2c705cde3,5,2025-10-15T06:00:53+00:00,good,0,7.0.24,2026-08-05,https://play.google.com/store/apps/details?hl=ko&id=com.frientrip.frip
222f35f7-2bc5-4a3d-b1ba-bcf7669addbf,3,2025-10-03T22:42:32+00:00,이 어플 쓰기 왜이렇게 불편함... 상세 설명창 열어서 쭉 스크롤 위로 하다가 잠깐만 아래로 스크롤 할라치면(위쪽 화면을 보려고 스크롤 하면...) 창이 아예 내려가 버림...,2,7.0.24,2026-08-05,https://play.google.com/store/apps/details?hl=ko&id=com.frientrip.frip
436eca0a-3cd1-4ec4-897c-c21d1c34d2f2,1,2025-09-30T05:13:48+00:00,?????업뎃 언제함?? 검색어치면 모든검색어 검색이안돼요 어자피 지울참이었지만 앞으로도 쓸일없을듯?,0,7.0.24,2026-08-05,https://play.google.com/store/apps/details?hl=ko&id=com.frientrip.frip
7c007505-13f8-4b5f-bdc6-5656f3a36ded,2,2025-09-29T20:28:21+00:00,예전에는 부산검색하면 많이 뜨는데 왜 지금은 부산 검색하면 하낟느 안뜨는건지 검색을 좀 잘되게 바꿔야할듯,0,7.0.24,2026-08-05,https://play.google.com/store/apps/details?hl=ko&id=com.frientrip.frip
2ad60863-4724-4027-8eec-4fbde3ba83e8,1,2025-09-29T08:53:45+00:00,다운받았는데 로그인 하면 실행이 안됩니다 프리앱에 버그가 있어 종료하였습니다 개발자가 오류 수정본을 제공하면 앱을 업데이트해보세요 라고 뜹니다,0,7.0.24,2026-08-05,https://play.google.com/store/apps/details?hl=ko&id=com.frientrip.frip
2bf49aae-0df8-4bbf-9b28-36ddee48e697,3,2025-09-28T08:25:42+00:00,가입이 안돼요...,0,7.0.24,2026-08-05,https://play.google.com/store/apps/details?hl=ko&id=com.frientrip.frip
40d8951d-bb5f-4454-b832-1495b5f9b688,1,2025-09-03T00:34:57+00:00,"모임이며 취미활동이며 아주 좋은 플랫폼임 여러개 이용해봤지만 모임도 잘 운영 되고 있음. 다만, 환불 규정에 사용자가 억울한 부분이 있음. 토요일 하루 전날인 금요일 17시 교통사고가 나서 입원으로 인해 모임 참가가 불가능하여 환불 요청(진단서증빙) 해도 일반적인 환불 규정으로 1일전 50%만 환불해줌. (금요일 17시 이후 고객센터 응대 안돼서 호스트한테만 알렸지만 호스트는 고객센터에 말하라고 하길래 3일 뒤 월요일에 고객센터 문의 함) 프립측 : 호스트가 환불 하는데 최종 결정자라고 함(고객센터 답변) 호스트측 : 프립 환불 규정에 교통사고에 대한 환불 규정 없으니 안해줌(직접통화) + 부모님 상 당해도 환불안해줬다함(직접통화) 프립은 환불규정 개선돼야 할 듯 환불규정에 천재지변에 대한 내용도 없으니 지진 홍수 등등 무조건 1일전 50%환불, 신청마감 시 환불 불가겠네?",0,7.0.22,2026-08-05,https://play.google.com/store/apps/details?hl=ko&id=com.frientrip.frip
40a1b6b5-3688-4f8c-9085-34616fe6b113,1,2025-08-28T03:47:09+00:00,업데이트 되고 불편해짐..,0,7.0.22,2026-08-05,https://play.google.com/store/apps/details?hl=ko&id=com.frientrip.frip
00aec742-7672-4c9b-a992-f8aa40389147,5,2025-08-27T05:29:06+00:00,아랫분 ㅡ... 그거는 프립 어플에 대한 리뷰가 아니라 소개팅 모임에 대한 리뷰자나요...,0,,2026-08-05,https://play.google.com/store/apps/details?hl=ko&id=com.frientrip.frip
b104e795-3524-4cfc-9237-fe1de7e1c91c,5,2025-08-15T02:04:13+00:00,분야별로 잘정리되어있어요,0,7.0.20,2026-08-05,https://play.google.com/store/apps/details?hl=ko&id=com.frientrip.frip
405dd76b-0d81-43f3-8cbe-7c6d49b46a40,5,2025-08-09T18:02:21+00:00,다른건 다좋지만 소개팅 모임 에서 남자의 키를 너무 본다는점이 조금 별로고 키작은 친구들은 소개팅도 못한다 이렇게 전제적으로 깔고 가는것같은데 이부분은 상당히 아쉽습니다🤣🤣,0,7.0.20,2026-08-05,https://play.google.com/store/apps/details?hl=ko&id=com.frientrip.frip
5f78da5f-fcb0-4398-a8ff-412288813992,5,2025-08-05T07:30:19+00:00,굳,0,7.0.20,2026-08-05,https://play.google.com/store/apps/details?hl=ko&id=com.frientrip.frip
9606a0e5-6a74-4dfc-8607-98c4c94fc21d,5,2025-07-30T14:42:13+00:00,굿,0,7.0.20,2026-08-05,https://play.google.com/store/apps/details?hl=ko&id=com.frientrip.frip
a0f6633a-8630-43aa-a07b-8a4976e1be0c,5,2025-07-22T04:12:45+00:00,"굉장히 많은 종류의 수업, 이벤트가 있고 타 앱들에 비해 더 큰것같다",0,7.0.20,2026-08-05,https://play.google.com/store/apps/details?hl=ko&id=com.frientrip.frip
6f014523-34e3-4cc8-a5db-80075cd10c1f,5,2025-07-18T16:34:54+00:00,좋아요,0,7.0.20,2026-08-05,https://play.google.com/store/apps/details?hl=ko&id=com.frientrip.frip
9668e3f9-d7f3-4e6e-9813-0cca690cfb43,5,2025-07-16T12:10:16+00:00,다양한 주제여서 좋습니다,0,7.0.20,2026-08-05,https://play.google.com/store/apps/details?hl=ko&id=com.frientrip.frip
0a717e15-4b3a-4824-be6c-b6b2c02e5065,2,2025-07-08T11:06:18+00:00,503에러 발생하는데 확인좀해주세요~,0,7.0.20,2026-08-05,https://play.google.com/store/apps/details?hl=ko&id=com.frientrip.frip
f07afe20-b006-4948-a841-3bfe6a5cee0d,5,2025-07-02T04:15:08+00:00,좋아요,0,7.0.20,2026-08-05,https://play.google.com/store/apps/details?hl=ko&id=com.frientrip.frip
d3987fb5-d57f-4e34-a142-0b6d5eb2b95f,1,2025-06-30T15:07:47+00:00,일부 호스트가 현금결제를 유도해요. 무슨 이유인지는 모르겠지만 현금결제를 강압하는 모습에 어플 신뢰도도 낮아지네요.,0,7.0.20,2026-08-05,https://play.google.com/store/apps/details?hl=ko&id=com.frientrip.frip
bd7692ac-ca72-457e-a23d-3f11da5ff787,5,2025-06-28T06:55:45+00:00,재밌었음,0,7.0.19,2026-08-05,https://play.google.com/store/apps/details?hl=ko&id=com.frientrip.frip
90999b6e-1e0d-455a-a200-ea833e892c30,5,2025-06-24T13:50:27+00:00,죠습니다.,0,7.0.19,2026-08-05,https://play.google.com/store/apps/details?hl=ko&id=com.frientrip.frip
1fd070ac-a0ee-4c4b-94f8-69f57c58bb93,5,2025-06-13T08:09:04+00:00,좋아요,0,7.0.19,2026-08-05,https://play.google.com/store/apps/details?hl=ko&id=com.frientrip.frip
771d7db3-fd6f-4c1d-b9db-3e9aba78b56e,5,2025-05-03T04:35:04+00:00,모임들이 많네요,0,7.0.18,2026-08-05,https://play.google.com/store/apps/details?hl=ko&id=com.frientrip.frip
44e8886a-cc7b-4cb3-a9f8-41cc58459457,5,2025-03-22T05:25:26+00:00,첨 써보는데 나쁘지않네요~,0,7.0.17,2026-08-05,https://play.google.com/store/apps/details?hl=ko&id=com.frientrip.frip
c27e08d1-2783-45a7-9f92-052e9ce4557d,1,2025-03-19T19:21:34+00:00,환불 안 됨 최악,0,,2026-08-05,https://play.google.com/store/apps/details?hl=ko&id=com.frientrip.frip
64a145a3-5d3c-4c13-976e-e0921ebcae06,5,2025-03-01T13:32:41+00:00,앱 실행이 안돼요....,2,7.0.16,2026-08-05,https://play.google.com/store/apps/details?hl=ko&id=com.frientrip.frip
98b3c201-fcf1-41af-aadc-9283e1dde2de,1,2025-01-17T03:30:18+00:00,광고 알림 꺼도 계속오네요,0,,2026-08-05,https://play.google.com/store/apps/details?hl=ko&id=com.frientrip.frip
377fc3fb-53a4-45b9-ab19-5bb3bd98b8b1,4,2025-01-12T10:02:00+00:00,굿,0,7.0.14,2026-08-05,https://play.google.com/store/apps/details?hl=ko&id=com.frientrip.frip
05676f90-70c9-417b-9548-9b0a5c5d834d,1,2024-12-19T03:41:29+00:00,인증번호 인증이 안 돼서 가입을 못해서 카톡으로 로그인 시도를 해봣는데 이미 가입된 번호라고 가입을 못함 ㅜㅜ 그래서 처음 시도햇던 이메일로 로그인했더니 또 로그인이 안돼요ㅋㅋ 어쩌라는거죠,0,7.0.13,2026-08-05,https://play.google.com/store/apps/details?hl=ko&id=com.frientrip.frip
70745e43-1cf7-47d6-b496-c14977ad4d27,2,2024-12-06T02:21:00+00:00,소개팅 어플이 되어버렸네요. 다양한 컨텐츠 있을 때가 좋았는데..,3,7.0.8,2026-08-05,https://play.google.com/store/apps/details?hl=ko&id=com.frientrip.frip
f6035199-83a5-4c5e-a747-87097b9b8a4d,5,2024-10-26T08:46:01+00:00,좋아요,0,7.0.4,2026-08-05,https://play.google.com/store/apps/details?hl=ko&id=com.frientrip.frip
b9f49438-7f41-4524-b0f5-44bdf6cb929d,5,2024-10-14T01:21:49+00:00,"덕분에 좋은 체험, 활동 잘 했습니다!",0,7.0.3,2026-08-05,https://play.google.com/store/apps/details?hl=ko&id=com.frientrip.frip
58803aa9-b8f9-47c9-9523-5009b6216f70,2,2024-10-08T01:58:19+00:00,마지막 업데이트 이후 프립이 지나치게 느려졌습니다 이정도의 이용속도라면 이번에 결제한 프립을 이용 후에 더 이상 사용을 못할것같아요.. 새로운 클래스 서칭할 때나 탭을 이동할 때 너무 오래걸려서 3~5초가량 소요될때도 있어요,1,7.0.1,2026-08-05,https://play.google.com/store/apps/details?hl=ko&id=com.frientrip.frip
1ef4afb1-2e78-4f1e-a67d-6e4bcb818376,1,2024-10-07T10:32:41+00:00,앱 업데이트 이후 로딩속도 너무 느리고 답답합니다 개선좀...,1,7.0.1,2026-08-05,https://play.google.com/store/apps/details?hl=ko&id=com.frientrip.frip
d36328b1-e561-461f-9efe-f1c4d63a3fcb,1,2024-10-04T06:52:48+00:00,업데이트 하면서 매일 1.3기가씩 백그라운드 데이터 소모........ 한달 10기가 요금제인데 다 써먹어 주셔서 감사합니다.,0,,2026-08-05,https://play.google.com/store/apps/details?hl=ko&id=com.frientrip.frip
2525b29e-7781-4bdc-bb56-facfa1c79edf,2,2024-09-24T03:56:42+00:00,사용안해서 탈퇴하려는데 탈퇴 이유가 왜 필수 인지 궁금하네요. 이유 쓰려고 하면 계정삭제 버튼이 사라짐. 정보 안남기고 싶습니다. 계정 삭제할수 있게 부탁드려요.,1,6.4.15,2026-08-05,https://play.google.com/store/apps/details?hl=ko&id=com.frientrip.frip
f863ce86-ee1c-4900-bc3c-04b26df97078,5,2024-09-22T02:04:13+00:00,굿,0,,2026-08-05,https://play.google.com/store/apps/details?hl=ko&id=com.frientrip.frip
f93b736a-82f6-46a3-a36b-f386cc552544,3,2024-09-20T11:21:34+00:00,강릉 사는데 클래스가 거진 다 관광객들을 위한 컨텐츠밖에 없네요... 번개프립은 그냥 존재하질 않고... 서울 사람들은 앱을 잘 써먹을 듯하지만 흠... ㅠㅠ...,0,6.4.15,2026-08-05,https://play.google.com/store/apps/details?hl=ko&id=com.frientrip.frip
457777e4-c974-4881-b9d1-530ec5911d9b,5,2024-09-10T10:13:46+00:00,좋아요,0,6.4.14,2026-08-05,https://play.google.com/store/apps/details?hl=ko&id=com.frientrip.frip
a8b76c78-3175-471f-be2c-eba3254e1e14,5,2024-09-10T03:51:13+00:00,주변 사람들과 취미 공유 하고 친구 만들기도 좋고 너무너무 강추합니다.,0,6.4.14,2026-08-05,https://play.google.com/store/apps/details?hl=ko&id=com.frientrip.frip
28006fc4-dafc-425a-8962-0406cd910b26,1,2024-09-02T12:28:34+00:00,"크루가 호스트를 신고하면 호스트입장 들어보지도 않고 고객센터 운영자가 가르치듯 2주동안 활동 못한다고 협박하는 갑질심한곳이네요. 이용료 30프로가져가는것도 짜증나고 크루가 진상이여도 신고당할까봐 눈치겁나게 봐야합니다. 이럴바엔 홍보 안합니다ㅜㅜ 온라인 거래장소면 거래장소로써 역할만하세요. 운영상 발생한 문제는 개입하지 않는다면서 도대체 크루들이 신고하는걸 불만이라면서 왜 호스트한테 지적질이신지.... 아니면 개입을 한다고 설명하시던지, 본인들 불리할때는 개입안하고 이렇게 소통해라 저렇게행동해라 도대체 무슨 소통을 하라고 이렇게 가르치듯 말하는거죠?",6,6.4.9,2026-08-05,https://play.google.com/store/apps/details?hl=ko&id=com.frientrip.frip
4a399ee5-874f-42e8-8745-14ad45342a01,5,2024-08-22T13:57:14+00:00,최고에요 진심으로,0,6.4.14,2026-08-05,https://play.google.com/store/apps/details?hl=ko&id=com.frientrip.frip
d747622e-e0b8-4c54-bd13-414cf0e1c1cd,5,2024-08-20T16:20:59+00:00,주기적으로 업뎃하면서 컨텐츠 다양화 퀄리티 높이기에 충실한것 같습니다 취미 앱 중에 제일 맘에 들어요!,0,6.4.12,2026-08-05,https://play.google.com/store/apps/details?hl=ko&id=com.frientrip.frip
a00bb16c-f7f7-450b-b2cc-e27e548eeb15,5,2024-08-19T07:32:33+00:00,다 좋은데 개인적으로 원데이클레스랑 어떤 단순 서비스 받는거랑 (ex피부 마사지) 구분 좀 되면 좋겠어요,0,6.4.14,2026-08-05,https://play.google.com/store/apps/details?hl=ko&id=com.frientrip.frip
f98d8a26-f7ad-48fc-8d75-20afffcec827,5,2024-08-17T07:09:58+00:00,"뚜벅이여행자라서 대중교통 잘돼있는곳밖에 여행을 못가는데, 농촌체험이라던지 프립에서 제공하는 프로그램중에 차없이 이용하기 힘든 프립, 혹은 차가 있어야지만 구석구석 아름다운곳들을 볼수있는 여행지들을 가는 패키지 국내여행 등 다양한 프립버스가 있었으면 좋겠어요. 지금은 프립버스프로그램이 양양 서핑비치밖에없어서 아쉽네요.. 다른 패키지여행사는 너무 나잇대도 높아보이고 어떤여행제품을 골라야 만족스러울지 알수없어서 쉽사리 고르기가 힘든데, 프립버스여행제품은 트렌디하게 프로그램을 구성했을것같아서 믿고 갈수있을것같아요. 20대 중반인데도 제 친구들 이제 여행계획하는것도 귀찮다고 패키지가고싶어합니다 ㅎㅎ.. 프립에서 좋은 뚜벅이 mz 국내여행상품 많이 만들어주셨으면 좋겠어요.. 뚜벅이 젊은이들 많은 서울출발 좋아요. 자연과 여유를 즐길수있는 여행지도 너무좋습니다.. 예를들어 영월이라던가.. 여튼 대한민국 구석구석 관광활성화도 할겸 프립이 힘써주시면 제가 열심히 이용하겠습니다. 프립팀 화이팅",4,6.4.14,2026-08-05,https://play.google.com/store/apps/details?hl=ko&id=com.frientrip.frip
04ee901d-f6e7-49e8-b2fc-2514b3039e68,5,2024-08-14T10:39:52+00:00,내일 참여하려고하는데 결제가 안됩니다ㅜ 페이지가 안넘어갑니다,0,,2026-08-05,https://play.google.com/store/apps/details?hl=ko&id=com.frientrip.frip
5aca0131-633f-4ffc-8650-e2a7bb0e7f69,5,2024-08-10T14:11:49+00:00,곧 이용할 예정,0,6.4.11,2026-08-05,https://play.google.com/store/apps/details?hl=ko&id=com.frientrip.frip
69ff621b-68ea-4ae8-b836-2cb886f7c8d8,1,2024-08-10T10:49:28+00:00,취미여가 어플이라고 하기엔 죄다 짝짓기 모임에 그 외 모임들마저 시스템 엉망;;,1,6.4.12,2026-08-05,https://play.google.com/store/apps/details?hl=ko&id=com.frientrip.frip
b0718ee7-585d-4bfb-801e-3e75f9bc0d2e,1,2024-08-09T09:10:58+00:00,데이터 잡아먹는 양이 유튜브 영상재생보다 많은 앱이에요;;,5,,2026-08-05,https://play.google.com/store/apps/details?hl=ko&id=com.frientrip.frip
80047e08-ae92-4911-bc9f-7eeb6a3e44be,5,2024-08-06T09:32:32+00:00,"페이스북을 탈퇴하였는데 제 개인메일로 이미 가입된 메일,등록된 번호 라고하여 제 개인정보로는 재가입이 불가능할까요?",0,6.2.4,2026-08-05,https://play.google.com/store/apps/details?hl=ko&id=com.frientrip.frip
c43b73aa-84a4-4dcf-94e5-c8b03c714301,5,2024-08-02T11:01:52+00:00,프립 덕분에 일상이 많이 즐거워졌어요. 감사합니다.,0,6.4.11,2026-08-05,https://play.google.com/store/apps/details?hl=ko&id=com.frientrip.frip
f49c2e2f-95cb-4e57-84ab-00bd2c6435ed,1,2024-07-27T13:49:20+00:00,로그인이 안되요 자꾸 가입된 사용자라고 뜹니다,0,6.4.11,2026-08-05,https://play.google.com/store/apps/details?hl=ko&id=com.frientrip.frip
3074b379-8522-46fc-a0ed-43fd11ebacec,3,2024-07-26T07:17:31+00:00,휴대폰번호로 아이디 찾기 과정 중 전송된 6자리를 입력하였는데도 다음 페이지로 넘어가지 않습니다,0,6.4.11,2026-08-05,https://play.google.com/store/apps/details?hl=ko&id=com.frientrip.frip
ad42b7be-2a7c-4528-855b-5fe5a70756a5,1,2024-07-24T13:08:23+00:00,상담사 친절 교윸좀 시켜야할듯 ㅋㅋ 왜 고객을 가르칠라하지? 돈내고 혼나야되나 왜,0,,2026-08-05,https://play.google.com/store/apps/details?hl=ko&id=com.frientrip.frip
e9ce4b43-e361-4cce-8f20-f320def7db95,1,2024-07-07T11:35:46+00:00,검색 필터 기능에 온라인으로 하는 호스트 걸러지는거 없음 이벤트성 푸시 거부해도 계속 알림옴 그냥 삭제 문토가 답임,1,6.4.7,2026-08-05,https://play.google.com/store/apps/details?hl=ko&id=com.frientrip.frip
a13b3be2-790a-499e-80bb-f5ff59fbf9cf,5,2024-07-02T00:43:31+00:00,사용하기도 편하고 좋아요,0,6.4.7,2026-08-05,https://play.google.com/store/apps/details?hl=ko&id=com.frientrip.frip
ef77d18b-fbc4-4849-986c-35697796054a,2,2024-07-01T01:09:00+00:00,"제발 문*처럼 채팅 기능 좀 있었으면 좋겠음... 호스트 평가 솔직히 안좋은 거 남기고 싶어도 이 사람들이 내 전화번호 카톡 다 알고 있으니 쓸수가 없음..특히 진짜 마사지 받으러 가면 성추행 가까운 호스트도 있는데 후기를 남길수가 없음... 그리고 프로그램 검증 좀 했으면 좋겠음... 무슨 필라테스, 요가 이런거는 하러 가면 딱 1회만 프립으로 할수있고 그다음부터는 자기네들 몇회권, 정기 수강권 등록하라고 영업 겁나함... 내가 내돈 내는데도 운동을 하는게 아니라 그 센터 체험하러 가는 기분임. 이럴거면 프립으로 구매안하고 그냥 그 센터에 1회 체험수업(보통 무료이거나 1~5만원 내면 할수있음) 가는게 나음. 뭐하러 프립으로 구매하는지 진짜 불편함. 인기프로그램은 죄다 커플 소개팅 이런거고.. 프로그램 관리 좀 했으면... 프립 몇년째 쓰고 있는데 초창기에는 대체할만한 앱이 없었는데.. 이제 다른 어플로 갈아타야될건가 싶음. 몇년 유저로서 진짜 안타까워서 후기 남김",2,6.4.7,2026-08-05,https://play.google.com/store/apps/details?hl=ko&id=com.frientrip.frip
5164cd6d-c72f-4c01-9733-bfecd9a68a57,5,2024-06-27T10:18:06+00:00,다양한 사람을 만나고 다채로운 경험을 해볼수 있는 어플,0,6.4.6,2026-08-05,https://play.google.com/store/apps/details?hl=ko&id=com.frientrip.frip
b6792cfa-06b8-4a72-a78c-9de7aea99879,5,2024-06-25T13:21:31+00:00,오. 이번 신청 기대되요. 꼭 한두개씩 내 지갑을 열게하는 프립 ㅎㅎ,0,6.4.6,2026-08-05,https://play.google.com/store/apps/details?hl=ko&id=com.frientrip.frip
b494776b-96dd-46a2-8c23-8112076f791d,1,2024-06-25T02:48:12+00:00,크루들이 후기를 빌미로 협박을 일삼아서 호스트가 홍보하기 최악입니다.. 수수료도 30프로 떼가는데 기간지나면 전액환불이 안되기에 갑질하는 크루들에게는 욕도먹고 후기도 악플에 돈도한푼못받고 30프로수수료까지 추가적으로 저희가 부담해야 욕안먹고 홍보됩니다.,2,6.4.6,2026-08-05,https://play.google.com/store/apps/details?hl=ko&id=com.frientrip.frip
57534366-2247-4d6c-abfb-071f3f65d694,4,2024-06-23T03:40:20+00:00,"6.4.6 버전이구요. 갤럭시 s23+ 입니다. 홈화면에서 카테고리로 들어가면 아래에 화면이 짤려서 보입니다. 수상레포츠, 음료 카테고리가 짤리고 그 아래로 못 내려갑니다. 수정 부탁드려요.",0,6.4.6,2026-08-05,https://play.google.com/store/apps/details?hl=ko&id=com.frientrip.frip
bc0278cb-e7dd-445c-9802-8b74420d0f43,1,2024-06-18T15:40:28+00:00,후기작성중 앱이 종료됩니다 빠른 처리 부탁드려요,0,6.4.6,2026-08-05,https://play.google.com/store/apps/details?hl=ko&id=com.frientrip.frip
97cf933e-2ee3-4dd2-a4f8-7c995eb87bd0,5,2024-06-15T10:21:05+00:00,흥미 취미 자기계발 공유,0,6.2.9,2026-08-05,https://play.google.com/store/apps/details?hl=ko&id=com.frientrip.frip
917ce41e-3435-43ca-96d7-87ebdd7ec955,5,2024-05-30T04:14:22+00:00,제가 몰랐던 즐길 거리들이 제가 있는 곳에서 가까운 곳에 많이 있다는 것을 알게 되었습니다. 유용한 어플 이용할 수 있도록 해주셔서 정말 감사합니다!^^ㅎㅎㅎ,2,6.4.4,2026-08-05,https://play.google.com/store/apps/details?hl=ko&id=com.frientrip.frip
33659e90-e3c1-4254-bfa9-90d2fe880815,1,2024-05-26T14:21:44+00:00,버그심함,0,6.4.2,2026-08-05,https://play.google.com/store/apps/details?hl=ko&id=com.frientrip.frip
a37f1ab7-0625-4af9-82d1-547dab87928a,1,2024-05-24T00:40:42+00:00,"여러가지 활동을 해볼수있는건 좋지만, 단점이 심각해서 갈아탑니다. 1. 이상한 환불정책 : 활동일 기준이 아니라 신청마감일 기준으로 환불 불가 시점이 정해짐. 근데 이 신청마감일이 호스트가 재설정할 수 있는 것으로 보임. 즉, 호스트가 환불 못 하게 일부러 악용할 수 있음. 실제로 한참 남은 활동을 취소하려고 봤더니 신청마감일 지났다고 환불을 안 해주는데, 다시 들어가보면 동일날짜 전후타임 활동 신청마감일은 한참남아있음(내 시간만 매진). 2. 앱 사용성 문제 로그인이 지맘대로 풀려서 다시 로그인하라고 하고, 별거아닌 화면전환에도 엄청 오래 걸리고, 내가 예약한 프립정보는 도대체 왜 빙글빙글 돌아가야 간신히 찾을 수 있는지... 사용자 편하라고 만든 앱이 아님.",28,6.4.2,2026-08-05,https://play.google.com/store/apps/details?hl=ko&id=com.frientrip.frip
0931174e-cd18-41ce-a89c-5628f3da3509,5,2024-05-23T08:55:18+00:00,좋습니다,0,6.4.2,2026-08-05,https://play.google.com/store/apps/details?hl=ko&id=com.frientrip.frip
ac4c7da2-bed3-489e-a906-96d5d25444f4,5,2024-05-23T07:39:01+00:00,흥해라,0,6.4.1,2026-08-05,https://play.google.com/store/apps/details?hl=ko&id=com.frientrip.frip
cbb6e307-af0f-44ed-a2ad-a159462e6d08,1,2024-05-22T10:45:51+00:00,개발자가... 프립안티인가요? 프로그램 참여하고 리뷰를 쓰려고 아무리 찾아봐도 메뉴를 찾을수 없네요. 내가 참여한 내역이 있어야 되는거 아닌가요? ㅎㅎ,0,6.4.1,2026-08-05,https://play.google.com/store/apps/details?hl=ko&id=com.frientrip.frip
cbc38cee-a8d4-4138-ae14-9a7ae384c384,1,2024-05-12T02:11:29+00:00,선릉 모두의모임 커피모임 나갔다가 빨대 있냐고 물어봤는데 호스트가 쌍욕하고 무서워서 개인정보 삭제해달라니 나가라고 협박하고 험한꼴 당했네요 프립에 신고하니 자기네들 권한 아니라고 처리해줄수 없다하고 환불도 불가하다하고 사과도 없고.. 무분별하게 프로그램 개수만 늘릴 생각말고 호스트 범죄경력 같은 것도 조회하고 호스트 관리 잘하세요,0,6.3.3,2026-08-05,https://play.google.com/store/apps/details?hl=ko&id=com.frientrip.frip
68bfa903-c525-426b-a5ed-7bd01627908f,2,2024-05-08T01:19:55+00:00,"신청 사용까지는 좋은데 후기작성 오류로 3번이나 똑같이 작성했어요..그런데도 오류로 등록이 계속 안되네요 ㅜ -> 기종: 갤럭시s24플러스입니다 -> 후기등록시 글만 올리면 등록되나, 사진을 첨부하면 등록이 안됩니다",2,6.3.3,2026-08-05,https://play.google.com/store/apps/details?hl=ko&id=com.frientrip.frip
8d36240a-39c1-4f0a-a21e-564952335872,2,2024-05-02T02:56:36+00:00,"프립이 가져가는 수수료는 있을텐데.. 고객센터 운영을 적극적으로 하고 있는 거 같지 않아서 불편한 점이 많습니다. ( 20회 정도 이용 ) 1. 후기가 좋거나 별점이 높은 프립들이 있는데 대체로 관리하는 방법이 치졸합니다. 이를 테면 이번 세션에서 별점이 안 좋거나 후기가 안 좋게 나올 거 같다는 느낌이 있으면 불참하지 않았더라도 호스트가 일방적으로 예약 불참처리 해버리면 됩니다. 그러면 후기를 못 쓰거든요. 그에 대해서 소비자가 대응할 수 있는 수단은 없습니다. 2. 정보가 업데이트 되지 않습니다. 현재 2024년 5월인데 4월도 아니고 2, 3월 일정 안내만 나오는 프립이 많아서, 실제로 결제를 거치고 나서 이용하려는 일자 새벽에 호스트에게서 ""오늘 이용 어렵다""는 연락을 받게 됩니다. 계획이 망가지는 주범입니다. 일종의 ""가게 노쇼""인 셈입니다. 이 경우도 마찬가지로 소비자가 대응할 수 있는 방법은 없습니다. 고객 노쇼에 대한 대응책은 있지만 가게 노쇼에 대한 대응책은 없죠.",6,6.3.3,2026-08-05,https://play.google.com/store/apps/details?hl=ko&id=com.frientrip.frip
c92d63b4-6297-44d7-9d87-834f3cd53b1b,5,2024-04-29T23:45:36+00:00,좋아요~~~~여러강의를 들을 수 있습니다!,0,6.3.3,2026-08-05,https://play.google.com/store/apps/details?hl=ko&id=com.frientrip.frip
2b8a69f1-8258-46d3-9180-089b692388f7,1,2024-04-29T15:10:14+00:00,체험날짜와 다음날까지(새벽까지 파티하는경우도 있으므로) 사용자가 리뷰를 쓰지 못하게 해주세요! 그렇게 하면 간단하게 호스트가 현장에서 사람들에게 리뷰를 강요할 수 없어집니다..... 제발요.....,1,,2026-08-05,https://play.google.com/store/apps/details?hl=ko&id=com.frientrip.frip
5d13f1be-ddf7-4624-825e-d19524f1c2f8,5,2024-04-29T13:49:31+00:00,다양한 취미 쉽게 경험할수 있어 좋아요,2,6.3.3,2026-08-05,https://play.google.com/store/apps/details?hl=ko&id=com.frientrip.frip
553f69f0-5e9b-4a81-a18a-2d449f350d65,3,2024-04-26T11:45:02+00:00,프립 예약하면 내 번호 안뜨게 해주세요. 앱으로 연락할 수 있게요. 리얼 후기를 남길려고 해도 상대방에 제 번호가 있으니깐 찐 후기를 못 남기겠어요. 좋은 분은 후기 남기기 좋은데... 상세 설명과 다르거나 마사지 중에 이상한 분들에 대한 후기를 못 남기겠어요. 그리고 마이페이지 없어졌나요..? 예전에 했던 것들 없어졌네요..,2,6.3.3,2026-08-05,https://play.google.com/store/apps/details?hl=ko&id=com.frientrip.frip
19a74713-a983-4770-a3cd-c89854d15177,1,2024-04-11T05:21:54+00:00,"원래 다른일정이였는데, 인원미달로 마음대로 취소 시키고 다른일정을 추천해서 다른일정으로 다시 결제했습니다. 그런데 제가 다치게되어 일정2일전에 예약취소 관련 문의를 드렸지만 이미 신청마감되고 비용도 발생했기때문에 일정에 상관없이 신청 마감되면 환불은 없다고 하니 가입전에 고민 해보시길 권장드립니다.",15,6.3.2,2026-08-05,https://play.google.com/store/apps/details?hl=ko&id=com.frientrip.frip
d327eee3-c2f0-48bb-8264-bd1ec808917f,2,2024-04-03T14:56:10+00:00,업데이트된 이후로 갑자기 로그아웃되고 카카오톡으로 로그인은 실패로 뜨고 접속 조차 안되네요? 어떻게 해야하나요.,0,6.3.1,2026-08-05,https://play.google.com/store/apps/details?hl=ko&id=com.frientrip.frip
de2b88c4-afdf-4fbc-84da-f86aa37ff487,5,2024-03-31T13:06:49+00:00,굿 짱재밌ㅋ,0,6.3.1,2026-08-05,https://play.google.com/store/apps/details?hl=ko&id=com.frientrip.frip
f9e728e0-5a49-4e2d-a317-5eb85a7e4988,1,2024-03-30T12:39:44+00:00,아니 내 프로필이 있어야 할것 같은 자리에 피드가있질 않나 GNB 영역에 피드를 이렇게 넣는게 과연 맞을까 생각은 많이 해보셨을까요...? 후기 작성하려고 찾는데 피드를 타고 들어가는게 굉장히 어색하고 Home > 프로필 >setting > 최근결제내역에서 후기작성을 찾는것도 좀 웃긴듯.... 아무튼 갤럭시 s24울트라 후기 올릴려고 사진 등록하면 App FC나고 허참... 불편 그자쳄데 프립앱은 만족하시나용???이러면서 팝업띄우니 어이없어서 이런 글 남깁니다ㅋㅋㅋㅋㅋㅋㅋ,1,6.3.1,2026-08-05,https://play.google.com/store/apps/details?hl=ko&id=com.frientrip.frip
fbe9c1f4-b2fb-43dd-a13d-c0289de00b78,5,2024-03-26T14:18:38+00:00,다양한 경험 해볼수있어요,0,6.3.1,2026-08-05,https://play.google.com/store/apps/details?hl=ko&id=com.frientrip.frip
28bcf75e-ba5d-4b69-8efa-a6ce4b1c4ef8,1,2024-03-21T22:30:18+00:00,안드로이드 14 ui 6.0 카카오 로그인 실행시 계속 꺼짐. 앱 망했음?,0,,2026-08-05,https://play.google.com/store/apps/details?hl=ko&id=com.frientrip.frip
30713634-fbaa-4e7b-abd0-4d2730b6eac4,5,2024-03-21T03:58:39+00:00,다양해서 좋아요 강추쓰,0,6.3.1,2026-08-05,https://play.google.com/store/apps/details?hl=ko&id=com.frientrip.frip
6ab70841-953d-4559-ba68-7fc9c8490f16,1,2024-03-20T08:48:03+00:00,채팅 에러나서 멈춰요. 직원분들이 사용해보세요,0,,2026-08-05,https://play.google.com/store/apps/details?hl=ko&id=com.frientrip.frip
7cbf244f-2a91-47bf-b688-1df40986cdc6,2,2024-03-17T15:36:15+00:00,"결제내역이 1초만에 사라지는 마법?은 뭐죠? 지난번부터 내가 결제한 내역이 1초면 사라지고 안보여서 불편했기에 고객센터 문의도 해봤는데. 결론은 에러가 개선이 되지 않는다. 탈퇴 후 재가입해달라 였어요. 그래서 탈퇴처리했는데, 계속 카톡알람이 오길래... 다시 설치하고보니 탈퇴가 안되어 있네요? 뭐지... 탈퇴메일은 왔는데? 탈퇴도 안되어 있고 심지어 결제내역 아직두 에러상태구요. 진짜 프립 초창기부터 사용했고 SNS에도 프립적극 추천하고 좋아했던 사람으로서 너무 실망입니다. 에러 개선도 되지 않고 탈퇴도 안되어 있다니. 시스템 개선에 진짜 신경써야 하는거 아닌가요.. 다시 탈퇴하고 어플삭제하렵니다. 솜씨당이나 문토로 가야겠네요...실망이 큽니다. 프립 대표님은 평가글 안보는거죠? 어플사용도 안하는거구요? 이렇게 놔두는 게 신기합니다.",4,6.2.13,2026-08-05,https://play.google.com/store/apps/details?hl=ko&id=com.frientrip.frip
a50e3858-df6d-4692-b19a-5ab803a9f359,1,2024-03-15T11:42:19+00:00,"환불 규정 불합리, 고객상담 대표전화 없음.",0,6.2.13,2026-08-05,https://play.google.com/store/apps/details?hl=ko&id=com.frientrip.frip
42d1c9f7-45dc-4bc2-97de-ab854a2771f5,1,2024-02-07T10:40:14+00:00,결제내역 숨기기 앱인줄,0,6.2.11,2026-08-05,https://play.google.com/store/apps/details?hl=ko&id=com.frientrip.frip
5f2a78ab-0d59-4811-8a66-a1830a736084,4,2024-02-07T07:29:02+00:00,타어플에 비해 할게 많네요,0,6.2.11,2026-08-05,https://play.google.com/store/apps/details?hl=ko&id=com.frientrip.frip
95b71c28-aabb-4a9e-b81c-0f545ed56eea,1,2024-01-28T01:19:29+00:00,에너지 만료 얼마 안남은거 알겠으니까 알림좀 한번만 뜨게 하세요 카톡으로 2분마다 6번오길래 짜증나서 차단했더니 핸드폰 문자로 3번 더와서 문자도 수신 차단했네요,0,6.2.11,2026-08-05,https://play.google.com/store/apps/details?hl=ko&id=com.frientrip.frip
17b5dc5a-6cdf-4f71-b0a5-084c8f1f13ad,4,2024-01-20T06:02:05+00:00,상당히 괜찮고 쓸만합니당,0,6.2.10,2026-08-05,https://play.google.com/store/apps/details?hl=ko&id=com.frientrip.frip
cfb82e31-6556-4751-9509-905048b32325,5,2024-01-18T09:18:54+00:00,프립 항상 좋은 클래스 많아서 좋아요,1,6.2.10,2026-08-05,https://play.google.com/store/apps/details?hl=ko&id=com.frientrip.frip
246fc839-37ac-40b6-94e8-38c806af595b,5,2024-01-09T11:21:22+00:00,굿굿,0,6.2.9,2026-08-05,https://play.google.com/store/apps/details?hl=ko&id=com.frientrip.frip
8840d3d8-3a6c-4459-86ec-00fab224c5d0,5,2023-12-18T09:28:21+00:00,굿,0,6.2.8,2026-08-05,https://play.google.com/store/apps/details?hl=ko&id=com.frientrip.frip
3067c7b7-6498-4b6a-954b-babeceb975a2,5,2023-12-07T16:00:04+00:00,좋은 앱인것 같아요,0,6.2.7,2026-08-05,https://play.google.com/store/apps/details?hl=ko&id=com.frientrip.frip
9c0cfc5d-f13b-4b3f-80fd-9a7dfb30c8da,3,2023-12-07T03:57:51+00:00,푸시가 너무 과도하게 와서 걍 앱 지워버림,2,,2026-08-05,https://play.google.com/store/apps/details?hl=ko&id=com.frientrip.frip
a45facbc-a34b-4dae-954d-d16231fdd938,4,2023-12-04T20:11:31+00:00,신나게 놀자~~,0,6.2.7,2026-08-05,https://play.google.com/store/apps/details?hl=ko&id=com.frientrip.frip
2dcd6b09-39a2-414f-8958-1e729577d50a,5,2023-12-03T16:32:17+00:00,켄지 팬이라.. 추천받고 설치했습니다 요새 여행 자주 다니는데 애용할게요~,0,6.2.7,2026-08-05,https://play.google.com/store/apps/details?hl=ko&id=com.frientrip.frip
84b272e8-f4d3-4c88-87cd-398d37c68fa8,1,2023-11-28T09:35:19+00:00,피드작성 에러,0,6.2.5,2026-08-05,https://play.google.com/store/apps/details?hl=ko&id=com.frientrip.frip
f30a763d-96e5-474d-9ee2-408df52661ee,5,2023-11-23T10:21:39+00:00,다양한체험을 살펴볼수있어좋아요,0,,2026-08-05,https://play.google.com/store/apps/details?hl=ko&id=com.frientrip.frip
0f5fc636-e47e-4f46-abae-5a8c1fc8b694,1,2023-11-21T13:15:21+00:00,호스트 입장에서 모임 만들기가 다른 플랙폼들보다 불필요하게 까다롭습니다.,1,6.2.5,2026-08-05,https://play.google.com/store/apps/details?hl=ko&id=com.frientrip.frip
35ed442d-54de-467f-a95d-f1e62e96a324,5,2023-11-20T23:01:40+00:00,좋아요!!~^^,0,6.2.5,2026-08-05,https://play.google.com/store/apps/details?hl=ko&id=com.frientrip.frip
91a6d56c-5568-40a7-93fb-8b641787fe97,5,2023-11-14T04:07:00+00:00,너무 좋아요! 완벽하게 필요했던 어플입니다!,0,6.2.4,2026-08-05,https://play.google.com/store/apps/details?hl=ko&id=com.frientrip.frip
806af4d1-2935-49cd-aded-4bc685f0f1e4,5,2023-11-03T15:14:01+00:00,굿굿,0,6.2.4,2026-08-05,https://play.google.com/store/apps/details?hl=ko&id=com.frientrip.frip
1fa55256-7def-4bd7-a18e-d9c36e12e693,5,2023-11-01T11:33:42+00:00,굿,0,6.2.4,2026-08-05,https://play.google.com/store/apps/details?hl=ko&id=com.frientrip.frip
6ca297c7-0165-488b-97f1-f8f7ec7e9137,1,2023-10-28T16:24:33+00:00,호스트에 대한 정확한 평가를 할수없는 시스템이라 돈은 돈대로 나가고 안좋은 서비스를 받는 경우가 많음... 특히 보드게임이나 마피아게임류 술모임같은곳은 호스트자체가 여미새인 경우가 많아 성문제에 아슬아슬한 경우가 많음 호스트에 대한 검증 및 교육이 없으면 문제 한번 터질듯 비추...,7,6.2.4,2026-08-05,https://play.google.com/store/apps/details?hl=ko&id=com.frientrip.frip
1ce0fb23-199c-4b81-b708-ea401252f8a4,5,2023-10-25T14:49:36+00:00,다양한 1인경험 가능,0,,2026-08-05,https://play.google.com/store/apps/details?hl=ko&id=com.frientrip.frip
609ccfde-45d8-4790-98d0-1984c7a78a44,5,2023-10-21T01:22:26+00:00,신선한 경험이에요 호스트 신청합니다^^,0,6.2.3,2026-08-05,https://play.google.com/store/apps/details?hl=ko&id=com.frientrip.frip
a1950ebe-56de-4965-9656-534398ebd099,1,2023-10-20T03:07:15+00:00,일정 변결불가 환불정책.....,0,6.2.3,2026-08-05,https://play.google.com/store/apps/details?hl=ko&id=com.frientrip.frip
52fd81eb-6536-4ccf-82ee-34c996e8e8a6,5,2023-10-07T11:33:34+00:00,Good,0,6.2.2,2026-08-05,https://play.google.com/store/apps/details?hl=ko&id=com.frientrip.frip
e059995d-f0a9-4e4e-bbde-8f7325abd113,1,2023-09-20T06:32:48+00:00,지방은 소멸됐다. 더러운 서울공화국...짜증만 난다,1,6.2.1,2026-08-05,https://play.google.com/store/apps/details?hl=ko&id=com.frientrip.frip
9ba50309-6d15-40ca-86fc-8964a9f2a97a,1,2023-09-19T02:01:06+00:00,"취소수수료, 고객센터 등 걍 돈떼먹는데 환장한 양아치어플",2,6.2.1,2026-08-05,https://play.google.com/store/apps/details?hl=ko&id=com.frientrip.frip
cac9f92b-c312-4dee-afd8-a0a1c634d4cb,1,2023-09-15T05:18:32+00:00,여기 직원 쫌 부족한사람임 질문에 답은 안하고 다른소리만 떠듬 이해력이 딸리는듯 직원 대박 인턴밖에 없는데 고객 일방적으로 차단하고 싱글차지라는 뜻을 모름 답변 달라니깐 차단함 ㅋㅋㅋ ㅋㅋㅋ 이해력 딸리는것을 사과 안하나요? 싱글차지 뜻 몰라요? 안부끄럽나요? ㅉㅈ 개웃기네 ㅋㅋㅋㅋ 싱글차지를 물어보는게 폭언이에요? 진짜 너무 모르느데요?ㅋㅋㅋ 개웃기다,3,6.2.1,2026-08-05,https://play.google.com/store/apps/details?hl=ko&id=com.frientrip.frip
3c0acdcc-3ae5-4535-9b5f-c663ec41da93,1,2023-09-08T09:14:09+00:00,업뎃했는데 마이프립만 들어가면 오류나서 꺼져요 후기도 못쓰고 신청한프립들 내역도 못보고 너무불편하네요,1,6.2.1,2026-08-05,https://play.google.com/store/apps/details?hl=ko&id=com.frientrip.frip
f4fff0d1-8007-4d29-be44-885ccb27db17,3,2023-08-30T12:21:36+00:00,괜찮긴한데 여기도 수수료가 많이 올라서 가격이 좀 비싸요 그것 말고는 괜찮아요,1,6.2.0,2026-08-05,https://play.google.com/store/apps/details?hl=ko&id=com.frientrip.frip
dc428d24-3ef5-4d47-846b-70e42ac03399,5,2023-08-18T02:25:00+00:00,나무 좋았어요,0,6.2.0,2026-08-05,https://play.google.com/store/apps/details?hl=ko&id=com.frientrip.frip
c31eca82-1f1c-4e8c-b248-39c29b3f55b6,5,2023-08-14T07:28:38+00:00,"가족들과 제주도 휴가중에 프립을 이용해서 디제잉과 서핑을 했습니다. 앱 UX UI가 너무 이용하기 편리하고 쉽게 되어있고 결제 후 호스트와 연결되어 예약시간 확정하는 것도 매우 편리했습니다. 제주에 왔을때 매번 똑같은 관광, 여행지만 다니다가 프립 덕분에 색다른경험 좋은 추억 만들었습니다! 호스트 분들 또한 너무 친절했고 덕분에 플랫폼도 더욱 신뢰가 가네요! 앞으로도 자주 이용할것 같습니다!😊",15,6.1.5,2026-08-05,https://play.google.com/store/apps/details?hl=ko&id=com.frientrip.frip
c7825a55-1aba-4b8e-8821-46eb5e32e8e0,1,2023-08-14T03:42:04+00:00,앱을 다운 받고 상품 등록하는 부분에 대해 설명을 듣고 카톡 연동으로 하라는 메세지에 카톡으로 회원가입 완료. 근데 본인들에게는 앱이 없다는 답변에 어떤 앱을 다운 받았는지 모르겠다며 사진캡쳐 해서 보내줌. 그리고는 pc로 등록하라는 메세지 받고 잠시 황당. 그럼 내가 다운 받은 이 앱은 대체 뭔지!! 그래서 연동이 되는지 물었으나 마이동풍 답변에 pc로 상품 등록하라는 메세지를 한번 더 받음 자기는 몇시몇분에 이미 답변을 했다는 반응으로 더 이상 묻지 말라는 늬앙스가 강하게 느껴져 이 업체는 사용하면 안될거 같다는 생각이 들었다. 그냥 무시하고 넘어가도 되고 사용 안하면 되는데 참 그 과정이 안타까울 따름. 좋은 앱이 있다고 지인이 소개해서 사용하려고 했는데....,2,,2026-08-05,https://play.google.com/store/apps/details?hl=ko&id=com.frientrip.frip
aae76d7b-9794-473f-878e-c3d2dba393a1,1,2023-08-08T11:28:54+00:00,환불규정 일방적이고 이기적이며 소통 안됨 1 신청 후 당일 2시간 후 취소하려고 들어갔으나 아직 모임 4일이나 남았음에도 취소수수료 50프로 물어야 함. 수수료10프로까진 이해하나 당일 신청 취소임에도 이렇게나 업체 일방향적이고 이기적인 대처는 처음 봤음. 즉 그냥 신청하면 무조건 가야하게 만들어 놓은 업체 위주의 환불 규정. 이런 식의 환불 관련 리뷰는 제 리뷰 이외에도 많이 볼 수 있네요. 즉 저만 당한게 아니라는 의미네요. 2 환불규정이 업체측 주장과 달랐음에도 업체가 이미 알렸다는 어이없는 주장 이후 강경하게 나오자 바로 모든 환불규정 변경하는 파렴치한 행동. 이미 그전에 환불 규정 캡쳐했었는데.. 와 양심이 아예 없는듯. 그래놓고 환불 규정 보라고 하려는건가..... 귀찮아서 어디가서 이렇게 길게 리뷰 안쓰는데 정말 어이없고 파렴치해서 리뷰 씁니다. 모든 내용은 사실에 의거하여 작성한것이며 다른 소비자들에게 큰 도움이 되기 위한 공익목적에 씁니다,9,6.1.5,2026-08-05,https://play.google.com/store/apps/details?hl=ko&id=com.frientrip.frip
37972964-8f61-4026-8d0b-e9d0b8b03996,1,2023-07-21T01:11:06+00:00,업데이트 후 갤럭시폴더2 결제진행이 안되요. 몇개월됨.,0,6.1.5,2026-08-05,https://play.google.com/store/apps/details?hl=ko&id=com.frientrip.frip
00be4827-c7c9-4a31-a9a3-dc6a1a6ddd43,5,2023-07-18T03:02:15+00:00,모든게여기에있어한번에찾기좋네요,1,6.1.4,2026-08-05,https://play.google.com/store/apps/details?hl=ko&id=com.frientrip.frip
f58de30d-8994-4ce5-82b8-d0479ae2b0ab,5,2023-07-17T04:24:17+00:00,즐길거리에 쉽게 다가갈 수 있어요!,0,6.1.4,2026-08-05,https://play.google.com/store/apps/details?hl=ko&id=com.frientrip.frip
e8b76c9a-9000-418f-9d8d-3962f6eb4e4e,1,2023-07-11T15:45:44+00:00,아 로긴이 안되면 어쩌자는거에여 ㅠ 예전에도 이용할때 오류났는데 또안돼여 대체왜이래요? 걍 삭제햬야지 어휴 답답해서 진짜,0,6.1.4,2026-08-05,https://play.google.com/store/apps/details?hl=ko&id=com.frientrip.frip
6f9385b2-f02e-49a5-b39d-0f87a2312534,1,2023-07-08T08:12:09+00:00,고객센터가 쓰래기들이던데 환불안되는조건으로 모임 잡아서 하는것도 역겹고 이런 쓰래기 플랫폼 안쓰는거 추천,3,,2026-08-05,https://play.google.com/store/apps/details?hl=ko&id=com.frientrip.frip
fb61abfb-46ba-4cb8-b678-5ad5d7c3343c,5,2023-07-07T00:07:35+00:00,삼겹살,0,6.1.3,2026-08-05,https://play.google.com/store/apps/details?hl=ko&id=com.frientrip.frip
9cb1c27b-41a3-4b76-8a78-9c91aa7b28c5,1,2023-07-05T03:53:11+00:00,사기꾼 천지인 어플 진짜 뭐라할말이 없음,2,6.1.3,2026-08-05,https://play.google.com/store/apps/details?hl=ko&id=com.frientrip.frip
2b3322ae-d66f-4b5c-b651-8e4c5d21b834,5,2023-07-04T07:46:14+00:00,굿,0,6.1.3,2026-08-05,https://play.google.com/store/apps/details?hl=ko&id=com.frientrip.frip
b381f7a6-df97-45b5-9fe1-521121881a59,5,2023-07-04T04:48:52+00:00,편해요^^,0,6.1.3,2026-08-05,https://play.google.com/store/apps/details?hl=ko&id=com.frientrip.frip
e7df594e-a7ea-455e-849c-9da0e309db1f,5,2023-06-22T01:38:58+00:00,잘 사용하고 있습니다. 해양스포츠 관련해서 잘 되어 있는것 같아 좋네요,0,6.1.1,2026-08-05,https://play.google.com/store/apps/details?hl=ko&id=com.frientrip.frip
bc45e189-4d9f-4903-aa0f-a092e9b3b779,1,2023-06-20T10:11:29+00:00,여기 부대시켰어 너 누구야ㅈㅇㆍ,0,5.2.5,2026-08-05,https://play.google.com/store/apps/details?hl=ko&id=com.frientrip.frip
3fe6bb1f-febf-4003-89ef-dd77197451ca,1,2023-05-25T05:52:32+00:00,취소및 변경이 까다롭다. 그리고 문의나 소통이 어렵다. 그냥 신청하면 무조건 가야댐. 답답,3,6.0.2,2026-08-05,https://play.google.com/store/apps/details?hl=ko&id=com.frientrip.frip
5bbd9c1e-9444-42e5-b9cd-63a109d0b8dd,5,2023-05-05T12:17:06+00:00,다양한 프로그램이 있어요 ~,0,6.0.3,2026-08-05,https://play.google.com/store/apps/details?hl=ko&id=com.frientrip.frip
3e444ffe-8925-4c0d-8df0-4d566996d6bd,1,2023-04-28T15:37:28+00:00,로그인이 안됩니다. 매번 사이트에서 클래스 예약하다가 너무 불편해서 다른 어플 찾게 되네요.,0,6.0.3,2026-08-05,https://play.google.com/store/apps/details?hl=ko&id=com.frientrip.frip
7e48c5d3-da79-4e32-98c3-023a52822afc,5,2023-04-16T05:17:46+00:00,여러가지 레포츠 즐길게 많네요,0,6.0.2,2026-08-05,https://play.google.com/store/apps/details?hl=ko&id=com.frientrip.frip
16fa55b7-7057-4b62-b60c-21bf0663c898,5,2023-04-09T12:37:33+00:00,좋음 추천함 주변지인에게,0,6.0.2,2026-08-05,https://play.google.com/store/apps/details?hl=ko&id=com.frientrip.frip
eacce216-c922-483c-8ea1-e8746a98be57,5,2023-04-08T04:51:44+00:00,액티비티가 많아서 조아요,0,6.0.2,2026-08-05,https://play.google.com/store/apps/details?hl=ko&id=com.frientrip.frip
45e96bb0-f269-43cf-a513-f71b9603c1ae,5,2023-04-07T04:11:24+00:00,요즘 이런 종류의 어플이 많은데 그중에서도 쓰기 좋고 프립에서 자체 주관하는 재미있어보이는 모임이 많아서 좋네요,0,6.0.2,2026-08-05,https://play.google.com/store/apps/details?hl=ko&id=com.frientrip.frip
79fa446d-2642-4951-8ef6-a4404a5240af,3,2023-04-05T06:26:27+00:00,뭔 업데이트를 이렇게 자주하시나요ㅜ,0,6.0.2,2026-08-05,https://play.google.com/store/apps/details?hl=ko&id=com.frientrip.frip
5791f9d7-0669-4f48-9da6-8644662ed2a5,5,2023-04-05T01:49:02+00:00,잘쓰고있어요,0,6.0.1,2026-08-05,https://play.google.com/store/apps/details?hl=ko&id=com.frientrip.frip
4a9a5e1f-2037-4ffe-b0d2-434c90cccdbc,1,2023-03-30T12:08:30+00:00,너무느려서,0,6.0.0,2026-08-05,https://play.google.com/store/apps/details?hl=ko&id=com.frientrip.frip
28bc686d-544e-443b-a3b1-dd6a8fbfd177,5,2023-03-26T08:17:46+00:00,다양한 활동을 쉽게 찾아볼 수 있어서 좋네요:),0,5.3.12,2026-08-05,https://play.google.com/store/apps/details?hl=ko&id=com.frientrip.frip
6cf05e4d-a5e4-4f50-a835-614332b85fb5,5,2023-03-04T01:15:52+00:00,익스트림 스포츠 매니아들이 모인 프립의 성공을 지지함,0,,2026-08-05,https://play.google.com/store/apps/details?hl=ko&id=com.frientrip.frip
512603a5-7b48-4324-a2c1-404b5bb7e1d5,1,2023-02-26T06:37:12+00:00,결재창으로 넘어가지를 않습니다..ㅠㅠ,1,5.3.11,2026-08-05,https://play.google.com/store/apps/details?hl=ko&id=com.frientrip.frip
b1a206c7-ebf2-43aa-bf8d-3a2e97e70a06,1,2023-02-17T14:24:38+00:00,느림. 서버에 투자 안 하는 듯,0,5.3.10,2026-08-05,https://play.google.com/store/apps/details?hl=ko&id=com.frientrip.frip
eb14dcf0-7f16-49ce-82a7-6deb64e658b0,5,2023-02-07T04:32:18+00:00,"평소에 별다른 취미나 관심사가 없던 사람인데, 프립 덕분에 다양한 취미에 도전을 해보게 되었어요! 아직은 정착할만한 취미를 못찾았지만🥲 앞으로도 더 재밌는 상품들 많이 부탁드립니다~",1,5.3.9,2026-08-05,https://play.google.com/store/apps/details?hl=ko&id=com.frientrip.frip
8054df94-5ca2-4357-a160-3d9d4d4ff12d,5,2023-02-04T04:56:25+00:00,항상 좋은 경험합니다.,0,5.3.9,2026-08-05,https://play.google.com/store/apps/details?hl=ko&id=com.frientrip.frip
94f18483-0441-458a-b9f3-521cc154cf0d,3,2023-02-03T17:07:23+00:00,사용중에 에러가 지꾸 떠요 ㅠㅠ 결제할때도 자꾸 랙걸리고,0,5.3.9,2026-08-05,https://play.google.com/store/apps/details?hl=ko&id=com.frientrip.frip
5fa1f8d8-bbcd-4084-91d6-a586bd33d9b3,5,2023-01-31T01:27:08+00:00,굳,0,5.3.9,2026-08-05,https://play.google.com/store/apps/details?hl=ko&id=com.frientrip.frip
34b2561f-0696-4b6d-8649-169bad428647,5,2023-01-15T12:16:59+00:00,아직 참여해보지 못했지만 잘 정리되어있어 찾아보기 좋고 편의성도 좋아보입니다.,0,5.3.9,2026-08-05,https://play.google.com/store/apps/details?hl=ko&id=com.frientrip.frip
303c9060-7baf-4f7d-be62-b84a1652dcfe,1,2023-01-12T01:49:02+00:00,"프립은 제공하지도 않은 서비스를 대상으로 취소 환불 수수료 50% 내야함. 고객은 결재 실수로 재구매를 원해도 단 하루만에 취소 환불 수수료 50%를 강요당함. 고객은 이용하지도 못한 서비스에 대해 상당한 수수료를 지불해야하며, 결재과정에서 환불정책은 보이지도 않고 처음 사용자는 알수없게 고지하고 있음. 시스템상 구매취소 철회는 불가하다며 모든 책임을 고객에게 전가함. 고객센터는 전화통화 막아놓고 카톡으로 불친절한 대응함. 업체에게만 유리한 환불 수수료 정책으로 장사하는 앱은 처음이며 다시는 이용안함. 다른분들도 피해 당하지 않도록 주의바람",7,,2026-08-05,https://play.google.com/store/apps/details?hl=ko&id=com.frientrip.frip
d7c193ac-ec59-4ec3-8d4a-0e9147b73399,5,2023-01-10T00:12:57+00:00,여행 원탑 앱입니다.,1,5.3.8,2026-08-05,https://play.google.com/store/apps/details?hl=ko&id=com.frientrip.frip
66765aff-10b9-4371-96a7-c1594f2d464b,1,2023-01-01T09:41:01+00:00,"앱 내 상품도 별로지만, 그 상품에 대한 환불조치또한 더더욱 별로다. 대체 왜 이 플랫폼을 통해 거래해야하는지 잘 모르겠다. 내용 이해를 못하는것은 상담직원인데, 오히려 화는 소비자에게 내는 상황; 물질적, 정신적 피해는 모두 소비자에게 돌아온다. 2022년 최악의 서비스 경험",4,5.3.8,2026-08-05,https://play.google.com/store/apps/details?hl=ko&id=com.frientrip.frip
06e04b05-889c-46b4-8c3a-d3dea96ddcf9,5,2022-12-25T05:55:36+00:00,Good,0,5.3.8,2026-08-05,https://play.google.com/store/apps/details?hl=ko&id=com.frientrip.frip
8c6281ae-e374-4c0e-9d0a-9f7f5a26c8e7,1,2022-12-23T07:46:10+00:00,카카오로 로그인이 안됩니다. Month is null(-1) 이라고 뜨고 안되요. 앱을 삭제하고 다시 다운 받아봐도 그렇게 뜨고 다시 회원가입을 하자니 카카오로 연동 된 계정이라며 그걸로 로그인을 하라고 떠요. 왜이런거죠??? ㅡㅡ,0,5.3.8,2026-08-05,https://play.google.com/store/apps/details?hl=ko&id=com.frientrip.frip
5e41c1c0-afd6-4acc-a984-b99bfed6762a,1,2022-12-22T07:41:42+00:00,마이- 설정 가서 앱 푸쉬 꺼도 푸쉬를 보내는 대단한 어플,0,5.3.8,2026-08-05,https://play.google.com/store/apps/details?hl=ko&id=com.frientrip.frip
0df45913-1a12-4075-9a2c-7d90b59f8003,5,2022-12-15T05:14:01+00:00,필요한 정보 궁금한 정보를 한눈에 볼 구 있어 좋습니다.,1,5.3.7,2026-08-05,https://play.google.com/store/apps/details?hl=ko&id=com.frientrip.frip
384da2b5-8b64-4477-b9f2-2c0c199cdded,5,2022-12-11T00:43:16+00:00,다양한 경험을할수있어좋네요,1,5.3.7,2026-08-05,https://play.google.com/store/apps/details?hl=ko&id=com.frientrip.frip
ff652bf1-9f72-41a8-8f2a-a8d78953ee1f,5,2022-12-06T21:46:18+00:00,힐링 이미지 구축 잘되어 있는 프립이네요. 제주에서도 구좌읍 하면 힐링인데요. 이유는 땅속에 굴이 많아서 음이온이 분출되는 오묘함 있어요.. 치유여행이 돋보이는 제주 그리고 구좌읍 만이 지닌 치유여행 부각되는 프로모션이 뭐가 일을가 ? 고민되네요....^&^ 제주밭담숲 온통 빌레왓으로 분포 된 장소입니다. 치유여행에 최적이라 할 수 있어요....,0,5.3.5,2026-08-05,https://play.google.com/store/apps/details?hl=ko&id=com.frientrip.frip
71bd9e5a-2381-43d8-9494-148a200ab6b3,4,2022-12-06T12:52:59+00:00,리뷰 작성시 사진 첨부하면 오류가 발생합니다. 어플 삭제 후 재설치 해도 같은 증상이 계속 나옵니다. 캐시 삭제를 해도 증상 동일합니다.,0,5.3.5,2026-08-05,https://play.google.com/store/apps/details?hl=ko&id=com.frientrip.frip
1a3f6690-7b3b-40e9-8e16-711a737be7ff,5,2022-12-02T16:27:33+00:00,이런 류의 어플 중에 젤 맘에 듦!!,0,5.3.5,2026-08-05,https://play.google.com/store/apps/details?hl=ko&id=com.frientrip.frip
5b83b3e6-2b13-4537-95a5-92216661de36,5,2022-12-02T14:27:55+00:00,칵테일클래스 좋아요,0,5.3.5,2026-08-05,https://play.google.com/store/apps/details?hl=ko&id=com.frientrip.frip
e1261789-90cb-430f-a720-42f7eababf1b,4,2022-11-30T03:32:23+00:00,일단 모를땐 프립에서 출발정도는,0,5.3.5,2026-08-05,https://play.google.com/store/apps/details?hl=ko&id=com.frientrip.frip
db949f08-b3da-453f-b26f-f4ed7731ac7e,2,2022-11-28T08:02:39+00:00,현재 error 라고 뜨면서 앱실행이 안됩니다 확인부탁드립니다,0,5.3.5,2026-08-05,https://play.google.com/store/apps/details?hl=ko&id=com.frientrip.frip
4a0ba36a-71c7-49f2-8aad-93c5f872aba7,3,2022-11-18T08:54:17+00:00,"련쫑과 함께하는 런생샷+한강러닝이라는 체험(11/17진행)을 13일에 결제 후 혹시몰라서 15일에 1:1 문의로 최소인원이 충족되어야하는 기준이 있는지 남겼는데 답변이 없어 문자로 16일에 문의했는데 답변이 없으셨고 진행 당일에 전화해봤는데 받지 않으셨고 시작하기 2~3시간 전에 문자로 최소인원 충원미달로 취소되었다고 답변주셨습니다. 금주 내 취소완료될 예정이라고 하시는데, 취소•환불이 중요한 게 아니라 복장준비 등이 필요한 체험인만큼 최소 전날에는 알려주셔야하지 않을까요? 일정 부분은 먼저 알려주심이 바람직한데, 제가 진행 당일에도 깜깜무소식이라 프립에도 전화해봤더니 확인 후에 카톡으로 '알림톡 내용처럼 별도 안내가 더 있지않는 한 일정은 정상 진행되는 것이니 호스트님 연락 조금 더 기다려주세요'라고 왔고 아 진행이 되나보다 하고 준비해갔는데, 당일 4시반경에서야 취소라고 연락을 주셨습니다. 최소한 전날까지는 최소인원 충족여부 및 정확한 진행여부를 안내받을수있도록 규정강화해주셨",0,5.3.4,2026-08-05,https://play.google.com/store/apps/details?hl=ko&id=com.frientrip.frip
1a4af1d9-8825-49a0-9c0c-66f8eed68124,5,2022-11-15T13:21:02+00:00,굿,0,5.3.4,2026-08-05,https://play.google.com/store/apps/details?hl=ko&id=com.frientrip.frip
d9e6d081-ab79-4a37-a6b9-fa5d8b531c45,5,2022-11-14T13:04:43+00:00,앱 사용이 참 편하네요 컨텐츠도 풍부하구요,0,5.3.4,2026-08-05,https://play.google.com/store/apps/details?hl=ko&id=com.frientrip.frip
a62f13a4-7792-498c-98da-f29939a338c5,1,2022-11-08T12:07:43+00:00,업데이트 강제로 하라고 해서 업데이트 했는데 month is null 이라고 뜨면서 꺼지네요;,0,5.3.3,2026-08-05,https://play.google.com/store/apps/details?hl=ko&id=com.frientrip.frip
3ad447af-15a3-45ac-9630-e718d6fcd612,5,2022-11-03T15:11:15+00:00,"여러가지 프로그램 다양하게 찾아볼수 있어서 좋고, 재미있는 모임 참여하기도 쉽습니다.",0,5.3.3,2026-08-05,https://play.google.com/store/apps/details?hl=ko&id=com.frientrip.frip
d96be542-1aec-4dae-9a55-6eac9dfe1ccb,5,2022-11-03T03:58:45+00:00,개발자님들 잘쓰고있어요,1,5.3.2,2026-08-05,https://play.google.com/store/apps/details?hl=ko&id=com.frientrip.frip
a0045849-a7ec-4a44-b368-bef7b1316c6f,5,2022-11-01T12:50:33+00:00,어우 최고,1,5.3.2,2026-08-05,https://play.google.com/store/apps/details?hl=ko&id=com.frientrip.frip
d11142a1-f667-4fd9-a4e3-d6ba11e74b06,5,2022-10-24T01:49:02+00:00,꽤 다양한 클래스가 있어서 좋아요,1,5.3.2,2026-08-05,https://play.google.com/store/apps/details?hl=ko&id=com.frientrip.frip
a0d5068a-33b2-484e-b83f-ca811bd936b1,1,2022-10-21T02:12:59+00:00,열리질않네요 month is null 이라 뜨면서요,0,,2026-08-05,https://play.google.com/store/apps/details?hl=ko&id=com.frientrip.frip
9c28300b-a849-429d-bdf5-063a13915664,1,2022-10-10T08:50:07+00:00,프립은 코스 퀄리티 관리좀 했으면. 회원등록 유도하려고 장사하는 원데이 체험클래스 좀 걸러줬으면 좋겠다 수업이 50분인데 20분동안 장사하는 설명들어야하는 일이 부지기수,3,,2026-08-05,https://play.google.com/store/apps/details?hl=ko&id=com.frientrip.frip
17994858-260b-43b7-8fd3-10fc6592c1e4,1,2022-10-08T04:59:15+00:00,결제 로직 좀 수정해 주세요 취소 및 뒤로가기가 안됩니다. 계속 설치하는거 정말 불편합니다. 네이버 페이와 카카오 페이 좀 지원해 주세요,0,5.3.1,2026-08-05,https://play.google.com/store/apps/details?hl=ko&id=com.frientrip.frip
58bbaf52-4fd6-42f2-817c-2a4a59ca0758,5,2022-10-05T08:35:14+00:00,원데이 좋아하는데 여기서 쉽게 찾을수있어서 너무 좋아요,1,5.3.0,2026-08-05,https://play.google.com/store/apps/details?hl=ko&id=com.frientrip.frip
6327e4f7-3353-4be3-b3d4-259621102f9c,5,2022-10-03T23:21:11+00:00,비슷한 성향의 분들과 이야기 나누느라 시간이 금방 갔어요! 너무너무 재밌었습니다 😁,1,5.3.0,2026-08-05,https://play.google.com/store/apps/details?hl=ko&id=com.frientrip.frip
84fec3d4-80fd-4dd2-b660-004c3272c779,3,2022-10-01T13:55:45+00:00,좋아요,0,5.3.0,2026-08-05,https://play.google.com/store/apps/details?hl=ko&id=com.frientrip.frip
4a43e3e7-6cfa-4648-b1f3-f6d71a550396,5,2022-09-28T13:28:30+00:00,좋아용,1,5.3.0,2026-08-05,https://play.google.com/store/apps/details?hl=ko&id=com.frientrip.frip
c83ea253-4a60-4f8a-bd06-cffd1e7876a3,1,2022-09-22T06:26:27+00:00,"한가지 확실한건 프립 개발자 혹은 직원들은 프립앱을 이용하지 않는다는 점. 뭔 이유인지 앱을 실행하면 재생중이던 음악이 중지가 되고, 로그인 유지는 안되있고 프로그램 신청하려면 로그인하래서 로그인하면 다시 메인화면으로 넘어가있어 다시 찾아가야하고.. 하다보면 불편한게 한두가지가 아닌데 매번 개선안되는거보면 답답하기 그지없다.",71,5.3.0,2026-08-05,https://play.google.com/store/apps/details?hl=ko&id=com.frientrip.frip
4a6c5409-e35a-4137-9171-d9826ec562c6,5,2022-09-18T00:32:20+00:00,굿굿,1,5.3.0,2026-08-05,https://play.google.com/store/apps/details?hl=ko&id=com.frientrip.frip
dfb7b279-a676-4873-b696-383d5e2b6c58,5,2022-09-15T03:50:20+00:00,최고입니다!,0,5.2.8,2026-08-05,https://play.google.com/store/apps/details?hl=ko&id=com.frientrip.frip
6c261961-647a-41f1-a566-15f5faeb4a8c,5,2022-09-13T09:14:36+00:00,좋아요,0,5.2.8,2026-08-05,https://play.google.com/store/apps/details?hl=ko&id=com.frientrip.frip
e84bfced-5db5-4eb9-9f7b-447587ea18b4,5,2022-09-12T08:12:46+00:00,굿~^^,0,5.2.8,2026-08-05,https://play.google.com/store/apps/details?hl=ko&id=com.frientrip.frip
d67a448b-f2c7-469d-9b8a-c75a155a8b59,4,2022-09-08T23:19:37+00:00,소모임 탈퇴하고 왔는데 정리되서 좋습니다,0,5.2.8,2026-08-05,https://play.google.com/store/apps/details?hl=ko&id=com.frientrip.frip
f402750a-849e-403a-8052-f3bb15a40526,1,2022-09-07T16:46:21+00:00,로그인이 안됩니다..,0,5.2.8,2026-08-05,https://play.google.com/store/apps/details?hl=ko&id=com.frientrip.frip
35732184-b16d-456e-8fc4-e29664a5f301,5,2022-09-03T06:35:07+00:00,원하는 활동을 쉽게 찾을수 있어서 좋았어요!,2,5.2.8,2026-08-05,https://play.google.com/store/apps/details?hl=ko&id=com.frientrip.frip
eba7f738-ae23-4bf2-bf23-d8e1d4287ab0,1,2022-09-02T07:55:29+00:00,예약플랫폼의 일정변경 불가 정책과 고객센터 운영방식 1. 취소 및 환불 정책 - 어플리케이션 상에서 일정 변경이 불가한데 일정변경하기 위해 취소한 사항에 대해서 취소 수수료는 프립에서 가져갑니다. 그래서 그냥 동일한 품목과 동일 시간대로 결제했다고 해도 취소수수료는 프립에서 가져가고 판매자측에 물어보니 판매자가 가져가는 부분은 없다고 합니다. 판매자 입장에서도 좋게 따로 연락해서 예약하는게 더 좋아보이는 정책이네요. 2. 고객센터 운영방식 - 고객센터 전화번호는 전화를 받을 수 있을까 싶을정도로 두절되며 순서대로 전화연결해준다고 채팅으로 답변 받았지만 전화는 다시 오지 않았습니다. 고객센터 운영시간이 타업체들에 비해 짧지만 그에 대응하는 답변 대응속도는 매우 느립니다. 채팅 평균 시간은 1시간 30분에서 2시간입니다.고객센터에 답변 빠르게 부탁드린다고 3번요청해도 속도 느립니다. 일정변경도 못하는 예약플랫폼 운영정책으로 인해 많은사람들이 피해보지 않았으면 좋겠습니다.,41,5.2.8,2026-08-05,https://play.google.com/store/apps/details?hl=ko&id=com.frientrip.frip
024f48fa-d00a-4787-9811-b5683bc42cef,5,2022-08-23T14:36:40+00:00,재미있고 다양함,5,5.2.8,2026-08-05,https://play.google.com/store/apps/details?hl=ko&id=com.frientrip.frip
ba09ee35-05d9-4b0e-9a4f-11866abef291,4,2022-08-23T02:37:43+00:00,아직 사용 전인데 여가를 잘 보내고 싶은 어플로 오래 유지하길,1,5.2.7,2026-08-05,https://play.google.com/store/apps/details?hl=ko&id=com.frientrip.frip
f24a6558-7cd2-40d9-a892-db67fcbfa212,1,2022-08-22T02:56:50+00:00,리뷰 작성하고 피드 등록하는 것이 불편합니다. 특히 리뷰와 후기는 삭제했다가 재등록 하는 것이 불가능합니다. 실수로 피드를 삭제했는데 고객센터에서 재등록할 수 없다는 대답을 받았습니다. 이 부분이 빠르게 개선되었으면 좋겠네요.,3,5.2.7,2026-08-05,https://play.google.com/store/apps/details?hl=ko&id=com.frientrip.frip
fc7b5f0d-4bea-47bf-b04b-1f872a208770,5,2022-08-21T10:48:01+00:00,제작자 천잰가봄. 제작자 칭찬해~,1,5.2.7,2026-08-05,https://play.google.com/store/apps/details?hl=ko&id=com.frientrip.frip
94728545-bda2-4b0e-aeb3-dde4b910e02e,5,2022-08-15T14:14:27+00:00,저렴하게 쓸수있어서 좋아요,1,5.2.7,2026-08-05,https://play.google.com/store/apps/details?hl=ko&id=com.frientrip.frip
ee5c47d6-3920-4411-9dfa-be60b600524c,5,2022-08-13T14:53:39+00:00,등록된 업체가 엄청 많진 않지만 1회성 체험으로 이용하기 좋은 거 같네요. 일정에 따라 지역 선택해서 이용할 수 있는 점이 메리트인듯,1,5.2.7,2026-08-05,https://play.google.com/store/apps/details?hl=ko&id=com.frientrip.frip
58d55e7f-e9c4-4144-9841-597713500614,5,2022-08-10T06:04:53+00:00,베이비박스 봉사신청할려고 가입했어요~^^,2,5.2.6,2026-08-05,https://play.google.com/store/apps/details?hl=ko&id=com.frientrip.frip
ea826339-eb46-4b39-ba03-6f05acc7177e,4,2022-08-08T07:07:41+00:00,다운로드가 안돼요..,0,,2026-08-05,https://play.google.com/store/apps/details?hl=ko&id=com.frientrip.frip
2a13f413-380e-4c66-bc99-082f075b2e62,5,2022-08-07T12:14:52+00:00,관리자님이 친절해요,0,5.2.5,2026-08-05,https://play.google.com/store/apps/details?hl=ko&id=com.frientrip.frip
bae25147-c48c-46db-afbb-c72425e152af,5,2022-08-07T03:33:11+00:00,굿,0,5.2.5,2026-08-05,https://play.google.com/store/apps/details?hl=ko&id=com.frientrip.frip
9f9f2d6a-bd7d-45b2-bac4-638267c9ee56,5,2022-07-29T08:24:26+00:00,공연 관람시 너무좋다 차편에 대한 고민 끝,2,5.2.5,2026-08-05,https://play.google.com/store/apps/details?hl=ko&id=com.frientrip.frip
58e95f15-68ed-4177-b2a2-00dd9813dafa,5,2022-07-27T06:06:28+00:00,취미활동이 많고 빠르게 잘작동해요,1,5.2.4,2026-08-05,https://play.google.com/store/apps/details?hl=ko&id=com.frientrip.frip
140e34da-af7f-46d9-b459-0b7ebdc1368c,5,2022-07-20T04:22:25+00:00,사용하기 편리해요~,0,5.2.5,2026-08-05,https://play.google.com/store/apps/details?hl=ko&id=com.frientrip.frip
8e65c765-806b-4806-aa5f-b6f7d5b2e1a9,5,2022-07-15T01:55:29+00:00,좋은데 결제만 간단하게 해주세요,0,5.2.4,2026-08-05,https://play.google.com/store/apps/details?hl=ko&id=com.frientrip.frip
9b8f710a-44e4-4414-a6c4-f5363b7cfd11,5,2022-07-06T14:29:23+00:00,이것저것 다양한 활동들이 많은것 같아요. 뭐뭐 있나 찾아보는 재미도 있어요,2,5.2.4,2026-08-05,https://play.google.com/store/apps/details?hl=ko&id=com.frientrip.frip
b872be28-29ca-4eb4-8eb6-a9ad9fe761a1,5,2022-07-04T04:15:23+00:00,피드백도 빠르고 결제도 간편 네이버나 구글에서 굳이 원하는걸 찾지않아도 됨,3,5.2.4,2026-08-05,https://play.google.com/store/apps/details?hl=ko&id=com.frientrip.frip
049b9395-bffe-4cb0-ba89-cf979573b82d,5,2022-07-03T15:46:54+00:00,"신기하네요,",0,5.2.2,2026-08-05,https://play.google.com/store/apps/details?hl=ko&id=com.frientrip.frip
ea2af505-3b70-4848-a1c7-30192e57240e,5,2022-06-30T04:43:45+00:00,조아요,0,5.2.1,2026-08-05,https://play.google.com/store/apps/details?hl=ko&id=com.frientrip.frip
2e656bd1-fc53-471a-ac86-6d5ee575b851,1,2022-06-28T09:05:28+00:00,지역 필터 기능이 형편없어요,1,5.2.1,2026-08-05,https://play.google.com/store/apps/details?hl=ko&id=com.frientrip.frip
130a4550-5b49-4400-9710-94882d215a1a,5,2022-06-23T02:11:31+00:00,너무 심심했는데 이렇게 할만한거리가 많은줄 몰랐네요 프립 덕분에 좀더 즐겁게 생활할 수 있을 거 같아요,2,5.2.0,2026-08-05,https://play.google.com/store/apps/details?hl=ko&id=com.frientrip.frip
f47b9167-5748-476f-aec6-74651dae0e00,5,2022-06-21T14:28:12+00:00,너무 좋아요~ 꼭 필요한 앱입니다.,0,,2026-08-05,https://play.google.com/store/apps/details?hl=ko&id=com.frientrip.frip
2459cfa3-b61a-4bdd-bac1-3280b0bd9927,4,2022-06-16T15:13:34+00:00,저 이거 예전에 가입했다가 나가고 재가입하려는데 이미 가입된 번호라고 아무것도안되네요ㅠㅠ강제로 2년째 아무것도안됩니다ㅠㅠ카톡계정이 바뀌고 번호가 그대론데 비번찾기도 못하고 이게뭐예요오,1,5.2.0,2026-08-05,https://play.google.com/store/apps/details?hl=ko&id=com.frientrip.frip
3005724b-e71d-4093-822c-17b3fbbff6c4,5,2022-06-16T12:21:01+00:00,잼나요,0,5.2.0,2026-08-05,https://play.google.com/store/apps/details?hl=ko&id=com.frientrip.frip
ce0c7b8f-ca4c-438f-b767-d3b00268c5c1,1,2022-06-16T02:29:17+00:00,풍요속의 빈곤. 운영진이 좀 융통성이 없어요,4,5.2.0,2026-08-05,https://play.google.com/store/apps/details?hl=ko&id=com.frientrip.frip
8e53ff96-7ce3-42c1-8c65-ad28c9445e37,2,2022-06-14T03:00:28+00:00,결제가 굉장히 불편하게 되어있습니다. 그리고 페이북 모바일로 결제 잘 출금 되었는데도 결제가 실패하였다고 토스트팝업 뜨고 다시 결제창으로 갑니다. 이 외에도 쓰면서 UX가 불편하다고 느껴집니다.,3,5.1.9,2026-08-05,https://play.google.com/store/apps/details?hl=ko&id=com.frientrip.frip
1904f116-6b58-4a48-ac3f-b64ddfcf1403,5,2022-06-12T12:59:36+00:00,강력추천 합니다,0,5.1.8,2026-08-05,https://play.google.com/store/apps/details?hl=ko&id=com.frientrip.frip
48c458c1-d5d2-45d3-9159-4963ae97f971,4,2022-06-11T07:16:43+00:00,좋습니다,0,5.1.9,2026-08-05,https://play.google.com/store/apps/details?hl=ko&id=com.frientrip.frip
4616a32c-04aa-4564-af26-d78ec4b26fbc,4,2022-06-07T02:01:35+00:00,아직 참여하지 않은 입문 5일차입니다. 이런공간이 있다는것도 너무너무 좋아요.. 둘러보고 얼른 해보고 싶은거 정해야겠어요,0,5.1.8,2026-08-05,https://play.google.com/store/apps/details?hl=ko&id=com.frientrip.frip
9381c99b-51c8-4a7a-9bd4-4ffc3102a896,5,2022-06-02T14:24:15+00:00,굳장,0,5.1.8,2026-08-05,https://play.google.com/store/apps/details?hl=ko&id=com.frientrip.frip
718e30a8-6b1c-4971-8a9f-ad41026e4245,1,2022-05-23T11:21:08+00:00,운동만 하려고 했더니 자꾸 후기 쓰라고 끝나고도 연락해서 압박줘갖고ㅋㅋㅋ...무시하다가 계속 그러길래 세번째 운동 끝나고 또 따로 문자로 연락와서;;;; 마지못해 그래도 별점 5점으로 하고 썼는데 저한테 말도 없이 호스트가 맘대로 후기 삭제했더라고요??ㅋㅋㅋㅋㅋ와.. 진짜 정성들여서 썼었는데...ㅎ... 한 20줄? 엄청 열정적으로 썼는데 젠장... 프립에 문의하려니까 고객센터 문의도 어딨는지 없고 해서 여기에 후기 씁니다 1점 후기인 이유는 호스트가 맘대로 후기 삭제 안했음 합니다..^^ 이러면 5점리뷰밖에 더 남나..? 그럼 선택하는 소비자는 어떻게 공정하게 선택을 하죠? 사용자 생각 안 하고 결제만 많이 하게 하려는 속셈인가... 근데 그거 아세요??? 상품 판매를 해도 판매자가 구매자한테 따로 연락해서 후기 압박은 안 합니다..^^ 여긴 그런 교육도 안 하시나요??? 후기 쓰래서 시간들여서 썼더니 삭제나 하고 ㅋㅋㅋㅋ 뭘로 보는거지 여긴 구글꺼니까 후기 맘대로 삭제 못하죠?,4,5.1.6,2026-08-05,https://play.google.com/store/apps/details?hl=ko&id=com.frientrip.frip
347cbb2f-1a69-4c51-b56a-270542cbd0c8,5,2022-05-23T06:37:19+00:00,왠민해선 별 5개 안주는데 좋은 어플입니다. 혼자노는 분들 특히,0,5.1.6,2026-08-05,https://play.google.com/store/apps/details?hl=ko&id=com.frientrip.frip
2481114d-ebfc-4fd1-b2c1-a50d9c2657ef,1,2022-05-23T00:29:07+00:00,별로,1,5.1.2,2026-08-05,https://play.google.com/store/apps/details?hl=ko&id=com.frientrip.frip
16580fbe-fea3-4df2-a8c5-cf8c637aa2c7,5,2022-05-22T12:33:59+00:00,원더풀ㅎㅎ,0,3.8.6,2026-08-05,https://play.google.com/store/apps/details?hl=ko&id=com.frientrip.frip
5492cdb9-1669-43db-8db3-f62b715af843,5,2022-05-20T02:26:14+00:00,최고입니다!,0,5.1.6,2026-08-05,https://play.google.com/store/apps/details?hl=ko&id=com.frientrip.frip
051786a7-783e-40ce-83ee-71ba9eda6aea,5,2022-05-17T09:34:17+00:00,굿,0,5.0.5,2026-08-05,https://play.google.com/store/apps/details?hl=ko&id=com.frientrip.frip
373fdf45-8c66-4345-8bf1-3c2badb9d252,1,2022-05-16T14:12:26+00:00,리뷰 솔직히 남겼는데 업체측에서 악성댓글이라 우겨서 리뷰삭제됨 -> 소비자가 리뷰 안좋게남기면 다 삭제되어 좋은리뷰만있음. 고객센터연락했는데 무시함. 리뷰써달라고 호스트 강요있는데 바꿀 생각이 없는듯함. 깔지말고 101이나 솜씨당 설치하세요.,4,5.1.4,2026-08-05,https://play.google.com/store/apps/details?hl=ko&id=com.frientrip.frip
528a8cb0-4383-4867-ba05-8b38a69afb14,1,2022-05-11T09:23:14+00:00,올 1년 알차게 보내보고자 프립생일 할인쿠폰 10만원치 구매했습니다 근데 수시로 뜨는 할인쿠폰이랑 병행 사용이 불가능해서 오히려 더 비싸게 이용하게 되네요. 기존 이용자가 피해보는 운영방식에 후회하고 있습니다,3,5.1.2,2026-08-05,https://play.google.com/store/apps/details?hl=ko&id=com.frientrip.frip
c0b2bdb5-a9cf-4223-9a9a-778910800c49,5,2022-05-11T08:48:48+00:00,재밌어요,0,,2026-08-05,https://play.google.com/store/apps/details?hl=ko&id=com.frientrip.frip
1c7aaf8d-615e-4ddb-8efd-1fde5841811c,5,2022-05-04T10:55:46+00:00,사용하기 편해요,0,5.1.1,2026-08-05,https://play.google.com/store/apps/details?hl=ko&id=com.frientrip.frip
fc6e2757-f1f5-46bf-bbf0-bcd32399f688,5,2022-04-28T04:33:38+00:00,Good,0,5.1.1,2026-08-05,https://play.google.com/store/apps/details?hl=ko&id=com.frientrip.frip
ca07f1e7-b3af-4df2-98a0-c2aaa277d88d,5,2022-04-25T13:14:20+00:00,ㅅㅁㅇ 앱보다 훨씬 직관적이라서 좋네요,0,5.1.1,2026-08-05,https://play.google.com/store/apps/details?hl=ko&id=com.frientrip.frip
750d7556-bfa0-4819-8a1c-dfcd46968a48,5,2022-04-22T22:13:37+00:00,좋아요,0,,2026-08-05,https://play.google.com/store/apps/details?hl=ko&id=com.frientrip.frip
c9a3e1b4-25e5-4e8c-a4af-b323151c9824,2,2022-04-22T09:13:37+00:00,클래스를 저장 해놨는데 메인 화면에서 저장 페이지로 가면 아무 목록이 안 나옵니다 문의하기 게시판에 등록하기 누르면 잘못된 요청입니다라고 뜨면서 등록이 안됩니다 어플을 껐다 켜야지면 등록되요 1:1 문의하기로만 등록되고 qna로.안 되나요?,1,5.1.1,2026-08-05,https://play.google.com/store/apps/details?hl=ko&id=com.frientrip.frip
2a6e5d52-d56b-4d50-a3e2-216ac42c6bd9,5,2022-04-22T05:21:57+00:00,최고로 좋아요,2,5.1.1,2026-08-05,https://play.google.com/store/apps/details?hl=ko&id=com.frientrip.frip
5bf1a799-440c-4ced-b169-76d44d5824a1,1,2022-04-12T12:22:43+00:00,"가입한 아이디가 생각이 안나는데 대체 어떻게 찾을 수 있나요? 이메일로 가입한것같아 로그인하려니 등록된 이메일이 아니라고 하고, 새로가입하려니 이미 가입된 번호라고 안되고, 카카오톡으로 가입했나 싶어 카톡으로 로그인하려니 또 이미 가입된 번호라고먼 뜨고 로그인은 안되고... 대체 아이디 찾기는 어떻게 할 수 있는거죠...ㅎㅎ",0,5.1.0,2026-08-05,https://play.google.com/store/apps/details?hl=ko&id=com.frientrip.frip
7f89efde-1536-4817-b472-2c567e3501c7,1,2022-04-11T07:17:22+00:00,"로그인이 안돼요 카카오톡로그인 선택시 ""이미 가입된 이메일입니다""라고 뜹니다 가입하기가 아니라 로그인하기인데 이미 가입메일이라고 안되면 어떡하라는거죠ㅠ 이메일로 비밀번호찾기해도 등록된 이메일이아니고 소셜로그인하라는데",2,5.1.0,2026-08-05,https://play.google.com/store/apps/details?hl=ko&id=com.frientrip.frip
b68a1fb7-e6d9-4328-b4e2-eff6e8a386d1,5,2022-04-06T08:21:35+00:00,좋아요,0,5.1.0,2026-08-05,https://play.google.com/store/apps/details?hl=ko&id=com.frientrip.frip
25960e0e-baf5-49af-9955-19ca05765ef2,4,2022-03-27T13:56:57+00:00,새로운 것에 도전해보고 싶은 마음을 불러일으키는 앱,1,5.0.6,2026-08-05,https://play.google.com/store/apps/details?hl=ko&id=com.frientrip.frip
d718697f-6237-4a3b-95cc-4f817ed919f4,5,2022-03-27T02:49:07+00:00,베네피아 포인트로 에너지는 등록되었는데 사용하려고하니 자꾸 결제실패메세지가뜹니다ㅜ,2,5.0.6,2026-08-05,https://play.google.com/store/apps/details?hl=ko&id=com.frientrip.frip
810f80cf-9841-4ace-b102-2a4d11491e1e,5,2022-03-23T23:37:15+00:00,취미생활 다양,1,5.0.6,2026-08-05,https://play.google.com/store/apps/details?hl=ko&id=com.frientrip.frip
1ffc0cf4-456b-4e2b-b0ba-8c9758b01e3e,5,2022-03-23T15:00:13+00:00,최고욤,0,5.0.0,2026-08-05,https://play.google.com/store/apps/details?hl=ko&id=com.frientrip.frip
538e200a-81cb-4cf4-901a-85501ff7d0a9,1,2022-03-21T07:41:15+00:00,"VOD를 앱에서 이용할 수 없음. 카톡 안내로 퉁치고 있어서 홈페이지에서 VOD에 접근할 방법이 없음. UX가 굉장히 불친절함 따로 문의해야 개선하겠다는 굳은 의지, 잘 보았습니다.",8,5.0.6,2026-08-05,https://play.google.com/store/apps/details?hl=ko&id=com.frientrip.frip
3863d818-7949-4cd5-b8e6-85da1256b301,1,2022-03-21T05:31:28+00:00,ㅋㅋㅋㅋㅋㅋㅋㅋ 백엔드 문제인지 모르겠는데 무한로딩 지렸다 ㅋㅋㅋㅋㅋ 처음 써보는데 이건 아닌듯 하네요 어플안되서 웹으로 드갔더니 똑같네... 웹앱인가... 신입 개발자 분들이 개발하신 거겠죠? 화이팅입니다 ㅋㅋ,5,5.0.6,2026-08-05,https://play.google.com/store/apps/details?hl=ko&id=com.frientrip.frip
22b4a626-feb0-4d06-948f-6b03ff87ab27,5,2022-03-20T06:42:54+00:00,너무 즐겁게 이용했어요 다만ㅠㅠ 메인에서 내 지역 프립 전체보기 기능이있음 좋을것같아요.. 지역선택을 더 세부적으로 할수있음 좋겠구요,1,5.0.6,2026-08-05,https://play.google.com/store/apps/details?hl=ko&id=com.frientrip.frip
b3ef5ee0-a082-40d6-b623-51633ca52dcb,5,2022-03-20T04:50:21+00:00,좋운경험 생기길 기대합니다,0,5.0.6,2026-08-05,https://play.google.com/store/apps/details?hl=ko&id=com.frientrip.frip
e5d84146-c8dc-4dfa-8327-17101200858c,5,2022-03-18T06:28:02+00:00,취미생활로 다양한 컨텐츠가 많아요~^^ 좋아요~^^,1,5.0.6,2026-08-05,https://play.google.com/store/apps/details?hl=ko&id=com.frientrip.frip
f55ddaf7-eaa6-49e0-b7c3-f7d5f01f977a,4,2022-03-16T05:47:41+00:00,괜찮아요,0,5.0.6,2026-08-05,https://play.google.com/store/apps/details?hl=ko&id=com.frientrip.frip
d94ce2e7-1e2a-46d4-8e77-a60bb6f04353,1,2022-03-15T11:39:50+00:00,핸드폰 인증 등록이 왜 안되요?,2,5.0.6,2026-08-05,https://play.google.com/store/apps/details?hl=ko&id=com.frientrip.frip
250c9c97-45e4-4f07-a192-103898dc612a,3,2022-03-14T02:09:08+00:00,알림신청하기 꺼주세요 호스트알림 머 계속 날라오는데 앱삭제함다,1,5.0.6,2026-08-05,https://play.google.com/store/apps/details?hl=ko&id=com.frientrip.frip
fb4c53b0-c2d3-4689-a6e6-99e0bd2ca98b,5,2022-03-08T13:43:23+00:00,좋아요,0,5.0.3,2026-08-05,https://play.google.com/store/apps/details?hl=ko&id=com.frientrip.frip
64c7728b-9de9-4bdf-b92d-499c5bdc0d36,5,2022-03-08T04:13:50+00:00,와우 굳,0,5.0.6,2026-08-05,https://play.google.com/store/apps/details?hl=ko&id=com.frientrip.frip
7271243f-17dd-4608-b0e1-4bdd4b11b835,5,2022-03-06T15:15:28+00:00,좋게 요가 컨텐츠 이용한것 같습니다.,1,5.0.5,2026-08-05,https://play.google.com/store/apps/details?hl=ko&id=com.frientrip.frip
384762cf-10a8-4bdb-a22f-eaf1d65e33af,1,2022-03-06T11:23:40+00:00,왜 알림신청한 호스트 알림이 안오는거죠? 대기 신청도 안되네요.. 결제 오류도 계속 나고.. 업데이트 된 이후로 좋아진게 없네요,8,5.0.5,2026-08-05,https://play.google.com/store/apps/details?hl=ko&id=com.frientrip.frip
e8b8c48b-fbb5-47ff-8194-6653a9def38d,5,2022-03-06T04:38:15+00:00,좋아요 사업카테고리에 창업도 추가되면 좋겠어요 사업모임 운영중입니다,1,5.0.4,2026-08-05,https://play.google.com/store/apps/details?hl=ko&id=com.frientrip.frip
c51a2bca-65de-48b0-8131-6c3d139c14df,2,2022-03-05T04:02:23+00:00,기존에 잘쓰고 있었는데 앱바뀌고 나서 이상해졌어요. 저장해놓은 호스트 새로운 프립 열때 알림이 안뜨네요. 알림일떠서 놓친 프립이 많아요.,13,5.0.5,2026-08-05,https://play.google.com/store/apps/details?hl=ko&id=com.frientrip.frip
91ba3566-2a23-4cd7-886b-2e7cdf5cee83,5,2022-03-04T00:48:38+00:00,휴일에 뭐할지에 대한 고민을 덜어주는 서비스를 만나게 되어 좋아요 :),1,5.0.5,2026-08-05,https://play.google.com/store/apps/details?hl=ko&id=com.frientrip.frip
cc622772-6290-498f-be02-472696c93938,1,2022-02-23T13:47:01+00:00,앱설정안됨이라믄 표시뜨면서 페북로그인안되요.신규가입으로라도 하려고 했더니 이미가입됐다면서 가입도 안되구요,5,5.0.4,2026-08-05,https://play.google.com/store/apps/details?hl=ko&id=com.frientrip.frip
93f8bf4d-ed6a-4bc3-b828-2de6eab5ba62,1,2022-02-21T10:05:31+00:00,어플화면이 하얌ㅋㅋㅋㅋ 들어가지질않음. 메인첫화면부터,3,5.0.4,2026-08-05,https://play.google.com/store/apps/details?hl=ko&id=com.frientrip.frip
277a98ee-31ec-4aeb-bdd8-88359ac503ae,1,2022-02-21T09:17:26+00:00,자꾸 에러뜨고 아무것도 안떠요 아 짜증나,5,5.0.4,2026-08-05,https://play.google.com/store/apps/details?hl=ko&id=com.frientrip.frip
8145cc28-da1d-4f22-8584-d0e20df4b574,1,2022-02-17T11:52:39+00:00,좋아,1,5.0.4,2026-08-05,https://play.google.com/store/apps/details?hl=ko&id=com.frientrip.frip
346e2083-9584-4f66-8e0a-bc1e33631175,5,2022-02-12T10:33:53+00:00,좋은 프로그램들이 많아요,0,5.0.3,2026-08-05,https://play.google.com/store/apps/details?hl=ko&id=com.frientrip.frip
d6067c96-c6a0-47d7-94aa-bdda3a739474,5,2022-02-09T12:28:14+00:00,경험을 쉽고 편리하게 접근할 수 있어서 참 좋았어요,1,5.0.1,2026-08-05,https://play.google.com/store/apps/details?hl=ko&id=com.frientrip.frip
7db1c7c6-cd3f-4255-b7ea-8f77f5444d64,3,2022-02-08T14:17:25+00:00,참여하기 버튼 누르면 화면이 안열려요ㅠㅠ,1,5.0.1,2026-08-05,https://play.google.com/store/apps/details?hl=ko&id=com.frientrip.frip
43f554a2-83b0-4a2a-a611-3163fe50b5b2,5,2022-02-04T05:52:43+00:00,"다양한 활동을 편리하게 접할 수 있어서 좋아요. 가끔 앱이 버벅거리는 듯한 경험을 했지만, 고객센터 대응이 굉장히 신속하고 친절했기 때문에 전혀 문제가 되지않았습니다. 앞으로도 더 다양한 프립 프로그램이 생겼으면 좋겠어요!",45,5.0.1,2026-08-05,https://play.google.com/store/apps/details?hl=ko&id=com.frientrip.frip
08821174-1357-490a-afd8-477fd5fa22a1,5,2022-01-26T05:41:19+00:00,좋아요,0,5.0.0,2026-08-05,https://play.google.com/store/apps/details?hl=ko&id=com.frientrip.frip
c0f9f34e-b5ca-4012-bb62-66eba79a997a,1,2022-01-26T04:46:53+00:00,업데이트하고 났더니 구매해놓고 못쓴 티켓들이 아예 안보이네요..,4,5.0.0,2026-08-05,https://play.google.com/store/apps/details?hl=ko&id=com.frientrip.frip
b1ab6623-5a96-40ce-923a-bcbf4f7a6350,1,2022-01-25T10:50:53+00:00,어플 오류가 장난 아니네요. PC 이용 추천드려요. 결제 실패했다고 계속 팅겨서 결제수단 바꿔가면서 여러번 결제시도했어요. 드디어 티켓구매 1개 완료했는데 오류라고 표시되었던 이전 결제내역이 실제로 전부 승인처리 되어서 4번이나 돈이 빠져나갔습니다. 당연히 티켓은 1개고요. 어플 개구려요. 여기 회사 QA팀 없나요. 이런 버그도 안잡혔다니...,45,5.0.0,2026-08-05,https://play.google.com/store/apps/details?hl=ko&id=com.frientrip.frip
0fe2d163-b1cf-4631-970a-4d02a8f1fa19,2,2022-01-25T10:19:16+00:00,날짜 선택하는 UI 너무 불편함..... 뒤돌아가기하면 처음부터 다시 선택해야되는거 수정좀 해줬으면... (바뀐 UI 너무 불편....),2,,2026-08-05,https://play.google.com/store/apps/details?hl=ko&id=com.frientrip.frip
8592ec80-0fa2-40dd-8420-b182bb0f7238,3,2022-01-24T23:59:26+00:00,처음이용할때 쉽게 잘 썼었어요. 그래서 또 클래스 잡으려고 업데이트 했는데 페이지가 잘 안불러와지네요. 에러도 뜨고.....확인해주세요!~ 클래스 어서 알아보고싶습니다 :),4,5.0.0,2026-08-05,https://play.google.com/store/apps/details?hl=ko&id=com.frientrip.frip
758d754c-f1c4-4628-84fd-92fb5676c860,5,2022-01-24T14:00:09+00:00,좋아요,0,4.0.14,2026-08-05,https://play.google.com/store/apps/details?hl=ko&id=com.frientrip.frip
a57532ad-411b-4c77-8cc6-9b21cc700062,1,2022-01-24T12:50:45+00:00,업그레이드해도 어플 자체가 열리지 않아요,3,4.0.14,2026-08-05,https://play.google.com/store/apps/details?hl=ko&id=com.frientrip.frip
c335782c-e68c-4144-b8fc-1bc4594c49d2,4,2022-01-24T06:56:02+00:00,"잘쓰고있는데요, 어플 켜면 업데이트하라고 뜨는데 업데이트 할수있는 버튼이 없어요.",2,4.0.14,2026-08-05,https://play.google.com/store/apps/details?hl=ko&id=com.frientrip.frip
c04515a1-c866-443f-9e8b-2a413a269542,1,2022-01-24T04:38:27+00:00,"업데이트 후에 사용할수 잇다는데 업데이트는 안되고, 지웠다 다시 깔앗는데도 또 업데이트 하라고 반복되도 잇어서 불편해요",3,4.0.14,2026-08-05,https://play.google.com/store/apps/details?hl=ko&id=com.frientrip.frip
980084e2-de94-4a04-a513-0185f12a22dd,1,2022-01-24T01:45:56+00:00,업데이트해도 최신버전 업데이트해야 사용가능하다고하고 제거후 설치해도 최신버전 업데이트해야 사용가능하다고만 합니다.,3,4.0.14,2026-08-05,https://play.google.com/store/apps/details?hl=ko&id=com.frientrip.frip
d39c996f-473b-4dc6-917e-835ba481474f,1,2022-01-24T01:15:29+00:00,업데이트 후 사용하라해서 누르면 계속 꺼짐 어 쩌 라 고. 결제해놓은것도 있는데 빨리 해결부탁,1,4.0.14,2026-08-05,https://play.google.com/store/apps/details?hl=ko&id=com.frientrip.frip
dc1da5de-edcf-4d8e-bd99-9ff58c07ea67,1,2022-01-18T16:44:12+00:00,"체험신청 상세화면에서 [참여하기] 버튼 클릭 후, 옵션 선택한 다음 [다음] 버튼 클릭 시 에러메시지가 뜹니다. - 에러메시지 : (401)Authorization Required 에러메시지 때문에 결제완료까지 화면 이동할 수 없는 상태입니다. 에러메시지가 왜 노출되는 건가요?",10,4.0.14,2026-08-05,https://play.google.com/store/apps/details?hl=ko&id=com.frientrip.frip
bea78849-2d8a-48b8-a83d-f742e9df79ec,5,2022-01-14T07:20:23+00:00,여행지에서 좋은 숙박시설과 액티비티를 찾을 수 있었어요,1,4.0.14,2026-08-05,https://play.google.com/store/apps/details?hl=ko&id=com.frientrip.frip
e917f6a7-eb97-4de1-978d-3319b649c306,3,2022-01-12T02:13:59+00:00,프립들어가서 원데이클래스 진행하려고 하는데 다음으로 넘어가질 않네요 문의하기도 글 작성안되고 프립 저장도 안되고 수정부탁드립니다~,1,4.0.14,2026-08-05,https://play.google.com/store/apps/details?hl=ko&id=com.frientrip.frip
92ce6e83-115a-4680-bc43-e219d2fd5188,1,2022-01-04T02:03:51+00:00,결재내역 및 마이 메뉴에 아무것도 뜨지 않아 취소를 못했음 상담사 왈 다른계정 하셨나보죠;; 이 계정 말곤 없는데 상담 받는데 더 열받음 어플 지울랍니다.,7,4.0.12,2026-08-05,https://play.google.com/store/apps/details?hl=ko&id=com.frientrip.frip
e1ffc2c9-1eeb-4f80-b38c-42edc7cc6292,5,2022-01-02T12:14:07+00:00,프립 자주 이용은 안했지만 코로나 완화되면 이것저것 클래스 들어야지 하고 안지웠었는데. '누가 그러는데 000대원님이 입으로만 운동하고 살 하나도 안뺀데' 같은 거지같은 팝업 올라오는거 보고 지웁니다. 담당자 누군지는 몰라도 생각이라는거 하고 좀 쓰세요 ㅋㅋ 확짜증나네 안그래도 백신패스 못받아서 운동못하고잇는데 어그로 작작하세요 삭제합니다 안녕,2,4.0.14,2026-08-05,https://play.google.com/store/apps/details?hl=ko&id=com.frientrip.frip
26d9075f-2c42-43bb-8abd-0bc4e5247715,1,2022-01-02T11:48:17+00:00,에너지 있던거 사용하려고 하니 에러 떠서 사용을 못했었는데 오늘 사용하려고 보니 에너지가 모두 사라져있네요 이벤트로 받은 에너지 말고도 현금으로 산 에너지도 사라지는 것 같은데 맨날 이벤트성 알람만 오지게 보내더니만 에너지 삭제된다는 내용은 한번도 받은적이 없네요 참 대단한 어플입니다 사용이 안되게 해놓고 사라지게 하다니요,11,4.0.14,2026-08-05,https://play.google.com/store/apps/details?hl=ko&id=com.frientrip.frip
7e863f91-9151-44d3-8081-f7491f85f774,5,2022-01-01T01:40:16+00:00,원하는 활동이 지역별로 잘 구분되어 있어서 좋아요,2,4.0.14,2026-08-05,https://play.google.com/store/apps/details?hl=ko&id=com.frientrip.frip
3b28487a-b486-4145-9748-1f91bb250f5b,5,2021-12-22T10:47:06+00:00,아직 사용하려고 대기 중,1,4.0.13,2026-08-05,https://play.google.com/store/apps/details?hl=ko&id=com.frientrip.frip
164b543e-99f9-4c26-8cda-a3808e067810,1,2021-12-18T05:11:05+00:00,고객의 주문이 호스트에게 넘어가는 과정에서 문제가 발생했는데 (고객-> 프립-> 호스트) 프립은 전혀 잘못이 없다고 하는게 말이 됩니까? 내 주문내역 페이지에는 정상적으로 다 나와있는데 그러면 주문은 정상적으로 접수되었다는 얘기니까 프립과 호스트간의 문제 아닌가요? 그런데 왜 프립은 자기는 잘못 없다는 말만하면서 쏙 빠지고 자꾸 호스트랑 해결하라고 하시나요? 이럴거면 플랫폼 사업은 왜 하세요? 이마트 쓱배송에서 주문했는데 제품에 문제있는데 이마트측이 난 잘못없으니 생산자에게 연락해서 해결하라는 것과 같은 어처구니없는 상황아닌가요? 당연히 호스트도 고객한테 화내겠죠? 나는 프립에서 넘겨준 주문서 대로 처리했는데 왜 컴플레인을 자기한테 하냐구요 플랫폼 사업자가 이렇게 개념이 없으면 고객들이 잘못한 것도 없으면서 양쪽에서 뺨 맞는 상황이 발생합니다 이렇게 고객센터 운영할거면 플랫폼 사업 접으세요!!! 플랫폼 사업 마인드가 전혀없네요,27,4.0.13,2026-08-05,https://play.google.com/store/apps/details?hl=ko&id=com.frientrip.frip
4dd0e5b9-a04f-438e-9d0b-a415379159b0,1,2021-12-11T16:42:12+00:00,이상한 거지같은 신청마감일 이라는 환불규정을 만들어서 환불 정책에 대한 혼란을 야기하는 앱입니다,6,4.0.13,2026-08-05,https://play.google.com/store/apps/details?hl=ko&id=com.frientrip.frip
dae427ea-063b-4879-bcf2-6c9936a95c07,4,2021-12-05T14:52:36+00:00,좋아요,0,4.0.12,2026-08-05,https://play.google.com/store/apps/details?hl=ko&id=com.frientrip.frip
7f06a4b8-9b75-4973-b054-e1175e4cca70,2,2021-12-04T01:52:07+00:00,"가입한적 있어서 로그인시도했는데 안됩니다. 로그인하려도 해도, 가입을 하려고 해도 이미 가입한 번호라고만 뜨고 접속이 안됩니다. 비밀번호찾기했더니 가입된 이메일이 아니라하고 어떻게 로그인하나요?",10,4.0.13,2026-08-05,https://play.google.com/store/apps/details?hl=ko&id=com.frientrip.frip
1b702695-23f1-46f0-9f50-5c21d075590b,1,2021-11-28T02:19:04+00:00,모바일 웹에서도 안열리고 앱은 아예 시작도 안되고.. 장사를 하겠다는건지,7,4.0.12,2026-08-05,https://play.google.com/store/apps/details?hl=ko&id=com.frientrip.frip
91e25ea3-3fea-4239-ad42-3ca02648ba22,4,2021-11-25T14:54:30+00:00,너무 좋아요ㅎㅎ,1,4.0.12,2026-08-05,https://play.google.com/store/apps/details?hl=ko&id=com.frientrip.frip
76758d33-6745-4afe-8411-36b0bf3c7faa,5,2021-11-25T00:47:41+00:00,망우리역사공원 ~~가을을 뒤로 넘기면서 우리의 옛 역사를 더듬었습니다 몰랐던 부분 잊어버린것들을 찾아주셔서 박사장님께 감사드립니다 훗날 손주들에게 빛나는 옛분들 이야기를 들려줄수 있을거 같아 너무 좋았습니다 ᆢ,2,4.0.12,2026-08-05,https://play.google.com/store/apps/details?hl=ko&id=com.frientrip.frip
58eba8e4-c581-4094-8cca-0acea8b60a4b,3,2021-11-22T13:11:03+00:00,🥲 지방에선 체험이 많이 개설되지 않는 거 잘 알고 있는데요... 전라도로 검색하면 다 합해서 한 페이지도 안 나올텐데... 지역 선택한 다음에 일일히 카테고리 들어가서 뭐 있는 지 봐야함... (어차피 한두개쯤 나옴) 서울 경기민들은 행복하게 이용하시길... ^^...,8,4.0.12,2026-08-05,https://play.google.com/store/apps/details?hl=ko&id=com.frientrip.frip
b472544a-4ecc-4a14-b61b-1216ab634d75,5,2021-11-21T02:29:12+00:00,취미 만들기.조아요,1,4.0.12,2026-08-05,https://play.google.com/store/apps/details?hl=ko&id=com.frientrip.frip
f2390069-5320-465a-a0d4-399e092cb16c,3,2021-11-17T10:11:57+00:00,핸드폰 번호 어디서바꿔요..??,0,4.0.11,2026-08-05,https://play.google.com/store/apps/details?hl=ko&id=com.frientrip.frip
52b28e56-769a-4a33-b148-1cc5161389ac,5,2021-11-14T09:58:21+00:00,프립 좋아요~ 코로나가 빨리 끝나서 더 사용할 곳이 많아졌으면 좋겠네요~,0,4.0.12,2026-08-05,https://play.google.com/store/apps/details?hl=ko&id=com.frientrip.frip
e0761e69-71b2-4d4a-af32-bcbf9f43e62e,1,2021-11-08T16:50:06+00:00,저도 카톡 계정을 바꿨는데 가입한 계정이라고 나오면서 로그인이 안되네요. 새로 가입하려고 해도 가입했던 소셜계정으로 로그인하라고 하고요. 어떻게 로그인 가능할까요? 개선이 필요할듯 합니다.,1,3.8.2,2026-08-05,https://play.google.com/store/apps/details?hl=ko&id=com.frientrip.frip
3f417f30-ba3a-4636-b452-046a79787835,1,2021-11-07T08:32:03+00:00,간편로그인에 오류가 있어 다시 지웠습니다. 치명적인 오류인데 조치를 안 하시는지...,1,,2026-08-05,https://play.google.com/store/apps/details?hl=ko&id=com.frientrip.frip
f5f9f069-002c-4674-b627-076421d6b8e5,5,2021-11-04T05:18:53+00:00,선생님들도 친절하시고 가격도 저렴하고 좋은추억을 만들수있으면서 손에 결과물도 있으니 넘 좋아요,4,4.0.12,2026-08-05,https://play.google.com/store/apps/details?hl=ko&id=com.frientrip.frip
b27fc161-d57f-4570-81ee-8cb2c75f5f34,1,2021-11-02T09:05:44+00:00,가입한적있어서 카톡로그인 누르니까 가입된계정이라면서 로그인이 안되네요 가입했으니까 카톡계정연동로그인 누른건데 왜 이런말만나오고 로그인 실패인가요? 가입했는데 왜 로그인 안되는지 나원 참,12,4.0.12,2026-08-05,https://play.google.com/store/apps/details?hl=ko&id=com.frientrip.frip
153a6cb8-2f68-49ef-bfd5-5d96ce2cd0f0,1,2021-10-27T12:25:13+00:00,업뎃을 해도 결제도 안되고 계속 오류메세지만 뜨고 잘되다가 갑자기 안되네요..,14,4.0.12,2026-08-05,https://play.google.com/store/apps/details?hl=ko&id=com.frientrip.frip
08e07368-872e-46ce-8837-6ab9568c6769,5,2021-10-12T08:28:22+00:00,같은 취미를 가진분들과의 만남이 좋아요.,0,4.0.11,2026-08-05,https://play.google.com/store/apps/details?hl=ko&id=com.frientrip.frip
a6ee0deb-5e35-4864-a244-802950653a84,5,2021-10-11T12:49:52+00:00,굿 도장쾅 이다 굿잡 도자쾅 찍고 가요,0,4.0.11,2026-08-05,https://play.google.com/store/apps/details?hl=ko&id=com.frientrip.frip
76394208-d374-4749-8cd2-35d158e796a2,5,2021-10-10T09:16:40+00:00,좋아요 한번이걸로 가봤는데 넘 좋아서 다시 찾게되었어요,2,4.0.11,2026-08-05,https://play.google.com/store/apps/details?hl=ko&id=com.frientrip.frip
9558b0fa-126d-47ee-b6ea-7d9c357c90af,5,2021-10-08T11:38:00+00:00,좋아요,0,4.0.11,2026-08-05,https://play.google.com/store/apps/details?hl=ko&id=com.frientrip.frip
a3b0fffd-2692-4ede-9857-98971ffe3439,5,2021-10-05T13:04:37+00:00,다양한 액티비티를 할 수 있어서 좋아요,0,4.0.10,2026-08-05,https://play.google.com/store/apps/details?hl=ko&id=com.frientrip.frip
5f766e36-6cac-45ab-b245-c9491f45d06e,5,2021-10-05T10:01:57+00:00,최고의 취미 모임 어플,0,,2026-08-05,https://play.google.com/store/apps/details?hl=ko&id=com.frientrip.frip
d5005ed4-21f2-4920-b208-3ed232d9f01b,5,2021-10-04T13:53:46+00:00,보기편해요,0,4.0.10,2026-08-05,https://play.google.com/store/apps/details?hl=ko&id=com.frientrip.frip
c8a10475-1fb4-4c3e-b760-e33e8ebd69ed,5,2021-10-01T05:19:23+00:00,넘좋은데 쿠폰좀 많이주세염,0,4.0.10,2026-08-05,https://play.google.com/store/apps/details?hl=ko&id=com.frientrip.frip
eb05c8ba-da73-4247-82a1-d404b1959aa5,1,2021-09-29T14:18:50+00:00,아니 이메일 주소 뭘로 가입했는지 기억도 안나는데 어떻게 아이디 비번 찾으라는거죠? 장난하나요?,1,,2026-08-05,https://play.google.com/store/apps/details?hl=ko&id=com.frientrip.frip
47626de1-0c3a-4cee-98f5-580c30dbf30f,5,2021-09-29T01:23:44+00:00,좋아요!,0,4.0.9,2026-08-05,https://play.google.com/store/apps/details?hl=ko&id=com.frientrip.frip
173d2770-c8b6-449a-822c-ceee8b6f44ba,5,2021-09-28T10:11:14+00:00,완전쵝오,0,4.0.9,2026-08-05,https://play.google.com/store/apps/details?hl=ko&id=com.frientrip.frip
6ef9d963-8a35-4cd9-98dd-1a22ae8f6d2d,5,2021-09-24T09:31:05+00:00,넘 재밌고 여러가지 클래스 등록하기 편해서 좋아요 더 다양한 지역의 베이킹 수업이 있으면 좋겠어요,3,4.0.9,2026-08-05,https://play.google.com/store/apps/details?hl=ko&id=com.frientrip.frip
3bdcce04-bef0-46a0-947a-151360b0baf6,5,2021-09-22T05:25:27+00:00,"요즘같을 때, 찾아서 내가 뭘 할 수 있는게 좋아요",0,4.0.9,2026-08-05,https://play.google.com/store/apps/details?hl=ko&id=com.frientrip.frip
ae09ba93-3621-4876-818a-045ed973275a,1,2021-09-22T02:43:06+00:00,닉네임 왜안바뀌어요 짜증나게 시간낭비한거생각하면 별하나도아깝네,1,4.0.9,2026-08-05,https://play.google.com/store/apps/details?hl=ko&id=com.frientrip.frip
339ea76f-0b73-44de-9eee-ccfa30c7c27b,5,2021-09-21T14:30:53+00:00,좋은데 다양하진않아요,0,4.0.9,2026-08-05,https://play.google.com/store/apps/details?hl=ko&id=com.frientrip.frip
b90606b5-a521-4c51-a86d-d100c229a197,5,2021-09-17T23:45:16+00:00,이걸로 재밌는거 많이 해봄,0,4.0.9,2026-08-05,https://play.google.com/store/apps/details?hl=ko&id=com.frientrip.frip
b6f2510e-a724-4742-b268-1292ead615ae,1,2021-09-16T13:59:30+00:00,로그인 체계가 이상한 것 같네요. 카톡으로 로그인하려고 하니 이미 계정이 있다고 나오고 비밀번호 찾으려고 하니 없는 계정이라고 나오고 뭐 어떻게 하라는건지.. 이용하고싶어도 할 수가 없네요,5,,2026-08-05,https://play.google.com/store/apps/details?hl=ko&id=com.frientrip.frip
3d30c630-d035-43eb-b562-1cdaff939437,5,2021-09-16T10:38:25+00:00,일상탈출! 새로운 도전! 함께하면 할 수 있습니다~,0,4.0.9,2026-08-05,https://play.google.com/store/apps/details?hl=ko&id=com.frientrip.frip
f1ff5892-8c1e-478a-877a-f4c1710527c6,5,2021-09-16T05:38:58+00:00,응원합니다,0,4.0.9,2026-08-05,https://play.google.com/store/apps/details?hl=ko&id=com.frientrip.frip
676f5ef0-15d5-4fc0-8c42-07473d952232,5,2021-09-14T16:52:45+00:00,조아요,1,4.0.9,2026-08-05,https://play.google.com/store/apps/details?hl=ko&id=com.frientrip.frip
f1f5b990-763b-48de-8d35-fc095dda2350,4,2021-09-14T10:58:11+00:00,조금더 싸게 해주시면 좋겠어요. 타사이트랑 가격이 비슷비슷 하네요. 많은 메리트부탁드립니다.,1,4.0.9,2026-08-05,https://play.google.com/store/apps/details?hl=ko&id=com.frientrip.frip
66a852f1-1801-4259-8494-38d07c32a628,3,2021-09-12T06:08:17+00:00,가입된 이메일이라고 비번 찾기도 안되고 가입도 안되고 쓰고싶어도 못쓰는 중입니다...,2,4.0.9,2026-08-05,https://play.google.com/store/apps/details?hl=ko&id=com.frientrip.frip
d78de71e-4ff9-49e8-b7ef-4f4731e5c858,4,2021-09-10T02:03:21+00:00,아직 이용은 안해봤지만 개강되어있는 프로그램들이 맘에 들어요,2,4.0.9,2026-08-05,https://play.google.com/store/apps/details?hl=ko&id=com.frientrip.frip
5fefdd5f-4f29-4210-bd0a-1d744e59f8d9,5,2021-09-07T03:44:48+00:00,굿!,0,4.0.9,2026-08-05,https://play.google.com/store/apps/details?hl=ko&id=com.frientrip.frip
0baf5e21-f02e-4df7-9264-0258e56bd515,5,2021-09-06T08:33:01+00:00,너무좋아요~,0,4.0.9,2026-08-05,https://play.google.com/store/apps/details?hl=ko&id=com.frientrip.frip
40a387ff-2a16-4190-9b4f-e1524a129106,4,2021-09-03T10:08:07+00:00,너무 좋은 앱입니다. 저처럼 쉬는날이 일정치 않은 사람들을 위해 캘린더 날짜별로 신청할수 있는 프립이 나열되는 서비스가 추가되었으면 좋겠습니다.^^,16,4.0.9,2026-08-05,https://play.google.com/store/apps/details?hl=ko&id=com.frientrip.frip
6837cb1a-254d-467f-86b1-9f8066a6a4e8,5,2021-09-02T00:42:19+00:00,Awesome ^^,0,4.0.9,2026-08-05,https://play.google.com/store/apps/details?hl=ko&id=com.frientrip.frip
a9f0d2c8-4b72-4733-a8f6-fa793c436288,1,2021-09-01T05:47:46+00:00,어플관리에 너무 소홀하신거 같네요!,0,,2026-08-05,https://play.google.com/store/apps/details?hl=ko&id=com.frientrip.frip
83cfea19-2160-40a5-a7c3-7ea8200da695,5,2021-08-31T11:09:17+00:00,너무 잘 사용하고 있어요!,0,4.0.9,2026-08-05,https://play.google.com/store/apps/details?hl=ko&id=com.frientrip.frip
d6f64215-41f4-409c-85dc-3002b58c72cd,2,2021-08-29T08:57:28+00:00,자동로그인이 계속 끊어지네요. 기능 확인 해주세요~,4,4.0.9,2026-08-05,https://play.google.com/store/apps/details?hl=ko&id=com.frientrip.frip
3c0e60f5-e980-408f-91af-78ab012b839d,1,2021-08-25T09:27:20+00:00,로그인하고 예약하기 누르면 계속 로그인하라고 튕겨나가네요 앱종료 되고...오류많아서 앱 못쓰겠어요,20,4.0.8,2026-08-05,https://play.google.com/store/apps/details?hl=ko&id=com.frientrip.frip
173b5a59-4039-46fb-9ca0-b66870ff9d6c,5,2021-08-25T05:06:04+00:00,단순한 숙박 교통편이 아니라 액티비티 위주로 여행정보를 제공해주는게 좋아요,3,4.0.8,2026-08-05,https://play.google.com/store/apps/details?hl=ko&id=com.frientrip.frip
8de01691-3c9a-48e8-90c4-f3a4d9f7fdb0,4,2021-08-25T02:46:45+00:00,어제까지만해도 멀쩡했던 어플이 오늘은 예약하기만 눌러도 튕기고 저장버튼누르면 로그인하라고 하고 어플을 지웠다 깔아도 무한반복.. 관리만 재대로 되었으면 좋겠습니다. 그 외에는 만족해요.,29,4.0.8,2026-08-05,https://play.google.com/store/apps/details?hl=ko&id=com.frientrip.frip
3b93c4ef-c93a-4369-8edb-6115ab032360,5,2021-08-24T04:00:52+00:00,굿,0,4.0.7,2026-08-05,https://play.google.com/store/apps/details?hl=ko&id=com.frientrip.frip
c0c1a937-9d59-4e16-a510-e888fcc10e35,5,2021-08-22T12:01:10+00:00,액티비티하기 편함,0,4.0.7,2026-08-05,https://play.google.com/store/apps/details?hl=ko&id=com.frientrip.frip
1977181f-6ee5-4f4a-a060-8b9ebbeff297,1,2021-08-20T15:08:53+00:00,제가 사는 지역에선 거의 쓸 수가 없어서 삭제하려는데 회원 탈퇴는 어떻게 하나요? 보이지가 않네요?,1,4.0.7,2026-08-05,https://play.google.com/store/apps/details?hl=ko&id=com.frientrip.frip
979e7fc3-a5d4-4b2a-87b8-fb2ee4f71bbc,5,2021-08-19T02:48:29+00:00,가끔 이용하는데 유익하고 좋아요!!!!,0,4.0.7,2026-08-05,https://play.google.com/store/apps/details?hl=ko&id=com.frientrip.frip
948dbf4a-15d3-446d-bc19-8275dff9242c,5,2021-08-18T11:18:24+00:00,쪼와용,0,4.0.5,2026-08-05,https://play.google.com/store/apps/details?hl=ko&id=com.frientrip.frip
4ca87e95-21c7-4824-9883-36aaf150ab51,5,2021-08-18T05:29:50+00:00,깔끔하고 반응이 좋습니더,0,4.0.7,2026-08-05,https://play.google.com/store/apps/details?hl=ko&id=com.frientrip.frip
9267ce18-ac21-4153-97ca-78684261bb5c,5,2021-08-17T01:16:37+00:00,좋네요~!,0,4.0.7,2026-08-05,https://play.google.com/store/apps/details?hl=ko&id=com.frientrip.frip
8cac05f8-c2a1-42db-8e58-56d5beb762ee,5,2021-08-16T10:34:56+00:00,AWE SOME,0,4.0.7,2026-08-05,https://play.google.com/store/apps/details?hl=ko&id=com.frientrip.frip
8496eab4-8f66-4bb0-9afd-49b7d9ab6d38,5,2021-08-14T13:04:52+00:00,저렴하면서 다양한 체험가능추천,1,4.0.7,2026-08-05,https://play.google.com/store/apps/details?hl=ko&id=com.frientrip.frip
a8c905f8-44cc-4541-98df-eff002227bed,1,2021-08-08T06:04:28+00:00,앱 장애인지.. 클래스 문의 글쓰기가 안돼요. 401에러 나옵니다,3,4.0.7,2026-08-05,https://play.google.com/store/apps/details?hl=ko&id=com.frientrip.frip
597a2de0-ae5c-454c-9d1e-e993b20be951,5,2021-08-06T23:03:04+00:00,덕분에 경험이 훨씬 다양해졌어요. 소모임으로 만나니 사람들과 더 깊은 이야기를 할 수 있어 좋아요.,9,4.0.7,2026-08-05,https://play.google.com/store/apps/details?hl=ko&id=com.frientrip.frip
20a4a852-556b-4181-abaf-da8853f6e486,2,2021-08-06T05:39:56+00:00,중개플랫폼으로서 되게 무책임한 업체예요 만약 재화나 용역을 공급하는 업체의 과실이 있고 그 과실을 공급업체쪽에서 모르쇠로 일관하여 그것을 프립에 말하면 자기는 책임없고 중개를 할 의지도 없다 하네요 우리는 중개플랫폼이니까 공급업체쪽에 중대한 하자가 있는 내용에 대해서 시정을 요구하거나 할 의무도 없고 환불이나 불만사항 모두 공급업체에게 말하라고 양해 바란다고 우리는 플랫폼이니까 양해바란다고 앵무새처럼 말하는데 걍 물건팔면 끝이예요? 말한마디로 천냥빚 갚는다고 최소한 확인은해보고 말해보겠다고 해야지 난 중개플랫폼이라 니가 알아서해 라고하는게 정상적인 회사예요? 이렇게까지 진상을 부리면 좀 고쳐질까요? 예? 팔면 다 끝이냐고요 클라리언트가 개진상부리는것도 아니고 중대한하자가 있어서 그것에 대해서 물어보면 최소한 중개의 노력이라도 있으셔야하는거 아닌가요? 결론적으로 공급업체가 다 환불을 해준다고 하긴했는데 프립의 입장이 어이가없어서 남겨봅니다,9,4.0.4,2026-08-05,https://play.google.com/store/apps/details?hl=ko&id=com.frientrip.frip
e378fc65-c2a4-46e0-8a53-656c6a300464,5,2021-07-31T23:27:37+00:00,보기 쉽고 양질의 콘텐츠가 많음,2,4.0.6,2026-08-05,https://play.google.com/store/apps/details?hl=ko&id=com.frientrip.frip
25e869a7-d7bd-45b5-9af0-b97f69222038,5,2021-07-31T23:20:11+00:00,우연히알게된어플인데 아직 예약해보진 않았지만 좋은거같아요~!,0,4.0.6,2026-08-05,https://play.google.com/store/apps/details?hl=ko&id=com.frientrip.frip
a270b5c9-6f8e-482c-99cd-2def5cd02255,1,2021-07-30T05:57:05+00:00,"여기 에너지 충전으로 당하신분 많네요..돈주고 충전한 에너지가 이렇게.쉽게 소멸되다니 어이없을 뿐. 돈을 지불하고 충전한 포인트는 임의로 소멸시킬 수 없다고 알고있는데, 선고지 했기에 문제없다는 답변만 앵무새처럼 얘기하네요. 전 소보원에 구제신청하러 갑니다",34,4.0.6,2026-08-05,https://play.google.com/store/apps/details?hl=ko&id=com.frientrip.frip
9a6db440-ab8d-4d39-9af5-ee13ff7e75f1,5,2021-07-15T13:43:05+00:00,좋아요 쿠폰도 있고 지역에서 할 수 있는 체험도 볼수있고,4,4.0.4,2026-08-05,https://play.google.com/store/apps/details?hl=ko&id=com.frientrip.frip
45e7266a-4675-4646-bd03-418fe9e5a4e8,1,2021-07-08T05:59:18+00:00,"계속 이거 홍보하고 친구들 호스트도 할수있게 2년전부터 애용했는데, 손절잼 코로나때문에 취소하고싶었는데 확진자나 접촉자인 증거 대라하더라구요. 숨은 확진자가 되어서 프립을통해 퍼뜨려야 정책을 바꾸실거같네요 12만원 버리고 그냥 손절합니다 ㅅㄱ",36,4.0.4,2026-08-05,https://play.google.com/store/apps/details?hl=ko&id=com.frientrip.frip
70d9b6fb-71f2-4e28-b72d-06d890c2a7e1,1,2021-07-05T02:20:42+00:00,후기등록하는데 잘되다가 이제는 사진첨부가 안됩니다,4,4.0.3,2026-08-05,https://play.google.com/store/apps/details?hl=ko&id=com.frientrip.frip
c917e40d-df72-484b-a1fa-d1f8d96db6f8,3,2021-07-04T13:44:58+00:00,사용하기 편해요. 후기작성 시 사진 첨부가 안돼는데 확인 좀 해주시겠어요?,1,4.0.3,2026-08-05,https://play.google.com/store/apps/details?hl=ko&id=com.frientrip.frip
7befb472-0dff-4350-b222-fbc09bcdaa79,5,2021-07-01T12:26:49+00:00,충청도 추가 의견 적극반영 감사합니다 칭찬합니다 프립.,0,4.0.3,2026-08-05,https://play.google.com/store/apps/details?hl=ko&id=com.frientrip.frip
8b9c443e-4da5-4b92-9120-c07976c20d79,5,2021-07-01T09:08:45+00:00,괜찮아요,0,,2026-08-05,https://play.google.com/store/apps/details?hl=ko&id=com.frientrip.frip
dcc0e127-6ab5-41c5-88d1-6c209837eba4,5,2021-06-30T14:16:49+00:00,편해요 좋음,0,4.0.3,2026-08-05,https://play.google.com/store/apps/details?hl=ko&id=com.frientrip.frip
6c07997a-96ed-4b92-890c-7582590ffc21,4,2021-06-26T04:57:48+00:00,첫걸음중,0,4.0.1,2026-08-05,https://play.google.com/store/apps/details?hl=ko&id=com.frientrip.frip
41b51ed6-db24-48aa-a19c-76fd72b5c7af,1,2021-06-21T04:17:16+00:00,포인트사용 유효기간이 짧고 유효기간이 다 되어가는데 기간이 얼마나 남아있는지 알기 어렵게 되어있어 10만원 가량의 포인트가 깜박할 사이에 소멸되어 버렸습니다 카카오톡 채널로 문제해결이 어렵다고 이미 안내를 받았는데 앱답변에 또 올리라고 하시네요,20,3.8.6,2026-08-05,https://play.google.com/store/apps/details?hl=ko&id=com.frientrip.frip
c6034bd5-ed68-4191-97fc-207ea6b689e5,5,2021-06-16T00:54:39+00:00,아주굿,0,3.8.6,2026-08-05,https://play.google.com/store/apps/details?hl=ko&id=com.frientrip.frip
7ed2053e-9060-4ce3-ac2e-739df94bbe40,1,2021-06-15T16:26:17+00:00,여기 불만사항이 하나같이 같은데 대표님은 확인안하시는지 모르겠어요 앱푸시하나 없이 에너지 다 소멸되고 일부로 노린거 같다는 생각도 드네요 에너지 유효기한 앱푸시나 메세지 보내는게 시스템상 어려운 일도 아닌데... 시스템을 구축하는데 어렵다고 하다니.. 잘 이용하고 회사사람들한테도 홍보했는데 이제 이용안하렵니다.,14,3.8.6,2026-08-05,https://play.google.com/store/apps/details?hl=ko&id=com.frientrip.frip
8986f998-679a-4352-93c2-746e9b793943,1,2021-06-08T02:52:33+00:00,에너지 충전하고는 절대 쓰지 마세요. 두고두고 쓰려했는데 몇십만원을 충전했건 그냥 사라집니다. (저는 15만원 정도)코시국이라 잘 쓰지도 못했는데 현금주고 충전한 에너지가 무슨 6개월만에 사라지네요. 앱 푸시도 언제 얼마가 소멸된다는 정보도 없이 그냥 포인트 소멸된다고만 안내해서 그냥 흔히 적립되는 몇 십 포인트 소멸되는 줄 알았네요. 에너지 충전 시 달랑 한 줄 유효기간 고지했다는 답변만 반복하고ㅋㅋㅋ.. 현금성으로 맞교환한 포인트인데 뭐 이리 허술하게 날려보내게 하는지 참 실망스럽네요.,25,3.8.5,2026-08-05,https://play.google.com/store/apps/details?hl=ko&id=com.frientrip.frip
5a0fe085-f37a-4abb-9c39-c881b4064023,5,2021-05-30T05:51:39+00:00,굿굿굿,0,3.8.6,2026-08-05,https://play.google.com/store/apps/details?hl=ko&id=com.frientrip.frip
12119287-b3a0-4ebb-ad57-a2c593478a52,5,2021-05-26T14:07:37+00:00,굿,0,3.8.6,2026-08-05,https://play.google.com/store/apps/details?hl=ko&id=com.frientrip.frip
a6f23220-dafd-47bd-8ea5-2d73e386639d,5,2021-05-26T08:35:09+00:00,쓰기편하고 너무 좋아요!,3,3.8.6,2026-08-05,https://play.google.com/store/apps/details?hl=ko&id=com.frientrip.frip
97743e3e-b515-4404-8608-74cd4467999f,5,2021-05-25T13:13:17+00:00,이거 사용안하면 사고!,1,3.8.6,2026-08-05,https://play.google.com/store/apps/details?hl=ko&id=com.frientrip.frip
a91dd2a2-7497-4849-91ed-ac7e8512e3ae,5,2021-05-25T01:16:58+00:00,유용해요,0,3.8.6,2026-08-05,https://play.google.com/store/apps/details?hl=ko&id=com.frientrip.frip
8acc04eb-f0ab-4eda-bc93-2a6936d18243,5,2021-05-18T11:28:11+00:00,원데이클래스 모아놔서 유용하게 사용중입니다,1,3.8.6,2026-08-05,https://play.google.com/store/apps/details?hl=ko&id=com.frientrip.frip
ebe959fb-0f20-40d9-9636-1f828e8ee1e9,5,2021-05-13T05:45:16+00:00,많은 도움이 됩니다...ㅎ,0,3.8.6,2026-08-05,https://play.google.com/store/apps/details?hl=ko&id=com.frientrip.frip
eadd6098-5182-414f-9558-e495773368d1,5,2021-05-12T09:37:22+00:00,여러가지다양성이있어좋아요,0,3.8.6,2026-08-05,https://play.google.com/store/apps/details?hl=ko&id=com.frientrip.frip
33bf96b0-d2fc-41f3-8d57-04e2305ffe92,2,2021-05-11T05:48:07+00:00,삼성페이 신한으로 결제가 안돼요 이미깔려있는데 깔으라고 뜨네요,2,3.8.6,2026-08-05,https://play.google.com/store/apps/details?hl=ko&id=com.frientrip.frip
f856636c-e1f4-4aa4-be12-28bb51d9171e,1,2021-05-11T01:16:20+00:00,매우 불만족,2,3.8.6,2026-08-05,https://play.google.com/store/apps/details?hl=ko&id=com.frientrip.frip
70a42bd9-17eb-44fb-8ea7-24e08cf0e0e2,4,2021-05-02T09:33:50+00:00,좋아요,0,3.8.6,2026-08-05,https://play.google.com/store/apps/details?hl=ko&id=com.frientrip.frip
0236d4a4-8e5a-4849-ab52-565ec649c846,3,2021-04-28T04:20:31+00:00,알람 혹은 마케팅 수신동의 설정한 적 없는데 자꾸 알람받네요...앱 정책도요. 이거 사전에 동의 여부 물어보는 스크린이 언제 나왔던건가요?,1,,2026-08-05,https://play.google.com/store/apps/details?hl=ko&id=com.frientrip.frip
c69b6542-76a5-4c54-ab93-3158539b4a17,5,2021-04-27T07:47:19+00:00,좋아요,0,3.8.6,2026-08-05,https://play.google.com/store/apps/details?hl=ko&id=com.frientrip.frip
840ca146-cb39-4c91-8475-a29095b53e3a,5,2021-04-24T03:27:38+00:00,좋음 설명이 필요없는 플랙폼,0,,2026-08-05,https://play.google.com/store/apps/details?hl=ko&id=com.frientrip.frip
b5d19157-ce24-41c9-b456-4df2379c51a7,4,2021-04-22T07:00:38+00:00,처음인데 ᆢ 좋아요 ~^^,0,3.8.6,2026-08-05,https://play.google.com/store/apps/details?hl=ko&id=com.frientrip.frip
e125fd53-0c9a-4190-8552-fb8f5c2f713b,5,2021-04-21T08:41:26+00:00,좋아요,0,3.8.6,2026-08-05,https://play.google.com/store/apps/details?hl=ko&id=com.frientrip.frip
e0538010-d33c-4f94-baf8-7ac6f0f9aed3,5,2021-04-20T22:41:06+00:00,깔끔 인터페이스,0,3.8.6,2026-08-05,https://play.google.com/store/apps/details?hl=ko&id=com.frientrip.frip
75a7ab2c-d9b0-470c-a480-0454346117e9,1,2021-04-14T16:36:03+00:00,로그인이안됨,2,3.8.6,2026-08-05,https://play.google.com/store/apps/details?hl=ko&id=com.frientrip.frip
8c5c5daf-5feb-476d-bd80-950ad6ae2bfa,5,2021-04-08T09:20:46+00:00,좋아요 아주,0,3.8.6,2026-08-05,https://play.google.com/store/apps/details?hl=ko&id=com.frientrip.frip
ac9e9ae4-72a9-426d-9dd0-9a15687c6b20,4,2021-04-04T06:19:11+00:00,밀키트 굿~^^,0,3.8.5,2026-08-05,https://play.google.com/store/apps/details?hl=ko&id=com.frientrip.frip
c65656d1-f309-4c03-9657-b83a531c3585,5,2021-04-03T00:49:02+00:00,카톡으로 로그인했다가 카톡을 새로 하게되었는데 이후 계속 가입된 사용자로 소셜로 로그인하라는데ㅠ 카톡이 바뀌어서 계속 로그인이 되지않습니다ㅠ 프립 이용하고싶은데 방법이 없을까요 새로 가입하려해도 계속 가입된사용자라고...하는 상황입니다ㅠ,16,3.8.5,2026-08-05,https://play.google.com/store/apps/details?hl=ko&id=com.frientrip.frip
d15aaf85-8854-46e7-a0fb-302e077bce12,5,2021-03-25T23:05:59+00:00,좋아욧,0,3.8.5,2026-08-05,https://play.google.com/store/apps/details?hl=ko&id=com.frientrip.frip
74e9afd5-369f-4a23-92c6-dfa9f43eb486,5,2021-03-24T14:43:07+00:00,좋아요,0,3.8.5,2026-08-05,https://play.google.com/store/apps/details?hl=ko&id=com.frientrip.frip
186d3bcc-d575-44e4-a93e-90fd2dd5958f,5,2021-03-24T06:05:35+00:00,좋아료👍👍,0,3.8.5,2026-08-05,https://play.google.com/store/apps/details?hl=ko&id=com.frientrip.frip
961e9fcb-434f-4a01-b74f-a4a9591d5410,5,2021-03-19T05:38:52+00:00,좋은 어플이에요ㅎㅎ 배우고싶은걸 쉽게 배울 수 있네요!,3,3.8.5,2026-08-05,https://play.google.com/store/apps/details?hl=ko&id=com.frientrip.frip
96a163ef-9b0b-45bc-87a5-2fb1cadd2b26,5,2021-03-11T06:59:12+00:00,시각 적으로 펀함,0,3.8.5,2026-08-05,https://play.google.com/store/apps/details?hl=ko&id=com.frientrip.frip
f8f9419f-8948-4b93-9339-48a20975d54a,4,2021-03-07T05:59:41+00:00,소통과 경험 그리고 나의 것으로 완성이 됩니다!,0,3.8.5,2026-08-05,https://play.google.com/store/apps/details?hl=ko&id=com.frientrip.frip
fced6279-843f-4f2a-b893-9011f1d3692d,5,2021-03-06T10:40:44+00:00,좋은듯하다,0,3.8.5,2026-08-05,https://play.google.com/store/apps/details?hl=ko&id=com.frientrip.frip
e9b43114-55b8-4058-8213-b9db3b64e1a2,5,2021-03-03T05:30:18+00:00,구성이 알차요,0,3.8.5,2026-08-05,https://play.google.com/store/apps/details?hl=ko&id=com.frientrip.frip
bdb10bcb-d2f9-42a0-86c7-f4ad93dfc5e1,5,2021-03-02T07:31:53+00:00,굿,0,,2026-08-05,https://play.google.com/store/apps/details?hl=ko&id=com.frientrip.frip
a43eaee7-1049-4f0b-a8b6-9b925ff7e3ad,5,2021-03-02T04:13:36+00:00,여러가지 체험이나 제품들을 저렴하게 이용할수 있어 좋네요,9,3.8.5,2026-08-05,https://play.google.com/store/apps/details?hl=ko&id=com.frientrip.frip
32e13f0a-31d0-4006-aa06-51dcfc2bf3d1,5,2021-02-28T11:22:21+00:00,여러가지 원데이 클레스를 쉽게 찾아볼 수 있어서 좋아요~~,8,3.8.5,2026-08-05,https://play.google.com/store/apps/details?hl=ko&id=com.frientrip.frip
d1839c63-43d3-42b3-a727-e9d23cc94825,5,2021-02-27T21:17:16+00:00,이 앱은 정말 유익한 정보가 많아서 추천해드려요~^^ 굿,0,3.8.5,2026-08-05,https://play.google.com/store/apps/details?hl=ko&id=com.frientrip.frip
a2f3726f-d8b5-41dc-b97e-e62ad843c725,5,2021-02-25T10:44:47+00:00,좋습니다,0,3.8.5,2026-08-05,https://play.google.com/store/apps/details?hl=ko&id=com.frientrip.frip
523528eb-35e7-478a-a87c-6e0ae72071e9,5,2021-02-23T10:15:44+00:00,좋아요,0,3.8.5,2026-08-05,https://play.google.com/store/apps/details?hl=ko&id=com.frientrip.frip
bb57d9d7-56b3-47ac-806e-aee511f06fc1,5,2021-02-22T07:30:05+00:00,좋아요,0,3.8.5,2026-08-05,https://play.google.com/store/apps/details?hl=ko&id=com.frientrip.frip
b615a77e-0ecd-418e-998d-f08c78db7afd,5,2021-02-21T08:00:38+00:00,정말 유용한 정보가 많은 앱이네요. 굿입니다,1,3.8.5,2026-08-05,https://play.google.com/store/apps/details?hl=ko&id=com.frientrip.frip
1a8dfc26-368f-41bd-94b8-22fb541c09cb,5,2021-02-20T13:00:23+00:00,동기부여되고 좋았습니다!,0,3.8.5,2026-08-05,https://play.google.com/store/apps/details?hl=ko&id=com.frientrip.frip
41823ba4-df64-4820-b2f7-f5dabc7a4c22,5,2021-02-19T12:40:22+00:00,칭찬합니다,0,3.8.5,2026-08-05,https://play.google.com/store/apps/details?hl=ko&id=com.frientrip.frip
8a5bb942-26f6-46ae-a170-53d2bfe94fda,5,2021-02-15T13:18:20+00:00,깔아서 사용해보니 좋네요,0,3.8.4,2026-08-05,https://play.google.com/store/apps/details?hl=ko&id=com.frientrip.frip
f3f8340b-bea6-494e-ad2e-28dd82da0da1,5,2021-02-14T02:06:46+00:00,돼지 수육 국밥 맛있어요,0,3.8.3,2026-08-05,https://play.google.com/store/apps/details?hl=ko&id=com.frientrip.frip
9a06fb9e-9e11-43ac-a576-6bf2573f8a0a,5,2021-02-06T15:00:01+00:00,굿,0,3.8.3,2026-08-05,https://play.google.com/store/apps/details?hl=ko&id=com.frientrip.frip
0e6d6feb-1b79-4812-962c-9e38cec8e552,5,2021-02-04T13:35:33+00:00,유용한프로그램이많아요,0,3.8.3,2026-08-05,https://play.google.com/store/apps/details?hl=ko&id=com.frientrip.frip
a541f30c-de35-4423-b50e-739743245a43,1,2021-02-03T15:07:37+00:00,지웠는데 문자 왜 계속와요?,2,,2026-08-05,https://play.google.com/store/apps/details?hl=ko&id=com.frientrip.frip
5aae1561-2a13-4005-ada3-37e01d19e7c5,5,2021-02-01T12:48:19+00:00,좋ㅇ요,0,3.8.2,2026-08-05,https://play.google.com/store/apps/details?hl=ko&id=com.frientrip.frip
346516b4-d1d2-4a02-9c84-714690e7d6aa,5,2021-01-30T08:43:35+00:00,이런 앱이 있다니 대단하네요,0,3.8.2,2026-08-05,https://play.google.com/store/apps/details?hl=ko&id=com.frientrip.frip
a09f348f-6c2d-4eea-bc0d-9f38a64bba4f,1,2021-01-30T05:46:14+00:00,회원탈퇴하는게 없네요ㅡㅡ,2,3.8.2,2026-08-05,https://play.google.com/store/apps/details?hl=ko&id=com.frientrip.frip
14baab6f-198e-4025-9d1c-def4dc5ef60e,5,2021-01-29T23:25:36+00:00,좋아요!,0,3.8.2,2026-08-05,https://play.google.com/store/apps/details?hl=ko&id=com.frientrip.frip
b74a6370-cdad-4d79-8288-71a1a5cc5649,5,2021-01-24T13:24:36+00:00,조아요,0,3.8.2,2026-08-05,https://play.google.com/store/apps/details?hl=ko&id=com.frientrip.frip
c38e8797-96bf-4cd6-94d9-377ab84e6efd,5,2021-01-24T09:36:35+00:00,참좋아요,0,3.8.2,2026-08-05,https://play.google.com/store/apps/details?hl=ko&id=com.frientrip.frip
5d17a465-4425-404f-a689-262698f1fd07,5,2021-01-24T04:28:36+00:00,우연히 알게됐는데 도움이 되네요,0,3.8.2,2026-08-05,https://play.google.com/store/apps/details?hl=ko&id=com.frientrip.frip
8b9f1edc-ee05-4724-8952-7040f8333f80,5,2021-01-22T10:31:39+00:00,짱이에요~~♡,0,3.8.2,2026-08-05,https://play.google.com/store/apps/details?hl=ko&id=com.frientrip.frip
ffde2421-3824-44c4-9f6c-cae3cd139865,5,2021-01-12T10:34:49+00:00,좋아요,0,3.8.2,2026-08-05,https://play.google.com/store/apps/details?hl=ko&id=com.frientrip.frip
6162995a-ad63-4dee-b4cd-ada41d7f5467,3,2021-01-11T10:26:54+00:00,저는 밀키트 저렴하게 구매해서 좋아요 게다가 무료배송 까지 마음들어요 이시국에 간편한게 좋긴 좋네요,3,3.8.1,2026-08-05,https://play.google.com/store/apps/details?hl=ko&id=com.frientrip.frip
037ac1ff-8e2c-4206-82f1-d86b94167644,3,2021-01-09T09:57:40+00:00,결제하려고 하는데 인증하라고 해놓고 인증하면 이미 인증된 계정 있다고 하는데 어떻게 해야되나요..?계속 안되네요,17,3.8.1,2026-08-05,https://play.google.com/store/apps/details?hl=ko&id=com.frientrip.frip
d5c60b40-c5eb-4247-adcf-f4e4aea77471,5,2021-01-07T08:41:39+00:00,여러가지 많네요,0,3.8.0,2026-08-05,https://play.google.com/store/apps/details?hl=ko&id=com.frientrip.frip
3986c51f-79a7-46d7-8b6f-c6d7f734e34c,1,2021-01-07T01:38:14+00:00,그냥 멈춰서 로그인도 안됩니다. 쓸수도 없는거네요 물건 주문한건 오지도 않고 확인도 안됩니다. 돈 날렸습니다. 이거 쓰지마세요 당합니다.,19,3.8.0,2026-08-05,https://play.google.com/store/apps/details?hl=ko&id=com.frientrip.frip
e98408fc-2409-44e2-9a00-ffdd3a868671,1,2021-01-06T13:11:37+00:00,실행해서 열기하면 계속 중단되고 안되네요ㅜ.ㅜ,3,3.8.0,2026-08-05,https://play.google.com/store/apps/details?hl=ko&id=com.frientrip.frip
6242f076-0074-4dcd-97e6-c99d1821f508,3,2021-01-01T13:23:11+00:00,vod 강의를 구매했는데 영상을 어디서 보면 되는지 방법이 안나와있네요. 이용내역을 쳐도 사용가능만 되있고 도저히 찾아봐도 못찾아서 남김니다.,1,3.8.0,2026-08-05,https://play.google.com/store/apps/details?hl=ko&id=com.frientrip.frip
4d2599c9-157e-469b-99e2-b5aefbf0de3a,1,2020-12-30T17:35:25+00:00,최근 업데이트 이후 어플리케이션을 실행해도 열리지 않고 계속 중단이 됩니다.,12,3.8.0,2026-08-05,https://play.google.com/store/apps/details?hl=ko&id=com.frientrip.frip
0795c6b4-5d92-4604-a5a9-e864449b0eb9,5,2020-12-30T00:52:59+00:00,다양한 서비스를 즐길 수있는 기회를 제공해줘서 너무 좋아요,2,3.7.0,2026-08-05,https://play.google.com/store/apps/details?hl=ko&id=com.frientrip.frip
f0630c2d-bc1f-4211-8b46-7585fe44af82,5,2020-12-29T12:17:05+00:00,재밌어요 ㅎ,0,3.7.0,2026-08-05,https://play.google.com/store/apps/details?hl=ko&id=com.frientrip.frip
1e759ed5-f4fc-47c0-8c57-51bb5eb22b63,5,2020-12-28T09:15:25+00:00,구굿,0,3.7.0,2026-08-05,https://play.google.com/store/apps/details?hl=ko&id=com.frientrip.frip
cec926e0-6c52-4c03-b2ef-c5b0c3025da2,1,2020-12-28T08:56:10+00:00,계속 타임아웃에 인터넷 재시도...인내심테스트인가ㅡㅡ,1,3.7.0,2026-08-05,https://play.google.com/store/apps/details?hl=ko&id=com.frientrip.frip
