review_id,rating,review_date_utc,review_text,review_title,app_version,collected_date,source_sort,source_page,source_url
14384601240,2,2026-08-03T23:22:48+00:00,특정 모임 알림껐는데 왜자꾸 알림뜨나요 진짜 열받네,알림설정 왜이래요,4.3.0,2026-08-05,mostrecent,1,https://apps.apple.com/kr/app/id582910479
14376867519,5,2026-08-02T01:50:30+00:00,다들 넘 좋으시고 음악도 최고 입니다~^^,좋은분들 만나 넘 행복했습니다~^^,4.3.0,2026-08-05,mostrecent,1,https://apps.apple.com/kr/app/id582910479
14350407535,3,2026-07-26T13:46:00+00:00,12미니 쓰는데 이미지가 안올라가네요 개선 부탁드려요,이미지 업로드가 안됩니다..,4.2.9,2026-08-05,mostrecent,1,https://apps.apple.com/kr/app/id582910479
14348455240,5,2026-07-26T01:06:46+00:00,"유사 어플 문토만 사용해보다가 너무 일회적이고 이상한? 사람들만 많아서 삭제했다가 우연히 이걸 다운로드 받았는데, 온라인으로 사람 만나도 정말 좋은 사람들을 만날 수가 있다는걸 처음 느꼈어요. 지금처럼만 유저 관리가 된다면 오래오래 사용하고 싶은 앱입니다!",처음 써보는 데 왜 이제 알았을까요,4.2.9,2026-08-05,mostrecent,1,https://apps.apple.com/kr/app/id582910479
14332157334,1,2026-07-21T23:14:51+00:00,"프리미엄 모임 이용권 결제 안 하면 리더가 게시글도 못 씀 
모임에 대해 아무것도 못 한다고 생각하면 됨",.:,4.2.8,2026-08-05,mostrecent,1,https://apps.apple.com/kr/app/id582910479
14324978035,5,2026-07-20T04:37:42+00:00,"잘 쓰고 있습니다. 그런데 정모채팅방에서 “서버연결에 문제가 있습니다.”라는 메세지가 뜨면서 메시지가 전송되지 않습니다. 어플을 삭제하고 재설치해도 동일한 문제가 발생합니다

지금 최신 버전이고 아이폰미니13을 사용중입니다",오류개선요청,4.2.8,2026-08-05,mostrecent,1,https://apps.apple.com/kr/app/id582910479
14236172644,5,2026-06-28T09:27:47+00:00,"안녕하세요
소모임에서 활동중인 회원입니다.
개인적으로 소모임 어플리케이션을 굉장히 긍정적으로 생각하고 있고 계속 발전하고 영구적으로 존재했으면 좋겠다고 생각하는 한사람으로서 건의 드리고 싶은게있어 이렇게 리뷰까지 쓰게되었습니다

“소모임 내 괴롭힘 ” 관련해서 회사측에서 기술적으로 제제를 할수있는 부분들을 구체적으로 만들어주셨으면 합니다.
많게는 몇백명이 한곳에 모여서 활동하는 대형모임인만큼
개개인의 성격도 환경도 다르다는 건 이해하는 부분이지만 

모임장,운영진이 본인의 권한을 빌미로 또는 일부회원이
소모임 내 댓글이나 채팅을 기능을 통해 특정회원에게 인신공격을 서슴치 않고 있는 상황이 벌어지고 있습니다. 

온라인을 통해 인신공격하는 것은 추후 피해자에게 엄청난 정신적 피해와 심하게는 자살까지도 이어질수 있다고 봅니다.
실제로 그런 사례들이 심심치않게 뉴스기사로도 접할수 있고 
소모임측에서 이런부분들을 점점 모임이 커지는 만큼 심각하게 고민을 해보셨으면 하고 ”특정댓글이나 특정채팅글을 회사에 다이렉트로 피해자가 신고할수 있는 창구를 기술적으로만들어주셨으면합니다. 
저는 소모임을 자주 이용하는 회원으로써 이모임이 긍정적인 방향으로 발전할수 있기를 너무 바라고 있고 이용하는 사람들도 즐겁고 건전하게 이용했으면 좋겠습니다.

답변을 기다리겠습니다.
긴글읽어주셔서 감사합니다.",소모임 내 괴롭힘관련 건의사항,4.2.4,2026-08-05,mostrecent,1,https://apps.apple.com/kr/app/id582910479
14215217030,1,2026-06-23T03:02:48+00:00,돈만주면 모임 아무거나만들어서 사람들한테 막말하고 상습강퇴하는 웃긴 시스템임,모임운영자의 강퇴권 오남용,4.2.3,2026-08-05,mostrecent,1,https://apps.apple.com/kr/app/id582910479
14198904913,5,2026-06-18T21:39:47+00:00,아주 좋습니다~~,편안 즐길수 있는 …,4.2.3,2026-08-05,mostrecent,1,https://apps.apple.com/kr/app/id582910479
14196280354,1,2026-06-18T06:30:03+00:00,이거쓰다가 뭐 전부 유료라서 광고보고 모이다 앱 다운받았는데 훨씬 좋아서 갈아탑니다 ㅂㅂ,모임앱 갈아탑니다,4.2.3,2026-08-05,mostrecent,1,https://apps.apple.com/kr/app/id582910479
14161899445,2,2026-06-09T11:51:20+00:00,앱 사진 허용을 추적과 함께 처음에 띄우면 안되나요? 설정에 직접 들어가서 일일이 켜야하는 점이 피곤하네요,앱 사진허용,4.2.3,2026-08-05,mostrecent,1,https://apps.apple.com/kr/app/id582910479
14157852912,5,2026-06-08T10:35:11+00:00,인증번호가 안오는데 어떻게 가입을해요?,인증번호가 안와요,4.2.3,2026-08-05,mostrecent,1,https://apps.apple.com/kr/app/id582910479
14157838980,1,2026-06-08T10:29:31+00:00,인증문자가 안옵니다 가입을할수가 없어요,가입불가,4.2.3,2026-08-05,mostrecent,1,https://apps.apple.com/kr/app/id582910479
14157216028,5,2026-06-08T05:37:28+00:00,사람 만나고 행복해짐,좋어요,4.2.3,2026-08-05,mostrecent,1,https://apps.apple.com/kr/app/id582910479
14130637301,2,2026-06-01T10:15:06+00:00,게시판 지저분해보이고 대체 왜 만든 기능인지 모르겠음 정모 전에 글 삭제도 안되고 대체 왜 만든거임,모임후기 자동 작성되는것 좀 없애주세요,4.2.2,2026-08-05,mostrecent,1,https://apps.apple.com/kr/app/id582910479
14114697888,5,2026-05-28T07:33:46+00:00,"소모임 추억의 어플 소모임!! 

예전에 삭제했다가 운동을 다시 시작하게 되어 어플을 다시 깔았는데요, 
이전 계정이 탈퇴처리되어 새로 가입되는 플로우더라고요ㅠ…

예전에 작성한 글들과 모임 운영 등 아쉬운 추억들이 많아 메일로 계정 복구 요청을 드렸더니 바로 대응해주셨습니다. 

덕분에 계정도 찾고! 추억도 찾고! 빠른 대처 너무 감사합니다 :-)",신속한 대응으로 계정 복구 성공,4.2.1,2026-08-05,mostrecent,1,https://apps.apple.com/kr/app/id582910479
14102860893,1,2026-05-25T02:54:51+00:00,"관심모임 알림은 필요하지도 않은데 왜 오는 것이며 끄지도 못하게 하고 
채팅 기능도 없애고
점점 불편해지고 있네요.",관심 모임 알람은 왜 오는거죠?,4.2.0,2026-08-05,mostrecent,1,https://apps.apple.com/kr/app/id582910479
14083996089,1,2026-05-20T01:30:07+00:00,"그래서 알림 아예 꺼버림. 더 많은 참여를 유도한것 같은데, 기존 모임도 참여
안하게 될거 같음",쓸데없는 알림이 많이 뜨는데 알람설정 불가함,4.1.9,2026-08-05,mostrecent,1,https://apps.apple.com/kr/app/id582910479
14061651172,5,2026-05-14T00:05:34+00:00,"좋아요 유용합니다 
다만 게시글 알림 설정에 가입인사는 알림 안오도록 하고싶어요 그부분이  좀 아쉽네요 업데이트 부탁드려여",게시글 알람 설정 가입인사 알림제외 부탁합니다,4.1.8,2026-08-05,mostrecent,1,https://apps.apple.com/kr/app/id582910479
14049125507,3,2026-05-10T14:14:57+00:00,삭제좀 되게 해주세요 정모와 연결된 계시글은 직접 삭제할수 없다고 하네요,모임후기 정모글,4.1.7,2026-08-05,mostrecent,1,https://apps.apple.com/kr/app/id582910479
14038070020,2,2026-05-07T13:42:48+00:00,"게시판 분류탭을 모임장이 커스텀할 수 있게 해주었으면 좋겠습니다. 모임마다 게시판을 활용하는 용도가 다른데 분류가 고정되어 있어서 불편하네요.

모임 일정을 날짜, 시간 순서로 한눈에 쉽게 확인할 수 있는 캘린더기능이 있으면 좋겠습니다. 소모임 이용자 특성 상 한 모임 안에서 정기모임만 하는게 아니라 여러 종류의 모임이 있을 수 있는데 매번 날짜랑 시간이 햇갈려요.

결국엔 소모임 앱 내에서 해결하지 못하고 소모임앱은 사람모집용으로만 쓰고 정작 중요한 소통은 카톡으로 하고, 모임 일정 정리는 다른 앱들을 활용하면서 스크린샷을 찍어 카톡으로 공유하는 상황이 됩니다. 제가 경험했던 모임 뿐만 아니라 대부분 모임이 그럴거예요.
(실제 모임 공지를 보면 대부분 카톡방 참여를 필수로 하고있음. 심지어 소모임 앱에는 모임 소개만 있고 다른 게시글이나 정모는 올라오지 않고 카톡으로만 모임을 운영하는 곳도 많음.)

정기 모임 뿐만 아니라 다양한 모임들을 한눈에 보기쉽게 정리하고 모임사람들끼리 공유할 수 있는 기능이 필요합니다.

소모임을 몇년째 사용하고 있지만 기능적으로 개선되거나, 편리한 기능이 추가된 적은 본 적 없는 것 같네요.

제가 느끼기엔 개발자들이 실제 이용자가 소모임을 어떻게 활용하는지 잘 파악하지 못한다는 생각이 듭니다. 여러 모임들을 둘러보고 기능개선, 개발이 필요하다고 생각합니다.
적극적인 패치 기대합니다.",불편한점이 많아요,4.1.5,2026-08-05,mostrecent,1,https://apps.apple.com/kr/app/id582910479
14020469338,2,2026-05-02T15:24:53+00:00,대문에 만들어놓은 정모가 안보여서 이용자 불편이 큽니다. 더보기도 안보이고 업데이트 했는데도 그대로입니다.,정모가 자꾸 안보여요,4.1.4,2026-08-05,mostrecent,1,https://apps.apple.com/kr/app/id582910479
14018134149,4,2026-05-01T23:47:27+00:00,방새로개설하는사람들을위한 작은 채팅방이 있었는데 이제소통이 안되네요?,채팅방소통문제,4.1.4,2026-08-05,mostrecent,1,https://apps.apple.com/kr/app/id582910479
13994002589,1,2026-04-25T03:05:00+00:00,모임 속 모임 채팅 기능을 살려주세요 댓글로 하는거 너무 별로에요!!!!,우우 채팅기능을 돌려내라,4.1.2,2026-08-05,mostrecent,1,https://apps.apple.com/kr/app/id582910479
13990175395,5,2026-04-23T23:56:36+00:00,🫶🫶,시박해보려구엿,4.1.1,2026-08-05,mostrecent,1,https://apps.apple.com/kr/app/id582910479
13984710567,2,2026-04-22T11:08:33+00:00,정모채팅방 없애는바람에 정모얘기를 단체 챗에서 해야하니 너무 불편하네요!!!!!!,정모채팅방 다시 돌려줘요,4.1.1,2026-08-05,mostrecent,1,https://apps.apple.com/kr/app/id582910479
13976289194,5,2026-04-19T22:28:51+00:00,건전한 모임활동 하기 좋네요,소모임,4.1.0,2026-08-05,mostrecent,1,https://apps.apple.com/kr/app/id582910479
13966672210,1,2026-04-17T08:54:26+00:00,Ios 최심버진임,채팅알림꺼도 왜 자꾸 뜨나요,4.0.9,2026-08-05,mostrecent,1,https://apps.apple.com/kr/app/id582910479
13966260187,1,2026-04-17T05:19:59+00:00,"정모 채팅 없어진거 너무 불편해요ㅜㅜ 
게시판으로 연결되는데 게시판에서 대화하는거도 불편하고... 게시판 작성자가 정모 참여자가 아니라면 댓글 알람 계속 오고... 너무 불편합니다 
정모 채팅 다시 돌려주세요!!",정모 채팅 다시 돌려주세요,4.0.9,2026-08-05,mostrecent,1,https://apps.apple.com/kr/app/id582910479
13959805257,1,2026-04-15T09:12:30+00:00,정모 채팅방 다시 만드시오.,정모 채팅방,4.0.8,2026-08-05,mostrecent,1,https://apps.apple.com/kr/app/id582910479
13958362243,5,2026-04-14T21:30:55+00:00,다같이 모여 집중하는 시간이 주는 선물 같았습니다 끝나고 샹그리아 한잔에 수다도 너무 좋았어요,유익했어요 !,4.0.8,2026-08-05,mostrecent,1,https://apps.apple.com/kr/app/id582910479
13948476973,5,2026-04-12T01:48:53+00:00,잘 구독하고 잘쓰고 있습니다! 리뷰 잘 안쓰는데 정모 만들면 채팅방이 개설되는데 그게 없어져서 매번 모임원들 1대1메시지로 하나하나 보내고 있어요.. 너무 불편해요..,잘쓰고 있는데 이번 업데이트는..좀..,4.0.8,2026-08-05,mostrecent,1,https://apps.apple.com/kr/app/id582910479
13944235901,1,2026-04-10T21:41:59+00:00,"소모임 초대 알림이 끝도 없이 오는데 끌 수 있는 기능도 없고 너무 스트레스 받아서 탈퇴합니다

고객센터, 서비스개선 메일 문의 아무리 해봤자 딱 한 번 그런 기능 없다고만 답변해주고, 그 뒤로는 아예 읽씹해버립니다

초대를 싹다 없애달라는 것도 아니고,
필요한 사람만 알림 받을 수 있게 그냥 알림끄기 기능 하나만 만들어달라는 건데 그게 그렇게 어렵나요..?

진짜 이해할 수 없는 운영방식에 이해할 수 없는 대응이네요
다시는 쓸 일 없을 것 같습니다",소비자랑 기싸움하는 앱,4.0.8,2026-08-05,mostrecent,1,https://apps.apple.com/kr/app/id582910479
13942753134,1,2026-04-10T13:06:15+00:00,"1년으로 업데이트 시켜는데 1년 금액이랑 1달금액이랑 동시사용중 1달치 환불바람
또 이제 어플들어갈때마다 프리미엄 모임선택 창뜨거든요 고쳐주세요 아에 하기가 싫어버리네 고객센터 번호있나요?",버그 및 결제 취소요,4.0.8,2026-08-05,mostrecent,1,https://apps.apple.com/kr/app/id582910479
13938309590,1,2026-04-09T06:46:38+00:00,어이없는 이유로 강퇴당한 곳에 디엠 넣는 기능 좀 넣어 주셨으면..? ”아무래도 카페가 좋을듯(논알콜)“ 이란 곳 그냥 들어가지 마세요 ㅡㅡ 늦은 시간에 가입할 수 밖에 없는 사람들을 차별하는 인성 잘 봤습니다^^,“아무래도 카페가 좋을듯 (논알콜)”,4.0.8,2026-08-05,mostrecent,1,https://apps.apple.com/kr/app/id582910479
13937905333,1,2026-04-09T03:19:47+00:00,왜 멀쩡히 잘쓰고 있는 정모 채팅방 기능을 없애나요? 돈주고 모임만들어서 쓰는데 좋은 기능을 추가하는것도 아니라 없애버리는건 무슨경우인지 모르겠네요… 그리고 정모 전용 게시글은 진짜 쓸데없는 기능이고 사용하고 싶지도 않은데 왜 강제로 써야하나요?? 기능을 만들었으면 on/off가 되게 하던가 삭제라도 할 수 있게 해줘야죠…. 그냥 이전 버전으로 롤백해주세요 빨리,다시 롤백해주세요,4.0.8,2026-08-05,mostrecent,1,https://apps.apple.com/kr/app/id582910479
13934835730,1,2026-04-08T07:20:52+00:00,불편해 죽겠어요 진짜로,정기모임채팅 왜 없애요 ?,4.0.8,2026-08-05,mostrecent,1,https://apps.apple.com/kr/app/id582910479
13928035077,1,2026-04-06T09:09:45+00:00,"3년차 동호회 운영 중인데, 어떻게 업데이트가 점점 더 불편해 지나요…
정모 챗방 없어져서 모임 챗방 터집니다.

정모 슬롯은 왜 바꿔서 4개밖에 못올리는 정모를 더보기 까지 눌러가며 봐야 할까요?

사진첩 화질도 별로고 영상도 못올리고
유료 앱인데 편리하게 개선좀 해주세요",점점 불편,4.0.8,2026-08-05,mostrecent,1,https://apps.apple.com/kr/app/id582910479
13927648928,1,2026-04-06T05:59:51+00:00,160명 모임 운영하는데 너무 불편해요. 누가 언제오는지 소통해야되는데 댓글 형식은 스크롤 내려야하는 것도 불편하고  실시간으로 소통이 안돼서 참여율도 떨어지는 것같아요; 잘 쓰고있었는데 이번 업데이트는 정말 아닌 것같네요.,채팅 기능 돌려주세요...,4.0.8,2026-08-05,mostrecent,1,https://apps.apple.com/kr/app/id582910479
13920449104,1,2026-04-04T05:42:53+00:00,정기모임 채팅 기능이 오ㅑ 사라졌는지 이해 안가요. 너무 불편해요 다시 설치해주세요,정기모임 채팅 없어짐,4.0.8,2026-08-05,mostrecent,1,https://apps.apple.com/kr/app/id582910479
13920118443,2,2026-04-04T03:11:27+00:00,"인터페이스가 너무 조잡하고 어려움
내가 속한 모임이 어디에 있는지 찾기 아렵고 모임에 들어가면 자동으로 채팅방부터 들어가져서 모임 내 파티 현황 찾기 어려움

너무 복잡하고 장보가 많은데 그게 다 조잡하게 연결되어 있어 처음 이용하면 힘듬",인터패이스 진짜 사용하기 힘들게 디자인했네,4.0.8,2026-08-05,mostrecent,1,https://apps.apple.com/kr/app/id582910479
13914298613,1,2026-04-02T13:40:14+00:00,이번 패치로 모임 일정 모이기로 한 사람들끼리 나누는 채팅이 사라졌네요. 그렇다고 오픈카톡 같은 링크로 연결해두기 쉽게 바꿔주신 것도 아니어서 불편함이 배로 증가하였습니다. 소모임앱 내에서 소통이 이루어지지 않는다면 굳이 이 앱을 쓸 이유를 못 찾겠습니다,모임 일정 채팅이 사라져서 너무 불편해요,4.0.7,2026-08-05,mostrecent,1,https://apps.apple.com/kr/app/id582910479
13913463483,1,2026-04-02T08:11:18+00:00,이거 맙소사 너무 불편합니다,업뎃 이후 정모 채팅 없어짐,4.0.7,2026-08-05,mostrecent,1,https://apps.apple.com/kr/app/id582910479
13910064344,1,2026-04-01T10:06:32+00:00,사진등록 안하면 가입안되네 진작에 공지해두지,거지같다,4.0.7,2026-08-05,mostrecent,1,https://apps.apple.com/kr/app/id582910479
13909735471,5,2026-04-01T07:33:12+00:00,우리동네 모임 취미별로 쉽게 찾을 수 있어 좋네요,이런 모임 앱 신박하네요,4.0.7,2026-08-05,mostrecent,1,https://apps.apple.com/kr/app/id582910479
13905698959,1,2026-03-31T04:15:57+00:00,왜 벙방 톡방을 사라짐?? 누구 아이디어인지 제발 짤려라 그걸 승인한놈도 짤려라 머리가 나쁜걸 티내냐,머하는짓인지,4.0.7,2026-08-05,mostrecent,1,https://apps.apple.com/kr/app/id582910479
13903538300,1,2026-03-30T14:09:17+00:00,그거 빼고서는 쓸만한 기능도 없으면서 그걸 왜빼는데요ㅡㅡ 이상한 게시글 생기게나 하고 진짜 개빡친다 그거 게시글 아이디어 도대체 누구냐... 삭제라도 되게하던가ㅡㅡ,좋게말할때 모임별 채팅기능 내놓으슈,4.0.7,2026-08-05,mostrecent,1,https://apps.apple.com/kr/app/id582910479
13902442278,1,2026-03-30T06:23:13+00:00,"벙 만들 때 쓸떼없이 게시글은 왜 써지는건지... 정말 굳이인 기능이네요.. 개인적으로 이해가 안되는 부분입니다 차라리 아래 기능들이나 추가해주세요
1. 모임 날짜 시간 변경 제발!!!! ㅠㅠ 한 번 수정할 때마다 지우고 다시 만드는거 번거로워요
2. 참석자 중에 벙주 선택 기능 => 실제 모임 진행하면서 참석 가능 여부를 벙주에게 허락받기 위해 벙주가 누구냐고 묻는 경우가 많습니다 누구인지 묻지 않기 위해 프로필 선택하기 기능이 있으면 좋겟어요 아님 입력칸을 따로 만들던가요ㅠ",거의 7년째 이용하는 유저로써 앱 업데이트 수준이 이 정도밖에 안되는게 정말 답답하네요,4.0.7,2026-08-05,mostrecent,1,https://apps.apple.com/kr/app/id582910479
13900107254,1,2026-03-29T14:39:56+00:00,특별히 좋은 기능도 없는데 프리미엄 붙여서 유튜브보다 비싼 돈 받아먹는 건 좀 아닌 것 같다 몇 년째 같은 걸로 우려먹는데 양심도 없나,나도 모임 운영하지만,4.0.7,2026-08-05,mostrecent,1,https://apps.apple.com/kr/app/id582910479
13899366286,5,2026-03-29T10:17:23+00:00,아니면 삭제바로 되게해주세요 보기 개불편하고 거슬리고 정모삭제해야 삭제된다는데 해당 정모 날짜 지나서 없어졌는데 어케 삭제하라는 거임,모임후기 생기는 거 없애주세요,4.0.7,2026-08-05,mostrecent,1,https://apps.apple.com/kr/app/id582910479
13895361718,1,2026-03-28T07:49:38+00:00,방별 챗기능 왜 없앴어 이 멍충이들아!!!!!!!! 번개모임 내 챗기능 왜 없애가지고 이렇게 힘들게 만들어????? 빨리 돌려놔,방별 챗기능 왜 없앴어????,4.0.7,2026-08-05,mostrecent,2,https://apps.apple.com/kr/app/id582910479
13887380116,1,2026-03-26T01:40:33+00:00,정모 개설 시 게시판 글 작성되고 삭제도 안되는거 원복해주세요. 진짜 쓰잘데기 없는 거 좀 하지마요. 채팅에 아직도 동영상도 안되는데 그런거나 업데이트 해봐요,이번에 업데이트한거 원복해주세요,4.0.7,2026-08-05,mostrecent,2,https://apps.apple.com/kr/app/id582910479
13878272460,2,2026-03-23T12:02:24+00:00,해지하고싶습니다 알려주세요,프리미엄 이용권 해지,4.0.6,2026-08-05,mostrecent,2,https://apps.apple.com/kr/app/id582910479
13854130166,5,2026-03-16T13:01:54+00:00,모임장분들이 활발하시고 모임 가짓수가 많아서 좋네요~,모임 퀄리티가 좋아요,4.0.6,2026-08-05,mostrecent,2,https://apps.apple.com/kr/app/id582910479
13844203263,1,2026-03-13T16:39:53+00:00,"구독을 해서 얻는 기능이, 다른 어플들에선 기본 제공 기능임. 
내 모임 비공개-> 그냥 공개여부 컬럼 하나 만들어서 딸깍만 하면됨.
이미지 확대 -> 이건 뭔 씹 ㅋㅋ
그룹 10개? -> 이것도 db 딸깍

하나같이 db딸깍만 하면 쉽게 제공되는 기능을 유료화하는게 너무 짜침 ㅋㅋ
돈이 그렇게 없으면 마케팅을 잘하든, 좋은 기능으로 유저를 모으고 광고를 받던지. 어플만 활성화되면 광고 여기저기서 받기 ㅈㄴ쉽겠구만. 그런 거 하기 싫어서 사용자 불편하게 하고, 돈 받아먹는 구조라 너무 짜침",별거 아닌 기능을 유료화하는게 ㅈㄴ짜침 ㅋㅋ,4.0.6,2026-08-05,mostrecent,2,https://apps.apple.com/kr/app/id582910479
13839479005,1,2026-03-12T08:03:36+00:00,이거 가입이 안돼요,.,4.0.6,2026-08-05,mostrecent,2,https://apps.apple.com/kr/app/id582910479
13839112978,1,2026-03-12T04:33:39+00:00,Smi209라고 관심사설정이 안되서 사용 못하네요 ㅡㅡ,관심사선택힌때 에러납니다,4.0.6,2026-08-05,mostrecent,2,https://apps.apple.com/kr/app/id582910479
13839017790,1,2026-03-12T03:43:04+00:00,"지금도 앱이 안됩니다! 유료로 이용하는데 이정도로 잦은 오류가 발생하면 좀 너무한거 아닌가요,,",오류가 너무 잦아요,4.0.6,2026-08-05,mostrecent,2,https://apps.apple.com/kr/app/id582910479
13838905657,1,2026-03-12T02:48:30+00:00,랙도 엄청 걸림,오류가 많음,4.0.6,2026-08-05,mostrecent,2,https://apps.apple.com/kr/app/id582910479
13838866251,2,2026-03-12T02:30:27+00:00,"이모티콘이 그대로에요~ 그나마 요즘은 그 이모티콘도 뜨질 안네요. 제발 어플에 투자좀 하고 업그레이드좀 하셨으면 합니다. 모임이 정체되니 소모임 이탈이 많아 회원 유입도 적고 다 다른 취미 어플로 갈아타네요. 오래 해서 이곳에 자료나 사진이 많지만 저도 다른 어플로 갈아타야되나 심각하게 고민입니다!! 일단, 이모티콘 오류라도 해결해주세요~",8년 넘게 모임 운영중인데…,4.0.6,2026-08-05,mostrecent,2,https://apps.apple.com/kr/app/id582910479
13838839810,3,2026-03-12T02:18:39+00:00,계속 서버 오류가 있다고 뜨네여 ㅠ,오류…,4.0.6,2026-08-05,mostrecent,2,https://apps.apple.com/kr/app/id582910479
13838831416,1,2026-03-12T02:15:00+00:00,계속 로딩뜨고 안 되는데 좀 고쳐라 스트레스 엄청 받네,어플 관리 개판,4.0.6,2026-08-05,mostrecent,2,https://apps.apple.com/kr/app/id582910479
13838825521,1,2026-03-12T02:12:22+00:00,지금 회원 내보내기부터 렉걸리는상황입니다 개선빨리부탁드립니다,렉,4.0.6,2026-08-05,mostrecent,2,https://apps.apple.com/kr/app/id582910479
13838757222,1,2026-03-12T01:42:35+00:00,왜이려죠 로딩만 되는데,어플이 안되요,4.0.6,2026-08-05,mostrecent,2,https://apps.apple.com/kr/app/id582910479
13838673436,1,2026-03-12T01:06:55+00:00,계속 서버연결 오류라는 알림뜹니다,서버연결,4.0.6,2026-08-05,mostrecent,2,https://apps.apple.com/kr/app/id582910479
13838182447,5,2026-03-11T21:38:11+00:00,어플서버장애로 접속이안되요 빠른 조치 부탁드립니다,어플서버장애,4.0.6,2026-08-05,mostrecent,2,https://apps.apple.com/kr/app/id582910479
13835731059,5,2026-03-11T04:37:33+00:00,독소나 친목으로 소모임찾고있었는데 여기 다있네요! 맨날 인터넷에서 찾다가 좋은 어플을 만났습니다!,다양한소모임이 많아요,4.0.6,2026-08-05,mostrecent,2,https://apps.apple.com/kr/app/id582910479
13827282995,1,2026-03-08T16:20:56+00:00,부탁드려요,프리미엄 이용권 구독 취소,4.0.6,2026-08-05,mostrecent,2,https://apps.apple.com/kr/app/id582910479
13811541092,4,2026-03-04T02:23:29+00:00,모임숨기기 기능하나만 만들어주시면 좋겠어요 전에 들어갔던 모임을 보고싶지않아서 숨기기 기능하나만 추가해주시면 감사하겠습니다!,좋아요,4.0.5,2026-08-05,mostrecent,2,https://apps.apple.com/kr/app/id582910479
13794172125,5,2026-02-27T08:10:55+00:00,망하지마세요,n년째 쓰는 중,4.0.4,2026-08-05,mostrecent,2,https://apps.apple.com/kr/app/id582910479
13691467324,5,2026-01-30T02:43:33+00:00,뭐 아직까지는 별 문제 없으니 5점입니다,5점,3.9.9,2026-08-05,mostrecent,2,https://apps.apple.com/kr/app/id582910479
13665044216,2,2026-01-23T03:05:33+00:00,다크테마 지원 문의를 6년전부타 해도 안하네요. 돈되는 결제는 추가 하면서요. 기본적인 다크테마 하나 지원안할정도로 엉망이네요.,몇년째 다크테마 하나 지원 안하네요,3.9.9,2026-08-05,mostrecent,2,https://apps.apple.com/kr/app/id582910479
13639210973,1,2026-01-16T08:26:12+00:00,"초대 알림이라도 끄게 해주세요
정신 나갈 것 같아요
자꾸 알림 와서 들어가보면 그냥 일반 초대 알림이고
진짜 제발좀",제발 초대좀,3.9.8,2026-08-05,mostrecent,2,https://apps.apple.com/kr/app/id582910479
13635385101,3,2026-01-15T07:36:14+00:00,폰 바꾸느라 앱 설치가 안되잇는데 설치 된거로 떠요ㅠㅠ 우째야하나요,난감,3.9.7,2026-08-05,mostrecent,2,https://apps.apple.com/kr/app/id582910479
13626795095,5,2026-01-12T23:11:50+00:00,👍🏻,👍🏻,3.9.7,2026-08-05,mostrecent,2,https://apps.apple.com/kr/app/id582910479
13624467851,5,2026-01-12T09:31:58+00:00,괜찮은 안정적인 어플이에용,좋아요,3.9.7,2026-08-05,mostrecent,2,https://apps.apple.com/kr/app/id582910479
13613655953,4,2026-01-09T15:30:47+00:00,"광고 끼벼넣을 자리 있으면 모임 갯수좀 늘려주세요… 월 15000원이면 꽤 비싼데 왜 몇년째 이런거 하나 못해주는 겁니까?

늘리면 별5개 드림",모임 개설 갯수 제한 4개,3.9.7,2026-08-05,mostrecent,2,https://apps.apple.com/kr/app/id582910479
13603699280,5,2026-01-07T01:11:30+00:00,건전한 의견나눔이있어 좋았습니다,재미있었어요,3.9.7,2026-08-05,mostrecent,2,https://apps.apple.com/kr/app/id582910479
13600667116,3,2026-01-06T07:08:12+00:00,환불 해주세요,환불 부탁드려요,3.9.7,2026-08-05,mostrecent,2,https://apps.apple.com/kr/app/id582910479
13570615672,5,2025-12-29T21:44:23+00:00,최고,최고,3.9.7,2026-08-05,mostrecent,2,https://apps.apple.com/kr/app/id582910479
13566944070,1,2025-12-29T00:12:48+00:00,"아니 문의를 해도 답을안해주는 고객센터가 어디있나요?
그리고 모임 결제해서 사용하는데 맴버들이 활동 잘 안한다고 모임 안나오게 해버리고 복구법 문의하려고 메일보내도 답을 안해주고 해결법을 알려주세요",고객센터 없는듯,3.9.7,2026-08-05,mostrecent,2,https://apps.apple.com/kr/app/id582910479
13525769885,5,2025-12-18T00:36:06+00:00,좋습니다.,잘 만들어진 듯,3.9.6,2026-08-05,mostrecent,2,https://apps.apple.com/kr/app/id582910479
13523009924,1,2025-12-17T07:27:05+00:00,"파워유저는 프로필에 가입모임 비공개 기능있다는데, 프로필에 모임 다보이네요.
돈만 날림
그리고 해당내용 고색센터에 문의하려니깐 문의도 안됨.. ㄷㄷㄷ",돈주고 유료회원 까지 했는데 쓰레기,3.9.6,2026-08-05,mostrecent,2,https://apps.apple.com/kr/app/id582910479
13518784348,5,2025-12-16T02:49:48+00:00,굳,굳,3.9.6,2026-08-05,mostrecent,2,https://apps.apple.com/kr/app/id582910479
13488288724,5,2025-12-08T01:24:17+00:00,"실수로 어플을 지웠다가 다시 깔았는데, 휴대폰 인증하더니, 기존 계정이 사라져있어요. 기존 계정으로 로그인 어떻게 하나요?","안녕하세요, 문제해결해주세요",3.9.5,2026-08-05,mostrecent,2,https://apps.apple.com/kr/app/id582910479
13479659036,1,2025-12-05T23:08:13+00:00,프리미엄비를 받고 왜 정기모임에 갑자기 광고를 집어넣는건지? 빨리 삭제요망,광고삽입극혐,3.9.5,2026-08-05,mostrecent,2,https://apps.apple.com/kr/app/id582910479
13472157151,5,2025-12-03T23:46:23+00:00,"정원 초과시 줄서기 기능이 있으면 좋겠어요
ㅈ",모임 정원 초과시 줄서기 기능도 있으면 좋겠어요,3.9.5,2026-08-05,mostrecent,2,https://apps.apple.com/kr/app/id582910479
13469290822,2,2025-12-03T06:22:17+00:00,주에 20명 풀어주세요 가입 조건을 까다롭게 해야하는 특징을 가진 모임에서는 턱없이 부족합니다,강퇴인원 제한,3.9.5,2026-08-05,mostrecent,2,https://apps.apple.com/kr/app/id582910479
13450394115,3,2025-11-28T11:26:23+00:00,"모임 운영을 위해 프리미엄 월 구독하고 4일이 지났는데, 모임이 노출되지 않아요. 그저 사람이 안들어오는 줄 알았는데, 지인 소모임 어플 통해 살펴봐도 제 소모임이 안뜹니다.

설정에 들어가보니 문의 방법이 이메일 뿐이어서 두번 문의 넣었는데 아무런 답변을 받은 게 없습니다. 구독 취소해도 환불 안되는 걸로 아는데 그냥 제가 한달 구독료 손해보면 되는건가요?

어플 통해 약 1년간 모임 운영 한번 했었고 새로운 모임 한번 더 해보려고 했는데 생각지 못한 어려움이 많네요. 확인 바랍니다.",문의 확인 부탁드려요,3.9.5,2026-08-05,mostrecent,2,https://apps.apple.com/kr/app/id582910479
13429306667,5,2025-11-22T20:35:19+00:00,무료하던 일상에 찾아간 자리였는데 생각보다 너무 재밌었어요ㅎㅎㅎ,재밌는 경험,3.9.5,2026-08-05,mostrecent,2,https://apps.apple.com/kr/app/id582910479
13427864109,1,2025-11-22T12:57:16+00:00,글작성에서 밑으로내려도 글이 안보야요,글작성에서 밑으러 안내려가요,3.9.5,2026-08-05,mostrecent,2,https://apps.apple.com/kr/app/id582910479
13426702487,3,2025-11-22T05:43:34+00:00,알림 일부러 끈건디 들어갈때마다 알림 켜라는 팝업...안뜨게좀 해줘요,알림일부러 껐는데,3.9.5,2026-08-05,mostrecent,2,https://apps.apple.com/kr/app/id582910479
13414857741,3,2025-11-19T00:42:04+00:00,"글쓰고 이런거 핸드폰으로 다닥다닥 너무 힘들어요
그런 의미로 별 한개 뺄게요",컴퓨터로 가능하게 업데이트 좀 해주세요.,3.9.5,2026-08-05,mostrecent,2,https://apps.apple.com/kr/app/id582910479
13396367659,3,2025-11-14T11:07:57+00:00,"모임 입장으로선 초대기능 안 쓸 수가 없는데 초대 받는 사람들은 짜증나고 귀찮을 수 있잖아요. 그냥 무시하면 좋은데, 굳이 모임 들어와서 초대 보내지말라고 무례하게 얘기하고 나가버리는 사람들도 있어서 서로 불편하네요. 그리고 모임 가입 제한 나이가 있는데 초대보낼 때 생년월일을 못 보니 그냥 무조건적으로 초대 보낼 수밖에 없어서 가입나이도 안되는데 왜 자꾸 초대보내냐고 항의하는 사람들도 많아요. 제발 이것만 개선되면 완벽한 어플이에요.",초대 거부 기능이랑 초대 보낼 때 프로필(생년월일) 정도는 볼 수 있게 좀 만들어주세요.,3.9.5,2026-08-05,mostrecent,2,https://apps.apple.com/kr/app/id582910479
13393260730,5,2025-11-13T15:21:45+00:00,지금 4개가 최대인데 6개까지는 무리더라도 5개까지라도 있었으면 좋겠어요ㅜㅜ. 다들 약속이나 계획에 차질없게 미리 공지 올려놓다보니 조금 부족하더라구요,모임벙 개수를 늘려주셨으면 좋겠어요,3.9.5,2026-08-05,mostrecent,2,https://apps.apple.com/kr/app/id582910479
13388784062,1,2025-11-12T12:53:40+00:00,왜 이 모양인거임,"초대 거절, 삭제, 차단 따위 없는 거지 같은 앱",3.9.4,2026-08-05,mostrecent,2,https://apps.apple.com/kr/app/id582910479
13366586385,5,2025-11-07T05:22:54+00:00,다양한 업계에서 모이니까 신기함 난 일반 회사원인데 음악하는 친구도 생기고.. 대학교에서 일 하는 친구도 생기고 세상엔 다양한 사람들이 참 많음,다양한 인맥 넓히기에 좋은 듯?,3.9.3,2026-08-05,mostrecent,2,https://apps.apple.com/kr/app/id582910479
13363602850,1,2025-11-06T12:14:52+00:00,모임 리뷰 기능 넣으세요 이상한 모임 많은데 알 수가 없네 게시글도 자동 삭제시키고 그리고 초대 장난아니게 와요,"이상한 모임 구별 불가, 게시글 삭제 불가",3.9.3,2026-08-05,mostrecent,2,https://apps.apple.com/kr/app/id582910479
13349761796,5,2025-11-03T04:16:09+00:00,채팅방에서 상대방이 보낸 메시지 시간이 오른쪽으로 넘어가서 글씨가 안 보입니다. 수정 요청드려요,오류 수정 요청,3.9.3,2026-08-05,mostrecent,2,https://apps.apple.com/kr/app/id582910479
13336719025,5,2025-10-31T07:04:23+00:00,고객센터 일처리도 빠르고 만족하면서 사용중입니다.,서비스 ㄱ만족,3.9.3,2026-08-05,mostrecent,2,https://apps.apple.com/kr/app/id582910479
13281415750,2,2025-10-18T08:33:45+00:00,너무잘즐기고 있습니다 근데 그놈의 초대좀 그만좀 날아오게좀 해봐요 좀 진짜 차라리 광고를 더띄워 더띄워봐야 카카오만큼 하겠냐고,하.. 그놈의 초대좀 찐짜,3.9.1,2026-08-05,mostrecent,3,https://apps.apple.com/kr/app/id582910479
13259763216,5,2025-10-13T04:42:08+00:00,다시 추가할 수 있도록 만들어주셨으면 힙니다,함께하는 모임 없어졌네요,3.9.0,2026-08-05,mostrecent,3,https://apps.apple.com/kr/app/id582910479
13253023281,5,2025-10-11T15:16:11+00:00,국,굳,3.9.0,2026-08-05,mostrecent,3,https://apps.apple.com/kr/app/id582910479
13230443437,4,2025-10-06T08:36:23+00:00,나의 소모임은 사람이 없었어용,별을 4.5주고 싶었음,3.9.0,2026-08-05,mostrecent,3,https://apps.apple.com/kr/app/id582910479
13216534664,4,2025-10-03T04:30:25+00:00,이전에 열었던 정기모임들을 확인할수있다면 좋을거같아요,소모임 개선,3.9.0,2026-08-05,mostrecent,3,https://apps.apple.com/kr/app/id582910479
13182137639,5,2025-09-25T09:18:01+00:00,소모임을 통해서 같이의 가치를 느껴보려합니다. 좋은 어플 만들어 주셔서 감사합니다.,같이의 가치,3.8.9,2026-08-05,mostrecent,3,https://apps.apple.com/kr/app/id582910479
13161506068,2,2025-09-20T14:03:51+00:00,어플 전버전이 더낫습니다 기존도 안되는거많았는데 인터페이스좀 고려해주세요,업뎃후 더별로,3.8.7,2026-08-05,mostrecent,3,https://apps.apple.com/kr/app/id582910479
13135474063,5,2025-09-14T07:14:46+00:00,굿,ㄱㄱㄱㄱㄱㄱ,3.8.5,2026-08-05,mostrecent,3,https://apps.apple.com/kr/app/id582910479
13115461897,4,2025-09-09T01:32:39+00:00,모임시간 예약올리기 기능이 있으면 좋겠어요.,모임시간 예약올리기,3.8.5,2026-08-05,mostrecent,3,https://apps.apple.com/kr/app/id582910479
13111716141,3,2025-09-08T01:21:25+00:00,"아이폰 앱내디자인바뀐듯한디,,,  잘안보여요 모임이나 벙 몇일인지도  안보이고 이상함",아이폰사용에..,3.8.5,2026-08-05,mostrecent,3,https://apps.apple.com/kr/app/id582910479
13095691795,5,2025-09-03T23:15:11+00:00,초대 알람이 계속 오는데 알람 온오프 할 수 있는 거 만들어주세요 알림 뜨는 거 귀찮아요,초대 온오프 할 수 있는 거 만들어주세요,3.8.5,2026-08-05,mostrecent,3,https://apps.apple.com/kr/app/id582910479
13079789907,5,2025-08-30T20:23:34+00:00,러닝 제대로 배웠습니다 ^^,너무 알찬 클래스,3.8.4,2026-08-05,mostrecent,3,https://apps.apple.com/kr/app/id582910479
13066004608,3,2025-08-27T10:09:14+00:00,O개의 모임에서 초대를 받았습니다. 라는 알림이 2~3일에 한번씩 꼭 뜹니다. 이거 제발 안뜨게 해주세요...,초대 알림,3.8.4,2026-08-05,mostrecent,3,https://apps.apple.com/kr/app/id582910479
13042194400,4,2025-08-21T07:04:53+00:00,"기록이 지우거나, 게시글 지워지면 댓글 기록고 지워지게는 안되나요 ,, 좀 거슬립니다",썼던 댓글,3.8.4,2026-08-05,mostrecent,3,https://apps.apple.com/kr/app/id582910479
13041638466,4,2025-08-21T02:56:57+00:00,"Hello! I like your app very much, it helps me to meet new people and do activities together! And I feel if you will add English language - it will make this app more popular for foreigners!",Please add English,3.8.4,2026-08-05,mostrecent,3,https://apps.apple.com/kr/app/id582910479
13017763251,5,2025-08-15T05:16:38+00:00,카테고리가 많고 검증되어서 조씁니다,좋이요,3.8.3,2026-08-05,mostrecent,3,https://apps.apple.com/kr/app/id582910479
13005810694,3,2025-08-12T07:04:16+00:00,소모임 운영을 안하는데 도대체 모임은 어떻게 없애고 결제취소는 어떻게 신청해야 하나요 너무 어려워요,계속 돈만 빠져나가는데 대체 어떻게 취소를 하는건가요,3.8.3,2026-08-05,mostrecent,3,https://apps.apple.com/kr/app/id582910479
13004771922,1,2025-08-11T23:58:05+00:00,불편하고 눈에도 안띄고,UX가 너무 이상함,3.8.3,2026-08-05,mostrecent,3,https://apps.apple.com/kr/app/id582910479
12979396946,5,2025-08-05T15:30:53+00:00,유쾌상쾌 싱글벙글 런런런,달빛런,3.8.2,2026-08-05,mostrecent,3,https://apps.apple.com/kr/app/id582910479
12978348361,5,2025-08-05T10:14:10+00:00,"정보수집에 왜 사용자 데이터를 수집하지 

시대가 어떤 세상인데….

이거 감수하고 사용해야 하나",다른건 다 만족하는데,3.8.3,2026-08-05,mostrecent,3,https://apps.apple.com/kr/app/id582910479
12964370968,5,2025-08-01T20:13:53+00:00,잘만 찾으면 인생 모임 가능,굿,3.8.2,2026-08-05,mostrecent,3,https://apps.apple.com/kr/app/id582910479
12916064137,5,2025-07-20T21:47:28+00:00,굿,굿,3.8.1,2026-08-05,mostrecent,3,https://apps.apple.com/kr/app/id582910479
12877260989,5,2025-07-11T01:08:16+00:00,사람냄새가 나는 모임,사람들의 모임,3.8.1,2026-08-05,mostrecent,3,https://apps.apple.com/kr/app/id582910479
12861275723,5,2025-07-07T00:48:28+00:00,굿!,굿!,3.8.1,2026-08-05,mostrecent,3,https://apps.apple.com/kr/app/id582910479
12857816989,5,2025-07-06T03:56:22+00:00,저의 실수로 어플이용에 문제가 생겨 고객센터에 문의했는데 친절하시고 신속하게 해결법을 알려주셔서 좋았습니다 요즘 퉁명스럽게 답하는 곳도 많은데 이렇게 좋은 어플도 만들어주시고 유지보수도 잘 되는 곳이라서 응원하고 싶군요 항상 감사합니다^^,친절하고 신속한 고객센터의 대응에 감사합니다,3.8.1,2026-08-05,mostrecent,3,https://apps.apple.com/kr/app/id582910479
12834557239,5,2025-06-30T10:11:49+00:00,좋아요!!,샨슐랭,3.8.1,2026-08-05,mostrecent,3,https://apps.apple.com/kr/app/id582910479
12826950602,1,2025-06-28T11:01:55+00:00,-,모임 만들려면 돈내야하네요,3.8.1,2026-08-05,mostrecent,3,https://apps.apple.com/kr/app/id582910479
12817409557,5,2025-06-26T00:05:52+00:00,늦었지만너무반가웠어요,Good,3.8.0,2026-08-05,mostrecent,3,https://apps.apple.com/kr/app/id582910479
12794935975,1,2025-06-20T03:07:18+00:00,"월42000원 결제하는데
로그아웃하고 동네설정하고 상세 관심사 눌러도 내가 만든 모임 안뜨냐고!!!!!!!!!?!? 메일 보내도 보지도 않고 사기꾼새끼들아!!!!!!!!!!!!!!",사기꾼아,3.8.0,2026-08-05,mostrecent,3,https://apps.apple.com/kr/app/id582910479
12780065511,1,2025-06-16T06:41:25+00:00,.,초대 거부 기능 없음,3.8.0,2026-08-05,mostrecent,3,https://apps.apple.com/kr/app/id582910479
12737975090,1,2025-06-05T08:52:06+00:00,가입인사를 미처 지우지 못했습니다. 확인하니 아직 그대로 남아있다고 들었는데 앱측에서 제가 쓴 가입인사 삭제 해 주실 수 있나요? 사진이랑 다 남아있어서 매우 찝찝합니다. 그리고 애저녁에 탈퇴하면 썼던 글이나 사진도 다 삭제 되어야 정상 아닌가요? 평생 저렇게 남아있다는건데..,탈퇴했는데,3.7.9,2026-08-05,mostrecent,3,https://apps.apple.com/kr/app/id582910479
12736463975,5,2025-06-04T21:50:09+00:00,"취미 맞는 사람들과 함께하니
느므 잼나여~",새로운 취미활동,3.7.9,2026-08-05,mostrecent,3,https://apps.apple.com/kr/app/id582910479
12713547422,4,2025-05-30T00:22:09+00:00,잘쓰고잇다가 아이패드로 한번 옮겻다가 다시 핸드폰으로 하려고하는데 인증햇는데도 자꾸 오류나고 다시설치하래요 ㅠㅠ,자꾸 앱을 다시 설치하래요,3.7.9,2026-08-05,mostrecent,3,https://apps.apple.com/kr/app/id582910479
12710761520,2,2025-05-29T08:20:22+00:00,"가장 큰 앱이지만 모임 내 편의기능은 너무 떨어짐. 그 흔한 모임내 출석체크 관련 기능도 없음 
운영진이 구글시트로 따로 관리해야하다니 만들어줄법도한데 너무 느리다",오래된 앱인데 ui/ux는 너무 느림,3.7.9,2026-08-05,mostrecent,3,https://apps.apple.com/kr/app/id582910479
12702234446,5,2025-05-27T00:45:14+00:00,관심사에 따라 다양한 방식으로 동네친구들을 만날 수 있고 직접 운영도 할 수 있어서 좋아요. 고객센터 응대도 빠르고 좋습니다. 다만 1년결제는 환불이 안되어서 신중하게 생각하고 하시는 게 좋을 것 같아요.,일년 넘게 이용했는데 좋아요,3.7.9,2026-08-05,mostrecent,3,https://apps.apple.com/kr/app/id582910479
12698188947,4,2025-05-25T22:47:25+00:00,아직 모임을 찾고있지만 사람들과 어울리며 나에게 맞는 취미를 찾을수 있어 좋음것같아여,모임을 찾아서 참여할수 있어 좋아요,3.7.8,2026-08-05,mostrecent,3,https://apps.apple.com/kr/app/id582910479
12679539323,1,2025-05-21T04:06:22+00:00,오류가 떠서 가입 승인이 안되고있네요 버그수정은 좀 해주세요,사진을 첨부하면 CAV 223 223 223,3.7.8,2026-08-05,mostrecent,3,https://apps.apple.com/kr/app/id582910479
12676261042,5,2025-05-20T07:26:58+00:00,모임 운영을 위해 가입 후 개설에 어러움을 겪고 있었는데 CS가 정말 빠르고 정확합니다… 모임 운영하실 분들은 소모임 앱 꼭꼭 이용하세요. 이 앱 운영진분들의 CS가 정말 전문적이고 신속해요👍🏻,모임운영해봤는데 고객지원 정말 최고입니다,3.7.8,2026-08-05,mostrecent,3,https://apps.apple.com/kr/app/id582910479
12668961202,5,2025-05-18T07:05:23+00:00,"개인사정으로 몇 달간 앱 사용을 못했는데 다시 사용할때 과정상 문제가 발생했었는데, 일요일인데도 고객센터에서 바로바로 대응을 해주시고 해결해주셨습니다! 감사합니다!",고객센터 대응 엄청 빠르고 만족,3.7.8,2026-08-05,mostrecent,3,https://apps.apple.com/kr/app/id582910479
12665650069,5,2025-05-17T10:35:56+00:00,ㅇ,ㅇ,3.7.7,2026-08-05,mostrecent,3,https://apps.apple.com/kr/app/id582910479
12630966368,3,2025-05-07T21:25:55+00:00,요즘 서버에 문제가 생겼다고 새로고침이 잘 안되고 멍통일 때가 많아요,오류,3.7.7,2026-08-05,mostrecent,3,https://apps.apple.com/kr/app/id582910479
12614639884,4,2025-05-03T13:40:37+00:00,재밌네요 좋은것같습니다,모임,3.7.7,2026-08-05,mostrecent,3,https://apps.apple.com/kr/app/id582910479
12605009121,4,2025-05-01T01:53:07+00:00,문자로 번호인증이 안되서 로그인이안되요,번호인증이 안됩니다,3.7.7,2026-08-05,mostrecent,3,https://apps.apple.com/kr/app/id582910479
12574675933,4,2025-04-22T23:17:25+00:00,좋은 어플이에여!! 다만 게시판 검색기능이 있으면 좋을 것 같아요. 글을 쓰는 모임인데 예전 글을 쉽게 찾아보고싶어요 ㅜㅠ,게시판 검색 기능,3.7.7,2026-08-05,mostrecent,3,https://apps.apple.com/kr/app/id582910479
12569809298,3,2025-04-21T16:13:57+00:00,딴건 다좋은데 한번에 올려놓을 수 있는 정모 갯수좀 늘려줘요!!!! 그리고 프사 오류잦고  참석/취소 반응 너무 느려요!!! 2년째쓰는데 불편해죽겟는데 절대개선안댐 ㅠㅠㅠㅠ 그리고 지난 정모에 누가 참석했었나 운영진들은 기록 볼수있게해주면안돼요?? 맨날 그날 캡쳐해서 남기느라 불편해요!!!!?,제발제발제발제발제발제발제발제발,3.7.7,2026-08-05,mostrecent,3,https://apps.apple.com/kr/app/id582910479
12514681559,5,2025-04-07T13:18:16+00:00,운영기간으로 보나 운영방식이 훨씬 나음.,문*보다 훨 낫다,3.7.6,2026-08-05,mostrecent,3,https://apps.apple.com/kr/app/id582910479
12509545613,5,2025-04-06T05:50:35+00:00,야구모임 찾기 좋네요 ㅎㅎ,야구모임,3.7.6,2026-08-05,mostrecent,3,https://apps.apple.com/kr/app/id582910479
12494111853,3,2025-04-02T10:52:21+00:00,4개는 너무 적소,모임 당 게시 가능한 모임 수 늘려주세요,3.7.6,2026-08-05,mostrecent,3,https://apps.apple.com/kr/app/id582910479
12493962575,1,2025-04-02T09:55:20+00:00,폰을 바꿔서 새로 까니 로그인창도 안뜨고 번호인증하고 바로 회원가입만 되네요 어쩔수없이 혹시하는 마음에 가입했더니 그냥 새계정이고 로그아웃 버튼도 안보여서 탈퇴했더니 일주일동안 아무것도 못하네요?,아이디찾기,3.7.6,2026-08-05,mostrecent,3,https://apps.apple.com/kr/app/id582910479
12492216384,4,2025-04-01T21:50:55+00:00,좋아요,좋아요,3.7.6,2026-08-05,mostrecent,3,https://apps.apple.com/kr/app/id582910479
12476294455,1,2025-03-28T23:29:44+00:00,고객센터문의해도 어떠한 답도 들을수가 없음 !!!!!앱을 정말 못만들어서 쓰는데 사용이 넘 불편해서 고객센터 문의해도 단 한번을 답을 못받았음 !!!!! 절대 일년권 결제하지마세요 !!!! 개후회중!!!! 쓰레기 어플!!!,일년 프리미엄 결제 모임장으로서 느낀점 내 돈 먹튀!!!!,3.7.5,2026-08-05,mostrecent,4,https://apps.apple.com/kr/app/id582910479
12473980739,3,2025-03-28T11:02:00+00:00,"솔직히 앱에 큰 불만 없습니다
그런데 같은 모임에서 계속 초대가 오는데 한두번도 아니고 가입했다가 탈퇴해도 오고, 강퇴도 안된다고 하고
초대를 제한적으로 할수있게 개선 해주세요",초대 제한좀 만들어주세요,3.7.5,2026-08-05,mostrecent,4,https://apps.apple.com/kr/app/id582910479
12465592819,5,2025-03-26T06:46:40+00:00,"모임 만드는 과정에서 설명이 좀 부족해 개설을 잘못 했는데 메일로 문의 하니 처리 시원시원하게 너무 잘해주심 상담 이렇게 해주시면 아주 뼈를 묻지
충성충성🫡",고객센터 대응 너무 야무짐,3.7.5,2026-08-05,mostrecent,4,https://apps.apple.com/kr/app/id582910479
12462386606,1,2025-03-25T11:36:24+00:00,순전히 모임장 마음임 가입인사로 얼굴 사진 올리라고 하더니 지 맘에 안든다고 강퇴함 내가 올린 게시글은 삭제할 수 있게 해줘야 하는거 아님??,강퇴당하면 항의도 못하는 어플,3.7.5,2026-08-05,mostrecent,4,https://apps.apple.com/kr/app/id582910479
12446163388,1,2025-03-21T11:55:42+00:00,어플 진자 개못만들었넼ㅋㅋㅋㅋ,어플 만드는데 돈 좀 써라 어휴,3.7.5,2026-08-05,mostrecent,4,https://apps.apple.com/kr/app/id582910479
12442105910,1,2025-03-20T10:38:49+00:00,"지난번에도 깔았다가 시도때도 없이 오는 저 알림 때문에 삭제했었는데, 이번에도 또 불쾌한 알림이 계속오네요.  괜찮은 모임 살펴보고 알아서 가입할텐데 알림이 좀 적당히 와야지 너무 짜증나네요.
그냥 소모임 어플 알림허용자체를 꺼버렸는데 제발 쓰잘데없는 광고성 알림 끌수잇도록 기능을 추가해주세요",가입하라는 알림 좀 안나오게 해주세요,3.7.5,2026-08-05,mostrecent,4,https://apps.apple.com/kr/app/id582910479
12399459738,5,2025-03-09T05:55:37+00:00,"정기모임이 새로 등록되면 알람이 오면 좋겠어요

정원이 금방 차서 활동을 못한까 아쉽네오ㅠㅠ",정기모임이 생기면,3.7.5,2026-08-05,mostrecent,4,https://apps.apple.com/kr/app/id582910479
12390239349,2,2025-03-06T22:20:11+00:00,소모임을 만들어주신 소모임(대표) 김** 감사드려요❤️,피아노를 정말로 사랑하는 모임,3.7.5,2026-08-05,mostrecent,4,https://apps.apple.com/kr/app/id582910479
12361723041,1,2025-02-27T16:15:50+00:00,"#본 리뷰는 공익을 위해 작성되었습니다 
ㅅㄴㅂㄹ 같은 사진앱이 회비 받고 바로 강퇴시켜도 항의도 못하게 바로 막히고… 회원 위주가 아니라 소모임들만을 위해서 운영하시는 것 같아서 실망입니다",소모임 관리 안하시나요?,3.7.5,2026-08-05,mostrecent,4,https://apps.apple.com/kr/app/id582910479
12358985032,5,2025-02-26T22:59:35+00:00,"운이좋았을지도 모르지만, 이 어플 이용해서 좋은사람들도 많이만났어요. 이제 제 평생 친구가될 사람들이요! 어른되고나서 이런 친구들은 못만들줄알았는데 소모임어플을통해서 만났네요. 남자친구도 만났구요. 
다만, 폰을바꾸고 어플을 다운받으니 회원가입을다시해야 하고 뉴비로 초기화 돼버려서 당황했습니다. 
문의드리니 소모임어플 안들어가다가 폰을바꿀시 자동탈퇴된다고 하시더라구요. 그 부분이 조금 불편했습니다. 다행히 기존가입된모임 복구 해주셨지만 가입을 새롭게 한 사람처럼 뜨더라구요. 이부분이 좀 아쉬워서 개선해주셨으면 좋겠습니다. 
여러분도 폰바꾸실일 있으시면 참고하셔서 번거로운일 없게하세요.
그래도 진짜 진짜 빠르게 답변주시고 해결해주셔서 감사했습니다!
소모임어플  짱 감사합니다.",좋은사람 많이 만났어요!,3.7.5,2026-08-05,mostrecent,4,https://apps.apple.com/kr/app/id582910479
12308024107,5,2025-02-14T00:33:30+00:00,감사합니다.,리뷰,3.7.4,2026-08-05,mostrecent,4,https://apps.apple.com/kr/app/id582910479
12277715247,3,2025-02-06T12:21:28+00:00,"현재 소모임 내 참석 경쟁률이 높아지면서 이용자들이 겪는 불편이 많아지고 있습니다. 이에 보다 원활한 모임 운영을 위해 다음과 같은 기능을 도입해 주실 것을 제안드립니다.
   1.   자동 모임 업로드 시스템
   •   현재 모임을 등록하는 주최자와 신청하는 참가자 모두 수작업으로 일정을 확인하고 신청해야 하는 번거로움이 있습니다.
   •   정해진 일정에 따라 모임이 자동으로 업로드되는 시스템이 갖춰진다면, 운영 효율성이 높아지고 신청 과정에서 발생하는 혼선을 줄일 수 있을 것입니다.
   2.   대기 신청 시스템 도입
   •   현재는 취소표가 생길 때마다 실시간으로 확인해야 하므로, 참가를 희망하는 회원들이 불편을 겪고 있습니다.
   •   대기 신청 기능이 도입되면, 신청자가 자동으로 대기 순번을 배정받고 순차적으로 자리가 배정되어 불필요한 경쟁이나 회원 간 갈등이 줄어들 것입니다.

이러한 개선이 이루어진다면, 이용자들이 더욱 편리하고 공정하게 모임에 참여할 수 있을 것으로 기대됩니다. 검토 부탁드립니다. 감사합니다.","안녕하세요, 소모임 앱 운영팀에 건의드립니다.",3.7.3,2026-08-05,mostrecent,4,https://apps.apple.com/kr/app/id582910479
12228759561,1,2025-01-25T11:38:38+00:00,"프리미엄 구독권 도대체 문의는 언제 
받아주는건가요? 15,000원 결제하고 
카테고리 상단에 뜨지도 않습니다 
답변 좀 부탁드립니다",프리미엄 구독권,3.7.3,2026-08-05,mostrecent,4,https://apps.apple.com/kr/app/id582910479
12201993391,1,2025-01-19T02:51:05+00:00,아니 프로필사진 앨범에서 선택하면 왜 아무것도 안올라감 진심 15번 시도했는데 안됨 프로필사진 안올리면 모임에도 가입못하게되어있는데 어플을 못쓰게되어있네 진심개빡치네,프로필사진이 안올라감,3.7.3,2026-08-05,mostrecent,4,https://apps.apple.com/kr/app/id582910479
12198068540,1,2025-01-18T05:21:34+00:00,"여기 고객센터 일 안합니다.
부적절한 행위 문제 발생한 모임에 대한 신고 처리되지도 않습니다.

직접 문의해서 해당 모임 문제에 대해 말해도 답변은 없고 재문의 해서야 일주일 뒤에서야 확인했다고 하고 아무런 조치도 없습니다.

쓰는사람이 피해받아도 아무런 조치안해줘요.

운영 이렇게하는데 쓰지말고 다른 어플쓰시는 편이 속 편합니다.",최악입니다. 다른 모임어플 스세요,3.7.3,2026-08-05,mostrecent,4,https://apps.apple.com/kr/app/id582910479
12196928233,5,2025-01-17T22:04:35+00:00,너무좋아요 진짜 이런어플 있는줄도 몰랐어요 너무애용합니다💕,강력추천 소모임🫶,3.7.2,2026-08-05,mostrecent,4,https://apps.apple.com/kr/app/id582910479
12190087742,5,2025-01-16T05:17:25+00:00,"소모임에서 요즘 활동하고 있습니다. 

소모임 글쓰기 안에

‘유튜브‘ 시청 가능하게 부탁드립니다.

그리고 사진크기를 조금 더 크게 나오게 해주시면 정말 감사드리겠습니다!",유튜브 가능하게 부탁드려요,3.7.3,2026-08-05,mostrecent,4,https://apps.apple.com/kr/app/id582910479
12095249241,5,2024-12-23T04:08:25+00:00,"잘 찾으면 좋은 모임이 있는 곳이라서
마음에 드는 어플입니다!",잘 찾으면 좋은 모임이 있는 곳,3.7.0,2026-08-05,mostrecent,4,https://apps.apple.com/kr/app/id582910479
12091601354,5,2024-12-22T05:43:09+00:00,취미를 혼자 하기는 그럴때 딱이네요 취미나 동호회 모임할때 찾기에도 좋고~ 동네친구들 모임을 알아보기에도 딱인거 같아요! 취미가 맞는 사람들끼리 에너지 뿜뿜,취미모임으로 딱,3.7.0,2026-08-05,mostrecent,4,https://apps.apple.com/kr/app/id582910479
12088620985,5,2024-12-21T12:07:12+00:00,"점점 나이 들면서 친구들과 떨어지게 되고, 가깝게 만날 수 있는 기회가 점점 줄어들고 있어 넘 아쉬워서 어플 가입했어요 🙂 게다가 취미까지 같은 분들끼리 모이니 더 공감대가 많고 좋은것 같아요 !",🤍 인간관계 넓히기 🤍,3.7.0,2026-08-05,mostrecent,4,https://apps.apple.com/kr/app/id582910479
12083897219,5,2024-12-20T06:33:01+00:00,"1년째 모임 운영중입니다. 회원들도 잘 모여지고 다른 비슷한 플랫폼들 중에서 상대적으로 소모임에서 오프라인 참석 비율이 꽤 높아서 오랫동안 유지가 잘 됩니다.
번창하세요.",사람 젤 많은 것 같아서 좋아요.,3.6.9,2026-08-05,mostrecent,4,https://apps.apple.com/kr/app/id582910479
12083530091,5,2024-12-20T03:34:43+00:00,앱을 통해 누군가를 만난다는게 쉽지않지만 요즘은 워낙 활성화되어 있기때문에 거부감을 살짝 덮어두고 시작해보았어요^^  크게는 시 구 동 뭐 이렇게지만 취미가 같거나 연령대 성별 등으로 소소한 친구를 만들수 있는거 같아 좋은거같아요,소소한 모임,3.6.9,2026-08-05,mostrecent,4,https://apps.apple.com/kr/app/id582910479
12082735581,5,2024-12-19T21:53:16+00:00,내가 관심있고 좋아하는 분야 뿐만 아니라 업그레이드가 필요한 분야도 선택할 수 있고 모임이 많아 선택의 폭이 넓어서 좋아요~,유용,3.6.9,2026-08-05,mostrecent,4,https://apps.apple.com/kr/app/id582910479
12081089769,5,2024-12-19T12:23:22+00:00,같이 운동이나 취미활동 할만한 친구가 없었는데 이 어플쓰고 광명찾음 좋은사람들과 좋은시간 그 자체..♡,진짜 좋아용,3.6.9,2026-08-05,mostrecent,4,https://apps.apple.com/kr/app/id582910479
12079559166,5,2024-12-19T01:23:59+00:00,"마음이 맞는 동호회는 잘없으니 어플을 통해서 잡기도 참 좋은거같더라구요??
취미같은거는 같은 모임은 또 재미있더라구요 추천해요",이런어플이,3.6.9,2026-08-05,mostrecent,4,https://apps.apple.com/kr/app/id582910479
12077882770,5,2024-12-18T14:52:38+00:00,모임성격에 따라 여러가지 활동이 많아서 나에게 맞는 모임을 찾을수 있다는게 최대 장점인거 같아요! 교육 모임같은 유용한 모임도 많아요:),너무 좋아요!,3.6.8,2026-08-05,mostrecent,4,https://apps.apple.com/kr/app/id582910479
12076139454,5,2024-12-18T03:27:32+00:00,"취미를 같이 할 사람이 없어서 찾아보다가 알게된 어플입니다. 우선 집근처, 직장근처 원하는 곳을 찾을 수 있는게 장점이고 모임의 종류가 다양해서 좋았어요!! 비슷한 사람들끼리 만나서 취미를 공유할 수 있어 좋은 경험했습니다",좋은 경험이에요!,3.6.8,2026-08-05,mostrecent,4,https://apps.apple.com/kr/app/id582910479
12075930902,5,2024-12-18T01:56:16+00:00,취미가 같은 사람들과 시간을 보낼 수 있는 좋은 어플이네요 관심사가 같으니 대화도 잘 통하고 좋아요 추천해요!! 한 번 써보세요!!,리뷰,3.6.8,2026-08-05,mostrecent,4,https://apps.apple.com/kr/app/id582910479
12075695903,5,2024-12-18T00:19:29+00:00,"취미랑 관심사 비슷한 사람들끼리 만나기 어렵고 동호회같은 곳 선뜻 나가기 어려웠는데 어플로 찾아보고 나랑 맞는 것 같은 곳으로 할 수 있으니
편리하고 좋은 것 같습니다",좋아요~,3.6.8,2026-08-05,mostrecent,4,https://apps.apple.com/kr/app/id582910479
12075567784,5,2024-12-17T23:26:32+00:00,이 어플은 작년부터 접했는데요. 나이 들수록 취미가 맞는 사람 찾기 어려운데 인간관계도 좋아지는거 같고 없어서는 안될 어플중 하나에요.,의미있는 어플이에요,3.6.8,2026-08-05,mostrecent,4,https://apps.apple.com/kr/app/id582910479
12054011432,5,2024-12-12T08:04:40+00:00,"런닝을 취미삼아 해보고 싶은데 혼자서는 의지가 부족해서 같이 할 분 찾다가 다운받았는데 너무 좋아요 
관심사별로 다 나눠져 있고 대화 자체도 가능해서 좋더라구요",좋아요,3.6.7,2026-08-05,mostrecent,4,https://apps.apple.com/kr/app/id582910479
12042059563,5,2024-12-09T01:12:38+00:00,좋습니다,좋아요,3.6.6,2026-08-05,mostrecent,4,https://apps.apple.com/kr/app/id582910479
12020891938,5,2024-12-03T12:23:06+00:00,좋아염^^,"배우,할래",3.6.5,2026-08-05,mostrecent,4,https://apps.apple.com/kr/app/id582910479
12008665093,5,2024-11-30T09:43:03+00:00,관심 있는 분야의 사람들을 만나고 같이 이야기 나눌 수 있어서 좋아요!,좋아요 :),3.6.5,2026-08-05,mostrecent,4,https://apps.apple.com/kr/app/id582910479
12001587178,5,2024-11-28T13:39:34+00:00,굿,좋은앱,3.6.5,2026-08-05,mostrecent,4,https://apps.apple.com/kr/app/id582910479
11988462462,5,2024-11-24T23:27:40+00:00,PC번전도 만들어주세요 개시판이랑 이런거 작업할때 좀편하게 !!;;,좋기는 다좋은데,3.6.5,2026-08-05,mostrecent,4,https://apps.apple.com/kr/app/id582910479
11988358578,5,2024-11-24T22:43:07+00:00,즐거운 모임이었습니다,재밌었어요,3.6.5,2026-08-05,mostrecent,4,https://apps.apple.com/kr/app/id582910479
11965010664,2,2024-11-18T17:52:27+00:00,운영진의 일방적인 갑질에 강퇴당했는데 강퇴당하고나면 항의할 방법이 아예 없네요 역겨운 모임,운영진 갑질에 항의도 못하네요,3.6.4,2026-08-05,mostrecent,4,https://apps.apple.com/kr/app/id582910479
11947888758,1,2024-11-14T05:39:31+00:00,고객센터 문릐를 해도 답변을 하나도 주지 않습니다. 메일 계속 하고 있는데 회원들 모집에만 관심있고 관리나 회원응대에는 전혀 하지 않으면 아무런 관여를 하지 말던가,고객센터 문의 해도 답변을 하나도 주지 않습니다.답메일좀하시져!,3.6.4,2026-08-05,mostrecent,4,https://apps.apple.com/kr/app/id582910479
11936579702,5,2024-11-11T02:57:33+00:00,실력이 부족한 초보임에도 불구하고 같이 게임을 해준다는게 쉽지 않은 결정임에도 불구하고 친절하게 같이 게임에 임해주신 분들께 진심으로 감사드립니다,원없이 배드민턴을 쳤어요,3.6.3,2026-08-05,mostrecent,4,https://apps.apple.com/kr/app/id582910479
11925213443,1,2024-11-08T04:47:50+00:00,"1. 키보드 텍스트 대치 안됨
2. 채팅방 내용 복사 안됨
3. 링크 올리면 클릭 안됨
4. (제일 중요) 여러명이서 동시에 참석 누르면 참석 인원 제한 수를 초과해서 인원 신청이 됨.. 
5. 이러한 불편이 몇개월째 전혀 개선되지 않음",유료어플인데 불편한게 너무 많음,3.6.3,2026-08-05,mostrecent,4,https://apps.apple.com/kr/app/id582910479
11919488138,1,2024-11-06T14:59:25+00:00,고객센터 운영할 형편 안되면 서비스 접어라 빡대가리들 모여서 운영 뭐같이하네. 어플 기능상 문제를 고칠생각은 안하고 메일은 씹거나 동문서답으로 넘기는 양아치들.,양아치 운영진들,3.6.3,2026-08-05,mostrecent,4,https://apps.apple.com/kr/app/id582910479
11890011843,5,2024-10-30T00:15:01+00:00,"메일보냈는데 답이 없어 재 연락 남깁니다
제가 프리미엄 모임을 결제해야하는데 클래스 모임을 결제해버려ㅜ 환불이 가능할까요?",결제 후 사용전 환불요청,3.6.3,2026-08-05,mostrecent,4,https://apps.apple.com/kr/app/id582910479
11879706866,4,2024-10-27T06:09:46+00:00,"일부 주요 공지사항은 가입멤버 아니어도 읽을 수 있게 설정되게 하면 좋을 것 같아요.

운영 방식에 대한 기본적이고 중요한 공지(ex. 시간대, 이성적 만남에 프리한지 여부 등)를 가입한 후에만 읽을 수 있게 하니 해당 모임이 나에게 적합한 모임인지 판단하기가 어렵습니다.

가입해서 공지 읽은 후 운영방식이 나와 맞지 않아 탈퇴했는데, 이렇게 탈퇴가 여러 번 반복되면 또 앱 사용에 제약이 있더라구요.

어떤 공지는 전체공개가 가능하게 하든지 해서, 모임에 관심 있는 사람들이 세부사항을 사전에 판별할 수 있게 만들면 좋을 것 같습니다..!",유용하게 이용하고 있습니다! 근데•••,3.6.3,2026-08-05,mostrecent,4,https://apps.apple.com/kr/app/id582910479
11869900425,5,2024-10-24T15:45:47+00:00,어플 환경이 친유저라서 사용하기 편해요,좋아요,3.6.3,2026-08-05,mostrecent,4,https://apps.apple.com/kr/app/id582910479
11857197818,5,2024-10-21T03:12:08+00:00,굿굿 좋은어플이네요,소모임 굿,3.6.2,2026-08-05,mostrecent,4,https://apps.apple.com/kr/app/id582910479
11852789479,5,2024-10-19T23:00:11+00:00,굿,좋아요,3.6.2,2026-08-05,mostrecent,4,https://apps.apple.com/kr/app/id582910479
11838510172,1,2024-10-16T00:36:36+00:00,프리미엄 구독 했는데 방삭제하고서 다시 만든 방에 적용이 안되는게 말이 됩니까,구독취소해주세요,3.6.2,2026-08-05,mostrecent,4,https://apps.apple.com/kr/app/id582910479
11830746381,5,2024-10-13T20:53:15+00:00,랙없고 빠르고 활발한 어플 구웃,굿,3.5.9,2026-08-05,mostrecent,4,https://apps.apple.com/kr/app/id582910479
11826318527,5,2024-10-12T17:33:47+00:00,처음만나는 사람들과 즐거운 하루였습니다,즐거운 하루,3.6.1,2026-08-05,mostrecent,4,https://apps.apple.com/kr/app/id582910479
11820808852,3,2024-10-11T07:22:47+00:00,"서버의 연결에 문제가 있다고 하면서
채팅이 안가요. 재전송도 안되요
업데이트도 하고 지웠다가 다시 어플 깔았는데도
안되요 뭐가 문제일까요ㅜ 다른 모임 벙채팅도 다 안되요 남이 쓴 대화만 읽을 수 있어요
개선 좀해주세요ㅠ",벙 참석후 그날벙 채팅하려고하면..,3.6.2,2026-08-05,mostrecent,5,https://apps.apple.com/kr/app/id582910479
11798068892,1,2024-10-04T23:59:12+00:00,"프리미엄 이용권 결제 후 모임 개설 했다가 취지가 안맞아서 모임 삭제 후 다른 카테고리로 모임을 개설했는데 기존 구매한 프리미엄 이용권이 적용이 안되네요? 
그리고 프리미엄 30일 무료로 이용하라고 주길래 적용했는데도 효과가 하나도 없어요. 이건 어떻게 해야하는거죠?",프리미엄이용권 질문이요,3.6.1,2026-08-05,mostrecent,5,https://apps.apple.com/kr/app/id582910479
11780267193,4,2024-09-30T05:21:50+00:00,왜 온갖곳이 나오는지... 서울중에서도 동네설정해봤자 여기저기 다 나옴.....,설정한 동네만 나오게 못하나요?,3.5.9,2026-08-05,mostrecent,5,https://apps.apple.com/kr/app/id582910479
11777646705,5,2024-09-29T12:43:39+00:00,좋네요 그런데 저희 동은 안뜨네요,좋아요,3.5.9,2026-08-05,mostrecent,5,https://apps.apple.com/kr/app/id582910479
11773570998,5,2024-09-28T10:35:30+00:00,나이들며 노래부를일이 적어졌는데 소모임 덕분에 이렇게 다시 삶의 활력을 찾았습니다 나날이 번창하였으면 좋켔습니다!!,함께 노래부르기위해 시작한 소모임,3.5.9,2026-08-05,mostrecent,5,https://apps.apple.com/kr/app/id582910479
11751629701,4,2024-09-22T10:13:13+00:00,좋습니다!!!,이용하기 편리,3.5.9,2026-08-05,mostrecent,5,https://apps.apple.com/kr/app/id582910479
11750692561,5,2024-09-22T03:27:37+00:00,잘 쓰고 있습니다,굿,3.5.9,2026-08-05,mostrecent,5,https://apps.apple.com/kr/app/id582910479
11729685905,3,2024-09-16T08:42:43+00:00,UI가 불편합니다,좋지만,3.5.9,2026-08-05,mostrecent,5,https://apps.apple.com/kr/app/id582910479
11726394570,2,2024-09-15T11:02:31+00:00,"안 좋은 소리해서 죄송한데 최근에 이 어플을 통해서 알게된 모임장과 부딪치는 사건이 있었어요. 강퇴시킨 것도 모잘라서 모임장이 저한테 개별 문자로 욕설 및 폭언을 표하는 행위를 하였는데 신고해도 잘 안통하는 것 같더라고요. 신고 받는 입장에선 어떤 불이익이 있는 건지 알고싶고, 상대를 함부로 대하는 사람들은 강제로 탈퇴하거나 몇개월동안 이용못하는 개선방안좀 활성화 시켰으면 좋겠네요. 제 개인적인 기분으로 행동하려는 건 아니고요. 다른 모임하다 마주치면 또 안 좋은 일이 터질까봐 우려도 되요.",소모임 사용하면서 서로간의 규칙적인 기능 좀 개선했으면 좋겠습니다,3.5.9,2026-08-05,mostrecent,5,https://apps.apple.com/kr/app/id582910479
11719979905,5,2024-09-13T15:27:25+00:00,신세계네요 새로운 인간관계의 확장을 손쉽게 해주는 어플입니다,신세계,3.5.9,2026-08-05,mostrecent,5,https://apps.apple.com/kr/app/id582910479
11715397425,3,2024-09-12T08:43:21+00:00,너무좋아요,굿,3.5.9,2026-08-05,mostrecent,5,https://apps.apple.com/kr/app/id582910479
11711732420,2,2024-09-11T06:38:59+00:00,정모 개설시 커버사진이 정상적으로 업로드 되지 않을때가 정말 많습니다.. 개선해주세요!,정말 다 좋은데.. 하나가 아쉽네요!,3.5.9,2026-08-05,mostrecent,5,https://apps.apple.com/kr/app/id582910479
11707737271,1,2024-09-10T01:53:50+00:00,좀,고객이문의 했으면 메일좀 읽지?,3.5.9,2026-08-05,mostrecent,5,https://apps.apple.com/kr/app/id582910479
11703242722,4,2024-09-08T18:31:25+00:00,사용 편해요,소모임,3.5.9,2026-08-05,mostrecent,5,https://apps.apple.com/kr/app/id582910479
11695186647,5,2024-09-06T14:33:38+00:00,좋아요 추천해요👍,운동메이트만들기,3.5.8,2026-08-05,mostrecent,5,https://apps.apple.com/kr/app/id582910479
11691782324,5,2024-09-05T15:08:09+00:00,"첫 런닝이라서 걱정 많이 했는데 앞에서 페이스 잘 잡아주셔서 그래도 절반은 해낼 수 있었습니다!
다같이 뛰니깐 더 잘하고 싶고 힘나서 즐겁게 러닝했습니다",러닝크루 재밌어요!,3.5.8,2026-08-05,mostrecent,5,https://apps.apple.com/kr/app/id582910479
11666039293,1,2024-08-29T13:40:50+00:00,초대 거절하는 방법없나요,똑같은모임에서 메일 초대가옵니다,3.5.8,2026-08-05,mostrecent,5,https://apps.apple.com/kr/app/id582910479
11651036607,4,2024-08-25T13:07:00+00:00,모임장이고 일년 넘게 사용중입니다. 잘 사용하고 있지만 동일한 날짜에 A라는 정모를 올렸다가 일정 취소되어 삭제 후 B라는 정모를 올려도 사진이 A정모를 올릴 당시의 사진으로 등록됩니다. - 정모 개설한 후에도 사진을 수정할 수 있도록 - 동일 날 다른 정모가 재등록 되어도 사진이 자동으로 바뀌는 점 수정 바랍니다.,정모 삭제 후 같은 날 다른 정모를 올려도 사진변경,3.5.8,2026-08-05,mostrecent,5,https://apps.apple.com/kr/app/id582910479
11599849212,5,2024-08-12T04:26:15+00:00,좋아요~! 소모임,굳,3.5.8,2026-08-05,mostrecent,5,https://apps.apple.com/kr/app/id582910479
11593760388,5,2024-08-10T13:05:35+00:00,소모임 찾고 있었는데 딱 원하던 어플,좋아요,3.5.8,2026-08-05,mostrecent,5,https://apps.apple.com/kr/app/id582910479
11589788588,4,2024-08-09T11:23:08+00:00,좋으어플인것같아요!!!!!,좋은어플인것같아요,3.5.8,2026-08-05,mostrecent,5,https://apps.apple.com/kr/app/id582910479
11578608046,1,2024-08-06T12:21:46+00:00,사교인맥 동숲 주민 모임인데 갑자기 죽음에 대해서 눈을 감고 생각해보라고 하네요. “?”이렇게 보내니까 제가 강퇴 당했어요. 신고도 못 하고 답답하네요.,동숲모 🍎동숲 주민 모임 어쩌구 이상해요,3.5.8,2026-08-05,mostrecent,5,https://apps.apple.com/kr/app/id582910479
11569597605,5,2024-08-04T02:35:19+00:00,"정말 좋은어플이라고 생각하는데 지역별 검색 생기면 좋겠어요 ㅠ
저는 가까운곳 위주로 보고싶은데 너무 여기저기 다 뜨니 둘러보는게 좀 힘들어요",ㅇ,3.5.8,2026-08-05,mostrecent,5,https://apps.apple.com/kr/app/id582910479
11560140250,5,2024-08-01T15:59:38+00:00,완전 좋아요,좋아요,3.5.8,2026-08-05,mostrecent,5,https://apps.apple.com/kr/app/id582910479
11553781554,5,2024-07-31T00:16:32+00:00,"매번 업데이트도 하며 불편한 사항들도 빠르게 잘 개선해나가시고, 사용자분들이 메일로 문의하는 사항도 친절하고 빠르게 답장도 잘 주셔요! 소모임 덕분에 지방에서 올라와 운동 모임을 운영하며 감사한 인연들을 많이 만났어요~ 항상 지금처럼만 같이 변함없는 운영으로 더욱 번창하시길 바라겠습니다! :)",항상 친절하고 감사한 소모임!,3.5.8,2026-08-05,mostrecent,5,https://apps.apple.com/kr/app/id582910479
11494938754,3,2024-07-15T07:41:06+00:00,ㅇㅇ,초대 거절 기능이 없음,3.5.7,2026-08-05,mostrecent,5,https://apps.apple.com/kr/app/id582910479
11493796726,5,2024-07-14T23:31:11+00:00,"열정 가득, 재미 가득, 영어 스피킹을 원하는 사람, 연기를 하고 싶은 사람 모두의 니즈를 충족 시켜주는 모임이었어요😆👍👍최고!! 또 갈게요🤩",영어연기모임,3.5.7,2026-08-05,mostrecent,5,https://apps.apple.com/kr/app/id582910479
11467476930,4,2024-07-07T22:03:18+00:00,룔ㄹ,ㅎ,3.5.6,2026-08-05,mostrecent,5,https://apps.apple.com/kr/app/id582910479
11463889563,5,2024-07-06T21:28:43+00:00,좋아요.,좋아요.,3.5.6,2026-08-05,mostrecent,5,https://apps.apple.com/kr/app/id582910479
11453817082,5,2024-07-04T01:28:00+00:00,"아이폰13 입니다.
게시글에 마지막에 있는 사진이 짤리네요.",게시글 사진 짤림,3.5.6,2026-08-05,mostrecent,5,https://apps.apple.com/kr/app/id582910479
11447793952,5,2024-07-02T10:58:22+00:00,굿,굿,3.5.5,2026-08-05,mostrecent,5,https://apps.apple.com/kr/app/id582910479
11436343005,5,2024-06-29T11:24:10+00:00,소모임좋네요,좋네요,3.5.5,2026-08-05,mostrecent,5,https://apps.apple.com/kr/app/id582910479
11428805368,5,2024-06-27T11:54:15+00:00,"안녕하세요.

휴대폰을 분실하여 기변 후 재가입 하려고 하는데요.

기존에 있던 모임장 아이디로 로그인이 안되네요.

수정 부탁드립니다.",기변후 재가입문의,3.5.5,2026-08-05,mostrecent,5,https://apps.apple.com/kr/app/id582910479
11416588722,5,2024-06-24T05:56:15+00:00,게시물에 사진들이 좀 짤리는 버그가 있는거같아요 확인후 업데이트 해주세요,업데이트 이후 사진이 좀 짤리는 버그가 있어요,3.5.5,2026-08-05,mostrecent,5,https://apps.apple.com/kr/app/id582910479
11406075549,5,2024-06-21T11:00:48+00:00,소모임 앱 사용자 입니다~ 모임 공지 예약 시스템좀 만들어주세요!!!!!!!!!,예약 시스템 부탁요~~,3.5.5,2026-08-05,mostrecent,5,https://apps.apple.com/kr/app/id582910479
11384507552,1,2024-06-15T15:23:54+00:00,계정이 확인 되지 않는다고 해서 재설치 하라고 해서 했더니 다시 가입하라고 하는데 확인 좀 부탁드립니다. 모임에도 가입했었어요,계정확인,3.5.4,2026-08-05,mostrecent,5,https://apps.apple.com/kr/app/id582910479
11378483401,5,2024-06-14T01:00:15+00:00,친구가 필요하면 무조건 받으세요~~^^,동네친구 만들기 최고입니다.,3.5.4,2026-08-05,mostrecent,5,https://apps.apple.com/kr/app/id582910479
11375760310,5,2024-06-13T08:36:37+00:00,좋아요,굿,3.5.4,2026-08-05,mostrecent,5,https://apps.apple.com/kr/app/id582910479
11375684642,3,2024-06-13T08:01:46+00:00,아이폰인데 파워유저 구매 했는데 왜 적용이 안되죠?,파워유저 구매 후 적용 안됨,3.5.4,2026-08-05,mostrecent,5,https://apps.apple.com/kr/app/id582910479
11372154333,5,2024-06-12T09:34:18+00:00,"취미여도 혼자하면 고독한데
같이 할 수 있어 좋습니다",만들어주셔서 감사해요!,3.5.4,2026-08-05,mostrecent,5,https://apps.apple.com/kr/app/id582910479
11371862666,5,2024-06-12T07:24:36+00:00,반응속도와 해결능력센스에 감탄!^^,고객센터 최고예요,3.5.4,2026-08-05,mostrecent,5,https://apps.apple.com/kr/app/id582910479
11365078576,5,2024-06-10T12:38:28+00:00,문자가 안 와요,문자 인증이 안 돼요,3.5.4,2026-08-05,mostrecent,5,https://apps.apple.com/kr/app/id582910479
11351851600,1,2024-06-07T00:35:49+00:00,설명도 없이 강퇴합니다,방장이 그지 같으면 답 없어요,3.5.4,2026-08-05,mostrecent,5,https://apps.apple.com/kr/app/id582910479
11348633184,5,2024-06-06T04:36:05+00:00,"구독취소를 바로했는데 환불 가능할까요
앱이용 안했습니다",오늘 갱신된거 환불 요청드립니다,3.5.4,2026-08-05,mostrecent,5,https://apps.apple.com/kr/app/id582910479
11347855879,4,2024-06-05T23:08:21+00:00,별점달라고 조르지좀마,낫배드,3.5.4,2026-08-05,mostrecent,5,https://apps.apple.com/kr/app/id582910479
11340389238,5,2024-06-03T23:18:38+00:00,너무좋은앱,소통하기너무좋은,3.5.4,2026-08-05,mostrecent,5,https://apps.apple.com/kr/app/id582910479
11333614126,5,2024-06-02T04:32:40+00:00,초보자에게도 참여의길을 열어준 배려가득했던 라이딩 감사합니다🥰,하이바이브최고,3.5.4,2026-08-05,mostrecent,5,https://apps.apple.com/kr/app/id582910479
11312727185,1,2024-05-27T13:01:38+00:00,구독취소 안되어 있으면 구독취소해주세요,구독취소 해주세요,3.5.4,2026-08-05,mostrecent,5,https://apps.apple.com/kr/app/id582910479
11311774725,3,2024-05-27T06:16:23+00:00,직관적이지않아서 사용법이.어렵네요,아직 사용법이 어려워요,3.5.4,2026-08-05,mostrecent,5,https://apps.apple.com/kr/app/id582910479
11303860269,1,2024-05-25T02:29:39+00:00,앱 알림을 다 꺼도 계속 알림이뜹니다,앱알림 안꺼짐,3.5.4,2026-08-05,mostrecent,5,https://apps.apple.com/kr/app/id582910479
11287871912,3,2024-05-20T15:16:54+00:00,게시글 알림푸시 오프해놨는데도 왜 오는건가요… 저만 그런건가요….,게시글 알림 PUSH 오프,3.5.4,2026-08-05,mostrecent,6,https://apps.apple.com/kr/app/id582910479
11262323596,1,2024-05-13T09:22:31+00:00,이미 가입되서 계속 활동중이였고 모임 운영진인데 아이폰에서 아이폰으로 바꾸고 다시 앱 깔고나니 계속 회원가입하라고 나옵니다. 번호도 바꾼 적 없는데 이전 아이디로 돌아갈 방법 없나요,이미 가입되어있는데 회원가입하라고 함,3.5.3,2026-08-05,mostrecent,6,https://apps.apple.com/kr/app/id582910479
11255972061,2,2024-05-11T14:49:58+00:00,"관심없는 모임 초대 거절 기능 만들어주세요
무직백수인데 업종/직무 선택 안하고도 
넘어갈 수 있게 해주세요",초대거절 기능 만들어주세요,3.5.3,2026-08-05,mostrecent,6,https://apps.apple.com/kr/app/id582910479
11254565629,1,2024-05-11T05:40:06+00:00,"건전?ㅋㅋㅋㅋㅋㅋㅋㅋgㄹ
애인있는데 이걸 깐다는것도 이해못하지만 취미활동만들고싶다고 깔고 나가서 바람피는게 정상이냐
동물의왕국도 아니고ㅋㅋ
여자분들도 남자꼬시려고 가시나봐요^^
모임가서 사랑 많이 받으세요^^
더럽네 진짜",이딴거 왜하냐 진짜 소개팅어플 별반다를거 없네,3.5.3,2026-08-05,mostrecent,6,https://apps.apple.com/kr/app/id582910479
11252588361,5,2024-05-10T15:28:41+00:00,굿,좋어요,3.5.3,2026-08-05,mostrecent,6,https://apps.apple.com/kr/app/id582910479
11248340237,5,2024-05-09T11:28:34+00:00,좋은 어플이에요,좋습니다,3.5.3,2026-08-05,mostrecent,6,https://apps.apple.com/kr/app/id582910479
11241344474,5,2024-05-07T10:45:17+00:00,이런게잇는지도몰랐는데 괜찮네요,소모임어플,3.5.3,2026-08-05,mostrecent,6,https://apps.apple.com/kr/app/id582910479
11237639552,1,2024-05-06T08:20:36+00:00,많이 안좋아짐,모임질이 안좋아짐,3.5.3,2026-08-05,mostrecent,6,https://apps.apple.com/kr/app/id582910479
11218209655,5,2024-04-30T22:59:30+00:00,건전한 모임이 많네요 ㅎㅎ,좋아요!!,3.5.2,2026-08-05,mostrecent,6,https://apps.apple.com/kr/app/id582910479
11205929107,5,2024-04-27T12:45:32+00:00,짱짱 완전 가볍게 친구들과 머시는 느낌인 와인 모임,다음에 또 가고싶은 모임,3.5.2,2026-08-05,mostrecent,6,https://apps.apple.com/kr/app/id582910479
11182581056,5,2024-04-20T23:26:34+00:00,"여기서 운동 스터디 임장 스피치 등
다양하게 자기계발하며 사람들도 많이 만날수 있어서 좋았습니다
취미생활하기에 가장 건전하고 적격인 어플입니다",최고의 앱,3.5.1,2026-08-05,mostrecent,6,https://apps.apple.com/kr/app/id582910479
11177600136,5,2024-04-19T16:31:20+00:00,"오늘 처음이였지만, 오랜만에
만난거같은 이 느낌.
감사합니다아",진정성👍🏻,3.5.1,2026-08-05,mostrecent,6,https://apps.apple.com/kr/app/id582910479
11173389561,5,2024-04-18T14:23:46+00:00,저는 앱을 사용하지 않았는데 3개월 동안 구독이 계속해서 되고있었어요ㅠㅠ.. 3개월 동안의 구독료 환불해주시면 감사하겠습니다 부탁드립니다ㅠㅠ..,2월부터 사용하지 않았는데 계속 구독이 되고있었어요..,3.5.1,2026-08-05,mostrecent,6,https://apps.apple.com/kr/app/id582910479
11171829218,1,2024-04-18T04:43:14+00:00,탈퇴 인원 제한 왜 안 푸나요 대체..?😇,제발 UI 그만 고치고 기능이나 좀 고쳐주세요,3.5.1,2026-08-05,mostrecent,6,https://apps.apple.com/kr/app/id582910479
11156892721,5,2024-04-14T09:49:31+00:00,좋아요,.,3.5.1,2026-08-05,mostrecent,6,https://apps.apple.com/kr/app/id582910479
11152040754,3,2024-04-13T05:17:46+00:00,"동네별로 소모임 보는 탭 좀 만드세요
그런 것도 없이 그냥 집근처만 띄울거면 저런 지정은 왜 만든거에요
개불편해요",동네지정 직장이랑 관심지역은 대체 왜 있는거임,3.5.1,2026-08-05,mostrecent,6,https://apps.apple.com/kr/app/id582910479
11122386780,1,2024-04-05T00:20:16+00:00,"나 여자고, 모임 규칙 어기지도 않았는데 어린 애들한테 마녀사냥 당해서 추방당함. 모임 신고했는데 아무런 제지도 안들어감. 어플 띡 만들어놓고 관리를 아예 안하는것 같음^^ 진짜 개/좃/같은 앱.",별 1개도 아까움^^,3.5.0,2026-08-05,mostrecent,6,https://apps.apple.com/kr/app/id582910479
11099062584,5,2024-03-29T15:59:55+00:00,분위기도 좋고 친절하셔서 편했네요!,즐거웠어요!,3.5.0,2026-08-05,mostrecent,6,https://apps.apple.com/kr/app/id582910479
11087837087,4,2024-03-26T15:00:35+00:00,"채팅할 때 게시판에 좋아요 처럼 채팅에도 공감 기능이 있었으면 좋겠어요.

다음 채팅방에 답장 기능도 있으면 더 좋은 어플이 될 것 같아요. 감사합니다. :)",첫 날 써보는데 다 좋게 느껴지지만 아쉬운 점 한 가지 있습니다.,3.5.0,2026-08-05,mostrecent,6,https://apps.apple.com/kr/app/id582910479
11063796137,5,2024-03-20T02:34:46+00:00,좋아요~ 이어플 좋은 친구들 많이 사귈수 있을꺼 같아요,자전거 탈려고 가입했어요,3.4.8,2026-08-05,mostrecent,6,https://apps.apple.com/kr/app/id582910479
11042707216,1,2024-03-14T08:42:09+00:00,"소모임 만들고 하루 지났는데 모임명이 변경이 안되길래 모임 삭제했더니 프리미엄 15,500원 결제한게 그냥 날라갔어요.

나참 이렇게 어이없는 시스템은 진짜 처음이네요....무료로 30일 소모임 만든건 검색해도 노출도 아얘 안되고..그나마 돈 결제 해야 검색하면 뜨네요...이딴걸 왜 결제했는지 ...참 한심스러울 따름이네요...",정말 그지같은 프로그램이네요...,3.4.7,2026-08-05,mostrecent,6,https://apps.apple.com/kr/app/id582910479
11020271115,5,2024-03-08T02:54:59+00:00,분위기가좋아요 ~^^,소모임,3.4.7,2026-08-05,mostrecent,6,https://apps.apple.com/kr/app/id582910479
11009816815,5,2024-03-05T05:57:41+00:00,"등록할수있는 정기모임 개수를 늘이거나
혹은 모임장 입장에서 모임취소를 하지않고 또는 오전에끝난 모임은 숨기기 처리 하고 다음 모임을 노출할수있도록 모임 홈 화면 리스트에서 밤12시가 안 지났더라도 끝난 모임은 안 보이게 하는 그런 기능이 있으면 좋겠습니다!  한주에 여러개의 정기모임이 있는 경우 아쉬운 부분이 있어서 건의드립니다~!",기능추가 건의,3.4.7,2026-08-05,mostrecent,6,https://apps.apple.com/kr/app/id582910479
11009217254,1,2024-03-05T01:09:49+00:00,뭐 돈 벌어야하니 그럴수 있다치지만 “가입되어 있는 소모임 숨김” 기능 정도는 그냥 풀어주면 안되나 왜 이런거까지 다른 이들에게 오픈하면서 써야하지? 싶네요. 이번 모임장이 이 어플을 이용해서 가입해 봤는데 ui도 손에 안익고 영 불편합니다.,굳이 이런 기능을 유료로?,3.4.7,2026-08-05,mostrecent,6,https://apps.apple.com/kr/app/id582910479
10999391024,5,2024-03-02T10:05:03+00:00,신기합니다,참재미있어요,3.4.6,2026-08-05,mostrecent,6,https://apps.apple.com/kr/app/id582910479
10992341159,1,2024-02-29T12:40:27+00:00,"먼 직장이며 어디며 쓰라고 접속할때마다 뜨네요
넘 귀찮음 ㅡㅡ",개인정보 쓰라는 팝업 좀 그만,3.4.6,2026-08-05,mostrecent,6,https://apps.apple.com/kr/app/id582910479
10985324665,1,2024-02-27T13:15:11+00:00,"신천지 모임 신고했더니 그 모임은 그대로 냅두고 신고자 계정을 중지 시켜버림 ;)
신천지가 결제하는 푼돈에 눈이 멀어버린 쓰레기 같은 어플 회사",신천지 옹호하는 어플,3.4.5,2026-08-05,mostrecent,6,https://apps.apple.com/kr/app/id582910479
10980744249,5,2024-02-26T05:10:43+00:00,더 좋아졌으면 좋겠네요,좋아요,3.4.5,2026-08-05,mostrecent,6,https://apps.apple.com/kr/app/id582910479
10973231197,3,2024-02-24T04:35:11+00:00,파워유저 기능 삿는데 왜 적용 안되나요? ㅜ 그래서 다시사려고 하면 이미이용중이라고 하고.. 정작 기능은 안되고,하..,3.4.5,2026-08-05,mostrecent,6,https://apps.apple.com/kr/app/id582910479
10972133143,5,2024-02-23T20:58:46+00:00,각박한 세상 속 최고의 어플,이 시대 최고의 어플,3.4.5,2026-08-05,mostrecent,6,https://apps.apple.com/kr/app/id582910479
10969755261,4,2024-02-23T06:24:54+00:00,근데 배치?? 가 뭔가 자연스럽지 못해서 원하는 페이지를 찾기 힘들어요!,앱 서비스 자체는 넘 좋은 것 같아용,3.4.5,2026-08-05,mostrecent,6,https://apps.apple.com/kr/app/id582910479
10948661515,1,2024-02-17T12:12:09+00:00,"채팅방에 글 복사좀 되게해라 

무슨 386시대도 아니고 채팅창복사가 안됨?",아니 시대가 어느시댄대,3.4.5,2026-08-05,mostrecent,6,https://apps.apple.com/kr/app/id582910479
10946722135,5,2024-02-16T23:00:36+00:00,"갤럭시는 채팅에서 이미지 확대가 되는데 아이폰만 안되요. 업뎃좀 해줘요. 업데이트 몇번을 기다렸는데 안해주네. 
아이폰도 해줘요~~~ 플리즈",아이폰은 채팅에서 이미지 확대가 안됩니다.,3.4.5,2026-08-05,mostrecent,6,https://apps.apple.com/kr/app/id582910479
10929765882,5,2024-02-12T06:09:35+00:00,한달 구독 잘못 눌러서 결제 됐는데 환불 부탁드립니다,구독 잘못 눌렀어요 환불 해주세요,3.4.3,2026-08-05,mostrecent,6,https://apps.apple.com/kr/app/id582910479
10904175635,3,2024-02-05T10:08:00+00:00,유용합니다 고맙습니다,실용성,3.4.2,2026-08-05,mostrecent,6,https://apps.apple.com/kr/app/id582910479
10898914528,1,2024-02-04T00:54:12+00:00,"생년월일 입력하라면서 설정이랑 취소버튼밖에 안뜸
가입이 인되서 사용을 못함",가입이안됨,3.4.2,2026-08-05,mostrecent,6,https://apps.apple.com/kr/app/id582910479
10889253607,5,2024-02-01T14:59:19+00:00,깔고 나가서 여친생김.,디필요없다,3.4.2,2026-08-05,mostrecent,6,https://apps.apple.com/kr/app/id582910479
10883082266,5,2024-01-31T01:43:33+00:00,"핸드폰 바꿔서 앱 새로 다운로드 받고 
로그인 하려 하는데 로그인 기능은 따로 없고 
휴대폰 인증해서 새로 회원가입 방식으로 되더라구요
(인증하는 부분에서도 인증번호 바로 가져오기 버튼 누르면 숫자 제대로 복붙 안되는 버그 있습니다)
혹시 몰라 인증까지 하고 들어갔는데 역시 전에 데이터는 불러오지 못하는거 같던데 이전에 가입했던 모임 내역 불러오려면 어떻게 해야하나요?",로그인,3.4.2,2026-08-05,mostrecent,6,https://apps.apple.com/kr/app/id582910479
10880054726,1,2024-01-30T06:20:06+00:00,"본인인증해야 전에 계정 로그인 되는거 같은데
폰바꾸고 까니까 아무리 기다려도 안와요..인증번호가
다른 어플들은 잘만 오는데 이 어플 문제 인듯여",아이폰 15 인증번호 안오능 오류,3.4.0,2026-08-05,mostrecent,6,https://apps.apple.com/kr/app/id582910479
10879258018,5,2024-01-30T00:22:21+00:00,이런 앱이 있었다는걸 왜 이제야 알게됐을까요ㅠ 너무 좋네요!,소개로 알게된 어플,3.4.0,2026-08-05,mostrecent,6,https://apps.apple.com/kr/app/id582910479
10878276480,1,2024-01-29T17:27:33+00:00,다운로드가 안되네요 ㅠㅠㅠ,다운로두가 안되네요,3.4.0,2026-08-05,mostrecent,6,https://apps.apple.com/kr/app/id582910479
10876892510,1,2024-01-29T09:28:30+00:00,"정모 만들 때 썸네일이 자꾸 다른거 올라가고(다른 모임원들도 그렇게 보인대요) 이건 새로고침하거나, 폰을 껐다 켜도 안 되네요. 오류 개선 부탁합니다.

추가로, 썸네일을 수정할 수 있게도 해주세요. 너무 불편하네요.",오류 개선 해주세요,3.4.0,2026-08-05,mostrecent,6,https://apps.apple.com/kr/app/id582910479
10868292057,1,2024-01-27T02:15:10+00:00,"아니 공짜도 이렇진 않은데 말이야…
기본적인 버그들이 너무 많고 편의성은 바라지도 않음. 그냥 채팅만 정상작동되길 바람",치명적인 버그들이 너무 많네…,3.4.0,2026-08-05,mostrecent,6,https://apps.apple.com/kr/app/id582910479
10866646700,5,2024-01-26T15:32:01+00:00,모임이 많다,소모임,3.4.0,2026-08-05,mostrecent,6,https://apps.apple.com/kr/app/id582910479
10864673903,5,2024-01-26T03:06:38+00:00,것,굿,3.4.0,2026-08-05,mostrecent,6,https://apps.apple.com/kr/app/id582910479
10856934850,1,2024-01-24T01:25:35+00:00,정모일정 하나도 안보이게 어수선하게 해놨네,UI가 왜케 구려졌나요,3.3.9,2026-08-05,mostrecent,6,https://apps.apple.com/kr/app/id582910479
10839759777,5,2024-01-19T14:09:15+00:00,그자체,신선,3.3.9,2026-08-05,mostrecent,6,https://apps.apple.com/kr/app/id582910479
10831597502,5,2024-01-17T09:27:18+00:00,"근무지, 거주지 모두 해당 동이 없습니다..
창원 덕동, 중동, 현동 등등 일부 지역이 없어서 다음 단계로 넘어갈 수가 없어요",내 지역 등록하려는데 지역이 없어요..,3.3.9,2026-08-05,mostrecent,6,https://apps.apple.com/kr/app/id582910479
10819434920,1,2024-01-14T01:46:33+00:00,쓰는사람문제있는건기본,개별로한번써봣는데개별로ㅡ,3.3.9,2026-08-05,mostrecent,6,https://apps.apple.com/kr/app/id582910479
10816404781,5,2024-01-13T08:07:56+00:00,자기가 좋아하는 취미 취향 찾기 쉽습니다,모임찾기 편리하네요,3.3.9,2026-08-05,mostrecent,6,https://apps.apple.com/kr/app/id582910479
10816042877,5,2024-01-13T05:32:02+00:00,어떻게 푸나요ㅠ,반복적인 모임 탈퇴로 모임 가입 일시정지,3.3.9,2026-08-05,mostrecent,7,https://apps.apple.com/kr/app/id582910479
10804389316,4,2024-01-10T01:17:56+00:00,"결제한지 며칠 안됐고, 구독취소 했습니다. 환불신청 가능할까요?",환불요청 합니다.,3.3.8,2026-08-05,mostrecent,7,https://apps.apple.com/kr/app/id582910479
10804353608,5,2024-01-10T01:03:18+00:00,스터디룸비만 받고 일본어를 가르쳐주셔서 너무 좋았어요. 다들 적극적으로 공부하려고 해서 더더욱 좋았습니다! 새해부터 열의가 아주 뿜뿜합니다!!,일본어 스터디 강력추천,3.3.8,2026-08-05,mostrecent,7,https://apps.apple.com/kr/app/id582910479
10798309645,5,2024-01-08T10:49:16+00:00,좋습니다,굿,3.3.8,2026-08-05,mostrecent,7,https://apps.apple.com/kr/app/id582910479
10790900963,3,2024-01-06T12:51:21+00:00,"소모임 어플을 얼마전부터 알게 되어 열심히 
나가고 있는 소모임 쟁이 입니다. 
쓰다보니,  댓글에 사진 첨부 기능도 
추가해 주시면 너무 좋을것 같아요. 
게시판에 댓글을 쓸때 사진을 촬영해서 보여주고 싶은 경우도 있는데, 그러지 못해 아쉬울때가 있거든요. 

그리고 채팅창에 ”좋아요“기능도 추가해 주시 
넘 편리 할듯 합니다:) 

개별적으로 댓글을 달때보다 ’좋아요‘ 버튼 만으로도 
상대와의 공감을 표현할 수 있어서 좋을것 같아요. 

개발자님들에게 꼬옥 부탁 드려 봅니다:)",댓글 사진 첨부 기능 만들어 주세요,3.3.8,2026-08-05,mostrecent,7,https://apps.apple.com/kr/app/id582910479
10763432810,5,2023-12-30T15:58:21+00:00,초대 거부좀 만들어주세요 초대 거부좀 만들어주세요 초대 거부좀 만들어주세요 초대 거부좀 만들어주세요 초대 거부좀 만들어주세요 초대 거부좀 만들어주세요 초대 거부좀 만들어주세요 초대 거부좀 만들어주세요 초대 거부좀 만들어주세요 초대 거부좀 만들어주세요 초대 거부좀 만들어주세요 초대 거부좀 만들어주세요 초대 거부좀 만들어주세요 초대 거부좀 만들어주세요 초대 거부좀 만들어주세요 초대 거부좀 만들어주세요 초대 거부좀 만들어주세요 초대 거부좀 만들어주세요 초대 거부좀 만들어주세요 초대 거부좀 만들어주세요 초대 거부좀 만들어주세요 초대 거부좀 만들어주세요 초대 거부좀 만들어주세요 초대 거부좀 만들어주세요 초대 거부좀 만들어주세요 초대 거부좀 만들어주세요 초대 거부좀 만들어주세요 초대 거부좀 만들어주세요 초대 거부좀 만들어주세요 초대 거부좀 만들어주세요 초대 거부좀 만들어주세요 초대 거부좀 만들어주세요 초대 거부좀 만들어주세요 초대 거부좀 만들어주세요 초대 거부좀 만들어주세요 초대 거부좀 만들어주세요 초대 거부좀 만들어주세요 초대 거부좀 만들어주세요 초대 거부좀 만들어주세요 초대 거부좀 만들어주세요 초대 거부좀 만들어주세요 초대 거부좀 만들어주세요 초대 거부좀 만들어주세요 초대 거부좀 만들어주세요 초대 거부좀 만들어주세요 초대 거부좀 만들어주세요 초대 거부좀 만들어주세요 초대 거부좀 만들어주세요 초대 거부좀 만들어주세요 초대 거부좀 만들어주세요 초대 거부좀 만들어주세요 초대 거부좀 만들어주세요 초대 거부좀 만들어주세요 초대 거부좀 만들어주세요 초대 거부좀 만들어주세요 초대 거부좀 만들어주세요 초대 거부좀 만들어주세요 초대 거부좀 만들어주세요 초대 거부좀 만들어주세요 초대 거부좀 만들어주세요 초대 거부좀 만들어주세요 초대 거부좀 만들어주세요 초대 거부좀 만들어주세요 초대 거부좀 만들어주세요 초대 거부좀 만들어주세요 초대 거부좀 만들어주세요 초대 거부좀 만들어주세요 초대 거부좀 만들어주세요 초대 거부좀 만들어주세요 초대 거부좀 만들어주세요 초대 거부좀 만들어주세요 초대 거부좀 만들어주세요 초대 거부좀 만들어주세요 초대 거부좀 만들어주세요 초대 거부좀 만들어주세요 초대 거부좀 만들어주세요 초대 거부좀 만들어주세요 초대 거부좀 만들어주세요 초대 거부좀 만들어주세요 초대 거부좀 만들어주세요 초대 거부좀 만들어주세요 초대 거부좀 만들어주세요 초대 거부좀 만들어주세요 초대 거부좀 만들어주세요 초대 거부좀 만들어주세요 초대 거부좀 만들어주세요 초대 거부좀 만들어주세요 초대 거부좀 만들어주세요 초대 거부좀 만들어주세요 초대 거부좀 만들어주세요 초대 거부좀 만들어주세요 초대 거부좀 만들어주세요 초대 거부좀 만들어주세요 초대 거부좀 만들어주세요 초대 거부좀 만들어주세요 초대 거부좀 만들어주세요 초대 거부좀 만들어주세요 초대 거부좀 만들어주세요 초대 거부좀 만들어주세요 초대 거부좀 만들어주세요 초대 거부좀 만들어주세요 초대 거부좀 만들어주세요 초대 거부좀 만들어주세요 초대 거부좀 만들어주세요 초대 거부좀 만들어주세요,초대 거부좀 만들어주세요,3.3.7,2026-08-05,mostrecent,7,https://apps.apple.com/kr/app/id582910479
10748739145,5,2023-12-26T23:13:41+00:00,"本当に楽しかったです。
一人で勉強しましたので、大変だと思ったんですが、
一生に勉強会メンバーになって嬉しかってです。
引き続き頑張りましょう。
ありがとうございます。",昨日　勉強会の感想,3.3.6,2026-08-05,mostrecent,7,https://apps.apple.com/kr/app/id582910479
10725051864,5,2023-12-21T01:36:50+00:00,굿,굿,3.3.6,2026-08-05,mostrecent,7,https://apps.apple.com/kr/app/id582910479
10716765620,4,2023-12-19T09:58:18+00:00,ㅇㅇ,ㅇㅇ,3.3.6,2026-08-05,mostrecent,7,https://apps.apple.com/kr/app/id582910479
10711876686,4,2023-12-18T12:56:37+00:00,들어갈 생각없으면 초대 안뜨게 하는것좀 개발해주세요,똑같은 곳에서 초대 좀 그만오게 해주세요,3.3.6,2026-08-05,mostrecent,7,https://apps.apple.com/kr/app/id582910479
10709846628,5,2023-12-17T23:57:22+00:00,조음,조름,3.3.6,2026-08-05,mostrecent,7,https://apps.apple.com/kr/app/id582910479
10706375810,1,2023-12-17T06:02:12+00:00,1:1 메세지 개수를 초과 했다 자주 이렇게 뜨는데요 이거 제발 좀 고쳐 주세요 소통이 안됩니다 지웠다 깔았는데도 안되요 제발 하루 빨리 고쳐주시기 바랍니다 고쳐주시면 별점 5점으로 바꿀게요,진짜 제발 이거 좀 고쳐 주세요!!!!!!!!!!!!,3.3.6,2026-08-05,mostrecent,7,https://apps.apple.com/kr/app/id582910479
10697442724,5,2023-12-15T14:48:57+00:00,"처음이라 걱정했는데 
덕분에 재미있게 치고 왔어요~ 
감사해요 

좋은 인연 되었음 좋겠어요~^^",재미있었어요~,3.3.6,2026-08-05,mostrecent,7,https://apps.apple.com/kr/app/id582910479
10688278443,5,2023-12-13T02:53:34+00:00,좋아요,좋네요오,3.3.6,2026-08-05,mostrecent,7,https://apps.apple.com/kr/app/id582910479
10666879944,5,2023-12-07T12:56:01+00:00,좋아요,굳,3.3.6,2026-08-05,mostrecent,7,https://apps.apple.com/kr/app/id582910479
10665870031,4,2023-12-07T06:04:15+00:00,"활동이 너무 잘 이뤄지는디 벙 갯수는 최대4개인게 아쉬워요 
벙 미리열어둬서 참여하고싶은 인원들이 개인일정 미리 잡을수 있게 했으면 좋겠습니다!!",벙 생성제한좀 늘려주세요 !! 최대 4개인게 너무 아쉬워요 ㅠㅠ,3.3.6,2026-08-05,mostrecent,7,https://apps.apple.com/kr/app/id582910479
10661351482,5,2023-12-05T21:39:41+00:00,좋은 어플인것같아요.,좋네요,3.3.6,2026-08-05,mostrecent,7,https://apps.apple.com/kr/app/id582910479
10652041270,5,2023-12-03T06:46:22+00:00,좋아요~,조아조아~~,3.3.6,2026-08-05,mostrecent,7,https://apps.apple.com/kr/app/id582910479
10638899112,2,2023-11-29T16:03:11+00:00,저기요... 연락을 드려도 한달동안 답장도 안오고 이게 뭡니까. 클래스 개설을 했는데 아무리 정모를 만들어도 서버 문제로 올라가지 않아요 20번은 앱 지우고 피시로도 해보고..... 제발 조치좀 해주세요 ㅠ,클래스 개설....돈아까워 진짜 한달동안,3.3.6,2026-08-05,mostrecent,7,https://apps.apple.com/kr/app/id582910479
10632478115,5,2023-11-27T20:07:46+00:00,음 그냥 내생각,돈받을 생각보다 인원모아서 광고를 하심이,3.3.6,2026-08-05,mostrecent,7,https://apps.apple.com/kr/app/id582910479
10621641666,5,2023-11-24T23:12:36+00:00,깔끔하고 좋아요,좋아요,3.3.6,2026-08-05,mostrecent,7,https://apps.apple.com/kr/app/id582910479
10614834072,5,2023-11-23T02:59:01+00:00,사람만나고 싶다? 소모임으로 와,모임앱중 1등,3.3.5,2026-08-05,mostrecent,7,https://apps.apple.com/kr/app/id582910479
10614272884,5,2023-11-22T23:01:48+00:00,처음으로 가졌던 독서모임이란 경험을 힐링의 기쁨으로 갖게 해주셔서 너무 감사드려요~^^,심리 상담 같았던 시간..,3.3.6,2026-08-05,mostrecent,7,https://apps.apple.com/kr/app/id582910479
10584167481,1,2023-11-14T09:04:42+00:00,"아니 있는 기능이 없는데 이걸 돈주고 쓰라고?
무료 게시판도  검색기능이 있고 즐겨 찾기 기능이 있는데 이건 만들다 말았나요?
진짜 어의가 없네
별 하나도 아까운데 최소 안주면 평가가 안되네",아니 이게 앱이야?,3.3.5,2026-08-05,mostrecent,7,https://apps.apple.com/kr/app/id582910479
10575278849,5,2023-11-11T18:53:07+00:00,"2014년부터  시작하였는데 내용과 질이
잘  어울려  만족합니다. 감사합니다",소모임 화이팅,3.3.5,2026-08-05,mostrecent,7,https://apps.apple.com/kr/app/id582910479
10564930226,5,2023-11-08T23:00:21+00:00,좋은어플인것같습니다,쓸만합니다,3.3.4,2026-08-05,mostrecent,7,https://apps.apple.com/kr/app/id582910479
10561418583,2,2023-11-07T23:18:57+00:00,"게시글에 댓글이 달려도 보이지않아요
또 게시글 댓글도 클릭해야지만 보여요",게시글에 댓글이 달려도 보이지않아요,3.3.4,2026-08-05,mostrecent,7,https://apps.apple.com/kr/app/id582910479
10558490088,5,2023-11-07T03:29:23+00:00,다 좋은데 날짜별 참여 채팅에서 사람들 채팅이 안보여요.. 전체 채팅은 어플 실행중 아니어도 보이는데 다른거 하면 날짜별 참여 채팅이 안보입니다ㅠ,아이폰 백그라운드로 실행되게 해주세요,3.3.4,2026-08-05,mostrecent,7,https://apps.apple.com/kr/app/id582910479
10556694465,5,2023-11-06T14:40:15+00:00,ㅇㅇㅇㅇ,ㅇㅇ,3.3.4,2026-08-05,mostrecent,7,https://apps.apple.com/kr/app/id582910479
10554895794,1,2023-11-06T01:49:10+00:00,"프리미엄 모임권, 유료회원권은 꾸준하게 개발하시는
거 같은데 피드백은 왜 안주시나요?
한 모임에 왜 하나만 결제가 가능하고 왜 한계정으로 하나밖에 못하는겁니까?
피드백에 대한 대답이 우선이 되야할것 같은데 제가 왜 돈을 써가면서 불편함을 느껴야하는지 이해가 도무지 되지 않네요. 개발자 전화번호로 전화하니 전화도 되지 않네요 ;; 어플이 더 커지려면 개선 먼저 하십쇼.
15500원 아깝네요 정말 ;;",5년정도 이용했는데 별 하나도 아깝습니다.,3.3.4,2026-08-05,mostrecent,7,https://apps.apple.com/kr/app/id582910479
10552683810,5,2023-11-05T11:48:34+00:00,생활이 즐겁다면 그게 좋은거죠,즐거운 생활,3.3.4,2026-08-05,mostrecent,7,https://apps.apple.com/kr/app/id582910479
10537044868,3,2023-11-01T03:37:10+00:00,너무 자주 바뀌는게 적응 안되네요,업데이트좀 적당히 했으면 좋겠어요ㅠ,3.3.3,2026-08-05,mostrecent,7,https://apps.apple.com/kr/app/id582910479
10533251035,2,2023-10-31T00:27:51+00:00,"소모임을 만든 취지가 너무 좋고 사용이
편리해 잘 쓰고 있었습니다. 
지속적인 신규 기능을 개발하느라 고생이 많으십니다. 사용자들의 개선 의견을 받아 개발 하는 것 같은데, 이번 개발인 모임 개설시 사진 추가는 필수가 아닌 선택이면 좋겠습니다. 사진이 필요 없는 모임들은 어떤 사진을 올려야 되나요? 정말 난감합니다. 이 부분은 선택으로 하는걸 적극적으로 검토해 주시기 바랍니다.",이년째 이용중입니다,3.3.3,2026-08-05,mostrecent,7,https://apps.apple.com/kr/app/id582910479
10529606303,4,2023-10-29T22:43:30+00:00,모임을 운영하며 유령회원 정리를 하는데 주간 15명만 강퇴가 가능한게 불편합니다,강퇴기능 좀 개선해주세요,3.3.2,2026-08-05,mostrecent,7,https://apps.apple.com/kr/app/id582910479
10495088573,5,2023-10-20T10:52:38+00:00,쓰기 편하네요^^,소모임,3.3.2,2026-08-05,mostrecent,7,https://apps.apple.com/kr/app/id582910479
10491405330,1,2023-10-19T10:32:49+00:00,채팅창 들어가면 하나도 안보이고 잔버그가 너무 많아요,앱개발좀...,3.3.2,2026-08-05,mostrecent,7,https://apps.apple.com/kr/app/id582910479
10484893880,5,2023-10-17T13:32:59+00:00,좋네요,좋네요,3.3.2,2026-08-05,mostrecent,7,https://apps.apple.com/kr/app/id582910479
10483384220,2,2023-10-17T02:41:09+00:00,"너무 자주 바꾸니까 헷갈려요
그렇다고 바꾼 버젼이 이전보다 효율적이거나 가독성이 좋냐 하면 그건 또 아니고
안하느니만 못한 업데이트 이젠 좀 그만해주세요",ui ux 변경 이젠 그만…,3.3.2,2026-08-05,mostrecent,7,https://apps.apple.com/kr/app/id582910479
10481078840,5,2023-10-16T12:19:00+00:00,분위기가 일단 너무 좋아서 설악 첫 산행이었음에도 불구하고 러너스 하이 상태에 들어갔던 것 같습니다 오늘따라 대퇴 사두근에 경련에 살짝 멘붕이 왔었는데 극 E 성향이신 횐님(xx2 정)의 알약에 많은 도움이 되었습니다. 장시간 산행이었는데 서로를 배려하고 챙겨 주시는 모습 참 보기 좋더군요 사진 스폿도선행자들이 계셔서 참 잘 찍게 된 것 같습니다. 여기 약간 ’폼미텼다‘ 첫 산악회 경험 감사합니다~ (다치신 회원님 괜찮으신지 모르겠습니다),여기 좀 좋은 경험을 하게 되는 곳,3.3.2,2026-08-05,mostrecent,7,https://apps.apple.com/kr/app/id582910479
10477878141,1,2023-10-15T14:52:56+00:00,"정모는 왜 4개만 등록 가능하며 정모 등록할 때 사진은 도대테 왜 필요한건데요? 도대체 왜? 아무리 생각해봐도 납득이 안 돼요. 모임 하나 하는데 뭔 사진 까지 강제로 등록을 시키나요 누가ㅋㅋㅋㅋㅋㅋㅋㅋㅋㅋㅋㅋ

ㄹㅇ 초딩한테 맡겨도 이딴 생각은 안 하죠",혹시 누구 머리에서 나온거에요?,3.3.2,2026-08-05,mostrecent,7,https://apps.apple.com/kr/app/id582910479
10457891991,5,2023-10-10T04:11:27+00:00,"파워유저권 자동 결제 되었네요 ㅠㅠ
해지 부탁드립니다.",파워유저권,3.3.1,2026-08-05,mostrecent,7,https://apps.apple.com/kr/app/id582910479
10451658828,5,2023-10-08T10:02:05+00:00,자주 참석할게요,좋아요,3.3.1,2026-08-05,mostrecent,7,https://apps.apple.com/kr/app/id582910479
10450807779,3,2023-10-08T03:26:05+00:00,"요즘 소모임 어플 업데이트 해주시는데 뭔가 전보다 더 불편한것 같아요 
저만 그런지는 모르겠지만요….",소모임어플 업데이트후 불편,3.3.1,2026-08-05,mostrecent,7,https://apps.apple.com/kr/app/id582910479
10443260882,4,2023-10-06T00:42:23+00:00,뭔가 답답하고 터치 한두번 더해야 되고 ..점점 불편해지는 느낌...입니다,업데이트 될수록 쓰기 불편해지쥬??,3.3.1,2026-08-05,mostrecent,7,https://apps.apple.com/kr/app/id582910479
10440413646,2,2023-10-05T06:53:23+00:00,"사용하기가 더 어려워졌네요 ㅡㅡㅋ
이게 뭐죠..",이게 업데이트 버젼?,3.3.0,2026-08-05,mostrecent,7,https://apps.apple.com/kr/app/id582910479
10440259275,3,2023-10-05T05:43:32+00:00,계정을 옮길 수가 없는데 제발 로그인 기능같은거라도 만들어주시면 안되나요? 답답..,휴대폰 변경시,3.3.0,2026-08-05,mostrecent,7,https://apps.apple.com/kr/app/id582910479
10434595400,2,2023-10-03T16:08:01+00:00,"이용권 구매했어도..
계속 또 구매하라고 하네요 ㅜ
어쩌조ㅡ",이용권 구매했어도.. 사용이안됨,3.3.0,2026-08-05,mostrecent,7,https://apps.apple.com/kr/app/id582910479
10431511185,3,2023-10-02T18:41:59+00:00,"특정 소모임은 회원도 많고 스팸도 종종 들어오는데 무슨 강퇴하는데 인원제한을 걸어둡니까 ㅠㅠ? UI도 너무 불편하고.. 제발 편하게 좀 만들어 주세요
추가로 회원 목록에 운영진만 볼 수 있는 메모 기능 좀 만들어 주세여!!!",강퇴 제한좀 풀어주세요,3.3.0,2026-08-05,mostrecent,7,https://apps.apple.com/kr/app/id582910479
10429352604,2,2023-10-02T04:56:21+00:00,"ui ux가 수시로 바뀜
노인들 적응 못하게 해서 쳐낼려는 걸지도",대학생과제인가,3.2.9,2026-08-05,mostrecent,7,https://apps.apple.com/kr/app/id582910479
10425135549,1,2023-10-01T01:16:14+00:00,계정 개념이 없음. 앱 삭제 금지,대충만들고 계속 살 붙이는 앱,3.2.9,2026-08-05,mostrecent,7,https://apps.apple.com/kr/app/id582910479
10421665587,1,2023-09-30T02:48:53+00:00,벙 한번 칠려고 패팅창을 나갔다가 생쇼를 하네 … 건들지나 말지 난리도 이런 난리가 없네요 !!,업데이트다가 아니라 다운데이트를 해놨네,3.2.9,2026-08-05,mostrecent,8,https://apps.apple.com/kr/app/id582910479
10408543926,1,2023-09-26T10:11:06+00:00,"뭐만 하면 다 가입 거절이고, 남자 마감 ㅋㅋㅋ
거절 이유나 기준도 없음(공개안함) 
얼굴 , 이름 팔리고 싶으면 가입하세욬ㅋㅋ
단, 남자만 호구병신 되는 어플이고, 여자는 가입 하기 좋음. 웬만한 모임 프리패스임 여자는 ㅋㅋㅋ",개병신들 의 모임임 ㅋㅋㅋ,3.2.7,2026-08-05,mostrecent,8,https://apps.apple.com/kr/app/id582910479
10403944001,5,2023-09-24T23:55:56+00:00,소모임쓰시는 다른 분은 보이는 모임이 저한테는 안보여요 어떻게 해야하죠?,모임 못찾음,3.2.7,2026-08-05,mostrecent,8,https://apps.apple.com/kr/app/id582910479
10372847655,5,2023-09-16T03:43:49+00:00,결제 취소를 진행한걸로 기억하는데 계속 결제가 진행되었더라구요 관련해서 메일 보냈는데 답변이 계속 없으시네요 답변 부탁드릴게요,결제 관련해서 메일 보냈는데 답변 부탁드릴게요,3.2.5,2026-08-05,mostrecent,8,https://apps.apple.com/kr/app/id582910479
10372742803,5,2023-09-16T02:55:40+00:00,좋아,좋네,3.2.5,2026-08-05,mostrecent,8,https://apps.apple.com/kr/app/id582910479
10369146664,5,2023-09-15T01:35:12+00:00,굳,굳,3.2.5,2026-08-05,mostrecent,8,https://apps.apple.com/kr/app/id582910479
10365571037,5,2023-09-13T23:46:24+00:00,리얼리 굿,좋아요,3.2.5,2026-08-05,mostrecent,8,https://apps.apple.com/kr/app/id582910479
10363739613,5,2023-09-13T11:42:53+00:00,지역이나 관심사별로 가입할 수 있어서 좋네요,모임어플중 최강,3.2.5,2026-08-05,mostrecent,8,https://apps.apple.com/kr/app/id582910479
10360083969,4,2023-09-12T09:04:11+00:00,동네 모임 찾기 수월하고 생각보다 좋은 어플입니다,좋아요,3.2.5,2026-08-05,mostrecent,8,https://apps.apple.com/kr/app/id582910479
10359731062,5,2023-09-12T05:57:32+00:00,이거 관심사 같은 분들끼리 모이기 좋네요,좋네요,3.2.5,2026-08-05,mostrecent,8,https://apps.apple.com/kr/app/id582910479
10357640467,5,2023-09-11T14:25:44+00:00,ㅇㅇㅇ,ㅇㅇㅇ,3.2.5,2026-08-05,mostrecent,8,https://apps.apple.com/kr/app/id582910479
10356901060,5,2023-09-11T09:55:05+00:00,"때문에 전화번호 바꾸니까
쓰던 계정 로그인을 못 해요
카톡 연동이나 네이버 연동처럼 했으면 좋겠습니다

쓰던 계정 로그인해서 탈퇴하려는데 로그인을 못 해요 ㅠㅠㅠㅠㅠㅠㅠㅠㅠㅠㅠ 개선 좀 해주세요",전화번호 로그인,3.2.5,2026-08-05,mostrecent,8,https://apps.apple.com/kr/app/id582910479
10356725458,4,2023-09-11T08:28:27+00:00,"앱 너무 잘 쓰고 있는데요. 게시글에 사진 좀 추가, 수정, 삭제할 수 있게 해주세요. ㅠㅠㅠㅠ",다 좋은데 게시들네 사진 수정 좀..,3.2.5,2026-08-05,mostrecent,8,https://apps.apple.com/kr/app/id582910479
10328220553,5,2023-09-03T01:56:48+00:00,최고입니다.,최고,3.2.2,2026-08-05,mostrecent,8,https://apps.apple.com/kr/app/id582910479
10310073573,4,2023-08-29T00:05:18+00:00,소모임을 잘 사용하고 있습니다. 너무 잘 만든 서비스지만 딱 하나 아쉬운게 있는데요. 바로 개별 게시물 공유하는 기능이 없다는 거에요. 벙개글을 작성하고 톡이나 다른 게시판에 올리고 싶은데 방법이 없더라구요. 이것만 되면 더 잘 쓸수 있을것 같습니다,게시글 딮링크좀 제공해주세요~,3.2.2,2026-08-05,mostrecent,8,https://apps.apple.com/kr/app/id582910479
10307008167,5,2023-08-28T03:29:49+00:00,이렇게 모여서 할 수 있는 큰 기쁨,최고의 모임 어플,3.2.1,2026-08-05,mostrecent,8,https://apps.apple.com/kr/app/id582910479
10279256679,5,2023-08-20T10:52:47+00:00,"게시글 수정할때 사진 추가/수정/삭제 할수있게 해주세요 🙏
연회비 내고 모임장하면서 너무 불편해서 한마디 적습니다",게시글 수정할때 사진 추가/수정/삭제 할수있게 해주세요 🙏,3.2.1,2026-08-05,mostrecent,8,https://apps.apple.com/kr/app/id582910479
10269861141,5,2023-08-17T20:32:03+00:00,좋네요 좋아 최고에요.!!,역시,3.2.0,2026-08-05,mostrecent,8,https://apps.apple.com/kr/app/id582910479
10242129867,5,2023-08-10T16:32:53+00:00,굿,굿,3.1.9,2026-08-05,mostrecent,8,https://apps.apple.com/kr/app/id582910479
10237049786,1,2023-08-09T11:27:25+00:00,"문자인증 서비스이용제한번호라는데 
이유를 모르겠는데요;;",문자인증,3.1.9,2026-08-05,mostrecent,8,https://apps.apple.com/kr/app/id582910479
10225443758,3,2023-08-06T09:01:07+00:00,"최초 핸드폰 설치 이호 하다가 핸드폰 설치 샀지요 아이패드에 다시 설치하고 핸드폰 번호 인증 진행 하니 핸드폰 인증 번호가 오지 않습니다

이전 문의시. 디바이스 한국만 설치 가능 안내 진행 했는데요 빠른 답변 부탁드립니다",최초핸폰설치 삭제 후 iPad 다시 설치 하려 하고 핸드폰 번호 인증이 안 됩니다,3.1.9,2026-08-05,mostrecent,8,https://apps.apple.com/kr/app/id582910479
10221509027,1,2023-08-05T07:14:44+00:00,159000원 환불 부탁 드립니다,환불 부탁 드립니다,3.1.8,2026-08-05,mostrecent,8,https://apps.apple.com/kr/app/id582910479
10201445160,4,2023-07-31T01:23:50+00:00,흐음?,흐음?,3.1.8,2026-08-05,mostrecent,8,https://apps.apple.com/kr/app/id582910479
10191831493,5,2023-07-28T14:33:04+00:00,아직 많이 안 써봐서 지금까지는 좋은 거 같아요,지역 어디든 소모임 가입 가능해서 좋아요,3.1.8,2026-08-05,mostrecent,8,https://apps.apple.com/kr/app/id582910479
10189973959,1,2023-07-28T02:48:40+00:00,확인좀여,일정 인원 체크도 안되고 댓글들도 제대로 안보이네요,3.1.8,2026-08-05,mostrecent,8,https://apps.apple.com/kr/app/id582910479
10189241360,5,2023-07-27T21:41:09+00:00,Gooooooood,즐겁게 그리는 좋은 시간이였습니다,3.1.8,2026-08-05,mostrecent,8,https://apps.apple.com/kr/app/id582910479
10188428866,5,2023-07-27T16:27:47+00:00,앙,탕,3.1.8,2026-08-05,mostrecent,8,https://apps.apple.com/kr/app/id582910479
10161716134,1,2023-07-20T14:40:16+00:00,"40대는 가입 제한해야 함. 어차피 거의 모든 소모임이 40대는 나이제한 걸어둠. 
40대는 활동 할수있는 소모임이 거의 없음.",40대는 가입 제한해야 함,3.1.8,2026-08-05,mostrecent,8,https://apps.apple.com/kr/app/id582910479
10155838092,5,2023-07-19T01:02:21+00:00,소모임앱 너무 잘 이용하고 있는 1인입니당. 게시판 글 카톡 공유기능만 추가되면 너무너무 좋을것 같아요!!,게시글 공유 기능 원해요!,3.1.8,2026-08-05,mostrecent,8,https://apps.apple.com/kr/app/id582910479
10145394237,4,2023-07-16T04:11:37+00:00,굿굿,굿,3.1.8,2026-08-05,mostrecent,8,https://apps.apple.com/kr/app/id582910479
10131506043,5,2023-07-12T10:26:39+00:00,"재미있는 모임 들어가서 활동하고 있는데 수정했으면 하는 부분들이 있어서 후기 남겨요 
일정 개설이 3개까지밖에 안만들어져서 한 5개 정도로는 늘었으면 좋겠습니다ㅠㅠ 
그리고 종료된 일정에 참여했던 사람들 리스트를 확인할 수 있었으면 좋겠어요!  정산할때나 참여했던 인원 확인할때 편리할 것 같습니다. 
그 외에 이것저것 업데이트 되는 부분은 잘 사용하고 있습니다.",사용 잘 하고 있습니다!!!!,3.1.8,2026-08-05,mostrecent,8,https://apps.apple.com/kr/app/id582910479
10110196171,1,2023-07-06T13:59:00+00:00,하다보면 알게됩니다 별별 사람이 다 있고 모임도 이상하고 양지에서 사람 만나기 바랍니다,소모임 하지마세요,3.1.6,2026-08-05,mostrecent,8,https://apps.apple.com/kr/app/id582910479
10102002533,5,2023-07-04T06:59:46+00:00,다 좋은데 모임 시간 수정 좀 되게 해주세요…,시간 수정,3.1.6,2026-08-05,mostrecent,8,https://apps.apple.com/kr/app/id582910479
10097275682,5,2023-07-02T21:41:13+00:00,즐겁고 유쾌한 시간이였습니다😁,첫 출격,3.1.5,2026-08-05,mostrecent,8,https://apps.apple.com/kr/app/id582910479
10097168833,5,2023-07-02T20:52:29+00:00,보통,보통,3.1.5,2026-08-05,mostrecent,8,https://apps.apple.com/kr/app/id582910479
10092828946,5,2023-07-01T15:55:44+00:00,"처음 해보는 소모임에서 만난 사람들은 
모두 도전에 대한 설레임과 약간의 두려움, 
또는 열정과 자신감으로 각자의 매력을 가진 분들이었다. 
강사님들을 비롯해 이미 시작하신분들은 참 대단해 보이고 배울 점도 많았다. 
나와 같이 시작점에 서 있는 분들도 계셔 공감이 되고
서로 도울 부분이 있음에 감사한 만남이었다. 
맛있는 음식에 좋은 강의, 즐거운 대화,
민석대표님의 꽃 선물까지 정말 완벽한 모임을 주관해주신 운영진 분들께 감사드립니다!",이 소모임에 가입한 것은 굿초이스였다.,3.1.5,2026-08-05,mostrecent,8,https://apps.apple.com/kr/app/id582910479
10077877540,5,2023-06-27T13:00:07+00:00,지역검색이 안되요 ㅠ,대전 계산동 학하동도 추가해주세용,3.1.4,2026-08-05,mostrecent,8,https://apps.apple.com/kr/app/id582910479
10073853814,4,2023-06-26T09:58:54+00:00,모임 대문사진을 바꾸면서 새단장을 해도 프로필에 반영이 안되고 계속 옛날 프로필 이미지가 뜨는 문제 개선해주세요,모임 대문사진을 바꿔도 프로필에는 옛날 프로필이 그대로 적용,3.1.4,2026-08-05,mostrecent,8,https://apps.apple.com/kr/app/id582910479
10066569524,5,2023-06-24T06:15:53+00:00,Was interesting even I was too tired^^,Was fun,3.1.2,2026-08-05,mostrecent,8,https://apps.apple.com/kr/app/id582910479
10062125971,5,2023-06-22T23:21:15+00:00,외로웠는데 감사합니다,좋아요,3.1.2,2026-08-05,mostrecent,8,https://apps.apple.com/kr/app/id582910479
10056118794,4,2023-06-21T07:36:30+00:00,:),지역별 모임검색있었으면 좋겠어요,3.1.2,2026-08-05,mostrecent,8,https://apps.apple.com/kr/app/id582910479
10031794357,1,2023-06-14T05:59:52+00:00,알림설정하는 건 내 마음인데 왜 자꾸 알림설정해놓으라고 들어갈 때마다 팝업창 띄우는겁니까?,알림설정하기 시르니까 팝업 좀 고만 띄워라!!!,3.1.0,2026-08-05,mostrecent,8,https://apps.apple.com/kr/app/id582910479
10023019292,5,2023-06-11T15:45:13+00:00,굳,굳,3.0.9,2026-08-05,mostrecent,8,https://apps.apple.com/kr/app/id582910479
10020756719,5,2023-06-11T00:26:03+00:00,편의성도 좋고 편하고 좋은것 같습니다.,어플 취지도 그렇고 좋은것 같습니다.,3.0.9,2026-08-05,mostrecent,8,https://apps.apple.com/kr/app/id582910479
10005319761,2,2023-06-06T14:02:54+00:00,But it’s in Uijeongbu. It’s good. I hope to join yours.,I don’t know if this team’s making it to the goal.,3.0.9,2026-08-05,mostrecent,8,https://apps.apple.com/kr/app/id582910479
10001380835,5,2023-06-05T11:00:30+00:00,시스템이 편한지는 모르겟지만 특병한 불편함없이 쓰고있습니다,좋아요,3.0.9,2026-08-05,mostrecent,8,https://apps.apple.com/kr/app/id582910479
9994037144,1,2023-06-03T08:07:06+00:00,병신같은소모임 병신들끼리 만나서 시간낭비 돈낭비 하고 싶은분 인생 망치고 싶은분들 추천함,병신들끼리모여서모임하는곳,3.0.9,2026-08-05,mostrecent,8,https://apps.apple.com/kr/app/id582910479
9993724659,4,2023-06-03T05:44:12+00:00,소모임 일정 3개에서 5개로 늘려주세요!,제발 부탁드립니다.,3.0.9,2026-08-05,mostrecent,8,https://apps.apple.com/kr/app/id582910479
9976856839,3,2023-05-29T09:49:42+00:00,"클래스 여는 분들을 위해 고객님들이 리뷰나 후기를 작성할 수 있는 란이 생겼으면 좋겠어요. 그런걸 보고 유입이 있다고 생각되는데, 적지 않은 돈을 내고 단지 클래스를 여는거로는,, 어떤 매리트가 있는지 잘 모르겠어요 ,,개선 해주시면 너무 좋을거 같아요 . 감사합니다",클래스 여는 분들을 위해,3.0.9,2026-08-05,mostrecent,8,https://apps.apple.com/kr/app/id582910479
9967314422,1,2023-05-26T14:03:19+00:00,"대체할만한 어플이 없기때문에 억지로 쓰는거지

앱 자체는 돈에 환장했다는 걸로 밖에 안보임

UI/UX 자체도 개판인데다가

피드백은 받는건지 의문이고

구독제로 돈은 받아 처먹으면서 사진하나 보려면

또 돈내라고 하는 짱깨앱 수준",독과점이 무섭다는걸 알게해주는 어플,3.0.9,2026-08-05,mostrecent,8,https://apps.apple.com/kr/app/id582910479
9953374332,3,2023-05-22T10:57:03+00:00,제가 분명!!! 관심가는 모임 찜 해놓고 했는데 안 떠요ㅠㅠ그리고 검색으로 찾으려고 싹 뒤져도 안 나와요ㅠㅠ 왜죠..?제발 찾아줘요ㅠㅠ,찜 기능,3.0.9,2026-08-05,mostrecent,9,https://apps.apple.com/kr/app/id582910479
9948382495,4,2023-05-20T23:29:57+00:00,:  ),유용해요,3.0.9,2026-08-05,mostrecent,9,https://apps.apple.com/kr/app/id582910479
9937621465,5,2023-05-17T22:07:44+00:00,좋네요 깔끔합니다,나이스 어플,3.0.9,2026-08-05,mostrecent,9,https://apps.apple.com/kr/app/id582910479
9932271775,3,2023-05-16T10:18:01+00:00,"게시글 삭제는 혹시 어떻게 하면 되나요?
방법 좀 알려주세요~",게시글,3.0.9,2026-08-05,mostrecent,9,https://apps.apple.com/kr/app/id582910479
9926208736,4,2023-05-14T14:09:09+00:00,"앱에 정리가 안되어있고
불필요한 모임까지 계솓 노출되고 보여져서
정리가 필요한것처럼 보임ㅠ
내가 가입한 모임 찾아 들어가는 것 조차
잘 안외워지고 찾기 힘들어서 뷸편함

소모임 찾는건 좋지만 앱의 메뉴보기 등 정리가 필요하다고 느껴지네여^~^ㅎ",일주일 사용 후기,3.0.9,2026-08-05,mostrecent,9,https://apps.apple.com/kr/app/id582910479
9907346847,3,2023-05-09T01:11:53+00:00,"1. 가입심사 기능
 아무나 가입된거 강퇴하는것도 짜증...

2. 강퇴시 채팅창에 공개처형은 좀...

3. 문토한테 잡히기 싫으면 UI개선 및 기능추가가 많이 필요해보임",기능추가 건의,3.0.9,2026-08-05,mostrecent,9,https://apps.apple.com/kr/app/id582910479
9879275537,5,2023-05-01T00:22:59+00:00,혼자 골프 안쳐도 되요~,소모임 좋아요~!,3.0.8,2026-08-05,mostrecent,9,https://apps.apple.com/kr/app/id582910479
9868120127,5,2023-04-27T22:30:10+00:00,"퇴근하고 열심히 달려와 참석했는데, 일주일 넘게 기다린 보람이 있는 경험이었습니다 :)
셰프님도 너무 친절하고 쉽게 가르쳐 주셨고, 어색하지 않게 분위기를 잘 이끌어주셨던 것 같아요!
다음번에 기회가 된다면 또 참석하고 싶을 정도였습니다!
삭막한 회사생활에 한줄기 빛처럼 너무 힐링되는 시간이었습니다! 이렇게 좋은 시간을 준비해주신 수지셰프님께 너무 감사합니다! 너무 즐거웠어요!!","의미있는 경험과 맛있는 저녁, 좋은 사람들",3.0.8,2026-08-05,mostrecent,9,https://apps.apple.com/kr/app/id582910479
9863409980,5,2023-04-26T14:38:33+00:00,근데 자기가 뭘좋아하는지 생각해서 검색해봤는데 있길래 가입했습니다,처음에 어디를 가야될지 망설였어요,3.0.8,2026-08-05,mostrecent,9,https://apps.apple.com/kr/app/id582910479
9850998011,5,2023-04-23T02:28:54+00:00,좋은 앱,좋은 앱,3.0.8,2026-08-05,mostrecent,9,https://apps.apple.com/kr/app/id582910479
9850337708,5,2023-04-22T21:42:15+00:00,It’s a good app👍,Review,3.0.8,2026-08-05,mostrecent,9,https://apps.apple.com/kr/app/id582910479
9833869242,5,2023-04-18T05:14:57+00:00,운동 소모임 좋아여 ㅎ,운동 소모임 좋아여 ㅎ,3.0.8,2026-08-05,mostrecent,9,https://apps.apple.com/kr/app/id582910479
9833412919,5,2023-04-18T01:34:45+00:00,소모임 다양하고 좋아요~,굳,3.0.8,2026-08-05,mostrecent,9,https://apps.apple.com/kr/app/id582910479
9822686917,3,2023-04-15T01:12:47+00:00,너무재밋네여 이거,존잼,3.0.8,2026-08-05,mostrecent,9,https://apps.apple.com/kr/app/id582910479
9817702854,5,2023-04-13T15:16:59+00:00,었습니다,재밋,3.0.8,2026-08-05,mostrecent,9,https://apps.apple.com/kr/app/id582910479
9816410496,1,2023-04-13T06:52:37+00:00,"프리미엄 구독 해지 하고싶은데 안되네요 ㅠ
(처음  삼성폰에서. 설치및 구독 했는데  
현재  아이폰 사용중 이에요!",소모임 프리미엄 구독. 해지?!,3.0.8,2026-08-05,mostrecent,9,https://apps.apple.com/kr/app/id582910479
9806016514,4,2023-04-10T07:18:22+00:00,어짜피 가입하면 가입인사 게시판에 따로 올리도록 돼있는데 의미 없는거 같아요. 무의미한 가입인사말만 잔뜩 봐야 해요.,모입 가입할 때 가입채팅 입력하도록 하는거 없애주세요,3.0.8,2026-08-05,mostrecent,9,https://apps.apple.com/kr/app/id582910479
9789710065,4,2023-04-05T14:16:02+00:00,전에 쓰던 계정 못 찾나요?,전에쓰던 계정 못찾나요?,3.0.8,2026-08-05,mostrecent,9,https://apps.apple.com/kr/app/id582910479
9788031344,5,2023-04-05T02:50:50+00:00,"정말  좋습니다
하지만  모임장으로서  다른 모임을  구독하고  싶은데 4월 4일에  만료인데  아직 이용중이라고  떠요ㅠㅠ",너무  좋습니다,3.0.8,2026-08-05,mostrecent,9,https://apps.apple.com/kr/app/id582910479
9786115116,5,2023-04-04T14:22:34+00:00,좋아요,굿,3.0.8,2026-08-05,mostrecent,9,https://apps.apple.com/kr/app/id582910479
9786039157,5,2023-04-04T13:59:59+00:00,"탈퇴했다가 가입할려고 했는데 이용제한이라고 
나오는데 이거 어떻게 해야되나여?",탈퇴했다가 가입할려고 하는데,3.0.8,2026-08-05,mostrecent,9,https://apps.apple.com/kr/app/id582910479
9784120145,4,2023-04-04T00:20:57+00:00,"많은 모임을
찾을수 있어서 좋습니다~^^",좋은앱이네요~,3.0.8,2026-08-05,mostrecent,9,https://apps.apple.com/kr/app/id582910479
9781863419,1,2023-04-03T10:18:46+00:00,"강사들이 영업 목적으로 돌아가는 소모임 외에 친목 위주의 소모임은 전부 사망했네요.
초창기에 했다면 좋았을텐데 이젠 메리트가 없군요. 뭘 배우려면 굳이 이거 할 필요없이 학원 등록하고 말죠",취지는 좋으나 변질된 어플,3.0.8,2026-08-05,mostrecent,9,https://apps.apple.com/kr/app/id582910479
9728538262,4,2023-03-19T03:34:01+00:00,"원데이클래스, 취미생활 같이 참여할수있는 모임들을 많니 알게되어서 너무 유용해요","취미생활, 모임 만남에 최고",3.0.6,2026-08-05,mostrecent,9,https://apps.apple.com/kr/app/id582910479
9711330881,4,2023-03-14T05:08:19+00:00,가입인사에 등록한 이미지가 수정이 안됩니다,소모임 가입인사 이미지 수정,3.0.6,2026-08-05,mostrecent,9,https://apps.apple.com/kr/app/id582910479
9705106460,4,2023-03-12T08:39:16+00:00,"사진첩이나 게시판에서 검색이 가능했으면 하는데
어려울까요?
모임에서 예전에 올려준 좋은 내용을 찾아보려면 하세월이 걸리네요
부탁드립니다",너무 잘 이용하는 유저입니다,3.0.6,2026-08-05,mostrecent,9,https://apps.apple.com/kr/app/id582910479
9688198077,5,2023-03-07T10:07:52+00:00,굿,굿,3.0.6,2026-08-05,mostrecent,9,https://apps.apple.com/kr/app/id582910479
9670883998,4,2023-03-02T10:42:11+00:00,거절하는 것도 만들어주세요. 아니면 삭제라던지요. 가입을 원하지 않는 모임인데 계속해서 초대하는것도 싫고 귀찮습니다.,소모임 초대,3.0.6,2026-08-05,mostrecent,9,https://apps.apple.com/kr/app/id582910479
9660374453,3,2023-02-27T08:05:07+00:00,"카운트 뱃지가 한 번에 안 없어짐(꼭 두 번씩 왔다갔다) 
좋아요 처리 속도 속터짐(모임원이 사진 여러개 올리면 몇개 좋아요 누르다가 포기)
가끔 동일한 알림 무더기로 오는 경우 있음
페북이나 유명 소셜앱처럼 푸시알림 설정 기능 디테일하게 해줬으면 좋겠음",다 좋은데 푸시 알림 처리 개선 좀,3.0.6,2026-08-05,mostrecent,9,https://apps.apple.com/kr/app/id582910479
9638680206,4,2023-02-20T23:33:08+00:00,"가입전 승인 기능이 있었으면 좋겠어요~ 모임 목적을 적어놨는데 모임 목적과 전혀 관련없는분들이 자꾸 가입하셔서 곤란하네요,,, 사전 승인 기능으로 가입 목적이나 간단한 가입인사 통해서 가입 승인 진행 형식으로 업그레이드 가능할까요",가입전 승인,3.0.6,2026-08-05,mostrecent,9,https://apps.apple.com/kr/app/id582910479
9623315355,5,2023-02-16T12:26:37+00:00,정말 좋은거 같아요,모임하기에는 정말 좋은거같아요,3.0.6,2026-08-05,mostrecent,9,https://apps.apple.com/kr/app/id582910479
9620792725,1,2023-02-15T16:55:18+00:00,작성 글 삭제 안되나요? 그 모임에서 제 글은 지우고싶은데 그대로 올라와있더라구요 조치 좀 해주세요,소모임 강퇴시 작성 글 삭제,3.0.6,2026-08-05,mostrecent,9,https://apps.apple.com/kr/app/id582910479
9620488343,5,2023-02-15T14:58:46+00:00,굿,굿,3.0.6,2026-08-05,mostrecent,9,https://apps.apple.com/kr/app/id582910479
9618527704,4,2023-02-15T00:32:09+00:00,사용해 보니 괜찮네요,모임 어플중에선 제일 잘되!,3.0.6,2026-08-05,mostrecent,9,https://apps.apple.com/kr/app/id582910479
9588024808,5,2023-02-06T02:15:01+00:00,건전하고 유익한 모임이였어요,재밌었어요,3.0.6,2026-08-05,mostrecent,9,https://apps.apple.com/kr/app/id582910479
9587711132,5,2023-02-05T23:56:34+00:00,좋은분들과 같이 등산해서 너무 좋았습니다!!,너무 즐거운 소모임,3.0.6,2026-08-05,mostrecent,9,https://apps.apple.com/kr/app/id582910479
9559470967,4,2023-01-29T08:30:34+00:00,"고급 정보나 경험, 썰 등등 많은 정보가 쌓여 있을 텐데 글을 쓸때 글 사이사이 사진을 넣을 수 있다면 활동이 더 재미 있어질 것 같아요.",좋은 앱입니다. 모임 활동이면  해당 분야의 고급 정보나,3.0.5,2026-08-05,mostrecent,9,https://apps.apple.com/kr/app/id582910479
9536844862,5,2023-01-22T23:30:53+00:00,적극추천,아주조아,3.0.4,2026-08-05,mostrecent,9,https://apps.apple.com/kr/app/id582910479
9511972877,5,2023-01-16T00:14:22+00:00,넹,모임찾기 너무 편해요~,3.0.4,2026-08-05,mostrecent,9,https://apps.apple.com/kr/app/id582910479
9508189821,1,2023-01-14T23:40:47+00:00,사용도 안하는데 자동결제됐습니다 환불해주세여 새벽에 갑자기 결제됐는데 이거 구독 취소 버튼이라도 있어야하는 거 아닌까요..? 저번부터 계속 취소하려고 찾아봐도 그런거 없고 결제 이전에 봤을 때 계속 결제된다는 말도 없었는데 당황스럽네요 환불 꼭 해주세요,자동결제됐어요 환불 부탁드립니다,3.0.4,2026-08-05,mostrecent,9,https://apps.apple.com/kr/app/id582910479
9508121030,5,2023-01-14T23:11:31+00:00,스피치에 대한 두려움? 이런게 있는 사람이고 이런 수업?엔 듣는게 익숙했는데 첫 모임에서 자연스레 질문을 유도하고 대화를 하는 기분이 든 모임이었습니다! 주기적으로 모임에 참여해야겠단 생각이 바로 들었습니다:),첫모임임에도 편안한 분위기👍🏻,3.0.3,2026-08-05,mostrecent,9,https://apps.apple.com/kr/app/id582910479
9500863339,5,2023-01-12T23:46:57+00:00,ㅇㅇ,굿,3.0.3,2026-08-05,mostrecent,9,https://apps.apple.com/kr/app/id582910479
9493983493,3,2023-01-11T01:16:44+00:00,"안녕하세요
업데이트 후에 인터페이스를 보고 후기 남깁니다.

기존에는 리스트형으로 소모임이 정렬되어 있었습니다. 그래서 글씨가 한눈에 보기 쉬웠어요, 하지만 지금은 썸네일 형식이라 눈이 더 많이 움직여야 합니다.
소모임 앱 특성상 그림에 직접적으로 소모임 특징이 나타지 않는 경우가 많습니다.
무엇보다 눈이 더 많이 움직여야 합니다.

썸네일 형식과 리스트 형식 등으로 볼 수 있는 선택권이 있으면 어떨까요.",인터페이스 선택할 수 있게 하면 어떨까요,3.0.3,2026-08-05,mostrecent,9,https://apps.apple.com/kr/app/id582910479
9491042971,5,2023-01-10T05:07:06+00:00,여러사람 모여서 괜찮은거같네여,취미생활 같이 모여서,3.0.3,2026-08-05,mostrecent,9,https://apps.apple.com/kr/app/id582910479
9473118486,5,2023-01-05T07:12:23+00:00,처음으로 동호회 들어가고 싶어서 이용해봤는데 기대되비당,동호회,3.0.3,2026-08-05,mostrecent,9,https://apps.apple.com/kr/app/id582910479
9453640057,5,2022-12-31T02:48:55+00:00,이런게 있는줄 진작 알았으면,좋아요,3.0.3,2026-08-05,mostrecent,9,https://apps.apple.com/kr/app/id582910479
9440330247,4,2022-12-27T13:05:02+00:00,친구 사기기,괜찮네요,3.0.2,2026-08-05,mostrecent,9,https://apps.apple.com/kr/app/id582910479
9426847820,1,2022-12-23T13:28:04+00:00,"주소 선택에 인천 당하동, 원당동 등등 없는데가 많아요",주소,3.0.2,2026-08-05,mostrecent,9,https://apps.apple.com/kr/app/id582910479
9424771393,3,2022-12-22T23:03:34+00:00,아직 제대로 안써봄,아직 안써봄,3.0.2,2026-08-05,mostrecent,9,https://apps.apple.com/kr/app/id582910479
9411338028,5,2022-12-19T02:10:21+00:00,생각보다 좋아요,좋은 앱,3.0.2,2026-08-05,mostrecent,9,https://apps.apple.com/kr/app/id582910479
9401039759,5,2022-12-16T04:42:20+00:00,굿,굿,3.0.1,2026-08-05,mostrecent,10,https://apps.apple.com/kr/app/id582910479
9395253592,5,2022-12-14T12:49:31+00:00,한번둘러보디용,움,3.0.1,2026-08-05,mostrecent,10,https://apps.apple.com/kr/app/id582910479
9377818608,4,2022-12-09T14:50:28+00:00,지역설정이 되어 있어 좋아요. 지역적으로 광고 많이 하셔서 이 어플이 당근 처럼 활성화 되서 모임도 다양하고 사람도 많았으면 좋겠어요.,지역설정이 되있어 좋아요,3.0.0,2026-08-05,mostrecent,10,https://apps.apple.com/kr/app/id582910479
9376587260,5,2022-12-09T07:22:03+00:00,레슨모임권 4만원 넘게 주고 결제했는데 이미 사용중인 이용권이 있다는 안내만 뜨고... 클래스 개설이 안되고 있어요 어디에 문의해야할까요?,문의사항 남기는데가 없네요ㅠ,3.0.0,2026-08-05,mostrecent,10,https://apps.apple.com/kr/app/id582910479
9363368396,5,2022-12-05T12:27:18+00:00,모임을 만들고자 하는 분들이 더 많이 쓰셨으면 좋겠네요!! 쓰면서 생긴 불만은 딱히 없었습니다. 좋은 어플 감사합니다 !,만족해요!,2.9.8,2026-08-05,mostrecent,10,https://apps.apple.com/kr/app/id582910479
9347749316,1,2022-12-01T05:19:53+00:00,"아… 연락해야하는데.. 이젠 도저히 안될듯..
문토는 공짜인데 앱도 더 이쁘고 좋은 사람 만나기 더 쉬워서 소모임 이제 쓰고 싶디 않네요..",업데이트하고 들어가자마자 팅기네요ㅡ,2.9.9,2026-08-05,mostrecent,10,https://apps.apple.com/kr/app/id582910479
9346776898,5,2022-11-30T22:20:11+00:00,어플이 강제종료 됩니당 재설치해도 똑같네오 아이폰14프로입니다 도움주실수 있을까요?,첨 깔았는데 소모임 칸만 들어가면,2.9.9,2026-08-05,mostrecent,10,https://apps.apple.com/kr/app/id582910479
9343179579,5,2022-11-29T22:26:01+00:00,굳,굳,2.9.8,2026-08-05,mostrecent,10,https://apps.apple.com/kr/app/id582910479
9337977241,5,2022-11-28T11:18:18+00:00,"같은 공감대를 가진 사람들이 모여서
긍정적인 에너지를 나눌 수 있어 좋아요^^",좋은어플^^,2.9.8,2026-08-05,mostrecent,10,https://apps.apple.com/kr/app/id582910479
9337077701,2,2022-11-28T04:34:46+00:00,"Ui가 너무 불편해요
앱 사용한지 몇 주가 지나도 익숙해지지가 않아요

홈화면의 기능을 하는 화면이 없는 것,
채팅 기능의 귓속말 기능, *마치 게임 채팅같은
그리고 보낸 내용 취소 기능 없는 것도 너무 안 좋은 것 같아요",UI가 너무 불편해요,2.9.8,2026-08-05,mostrecent,10,https://apps.apple.com/kr/app/id582910479
9312988191,4,2022-11-21T10:42:58+00:00,"좋은 어플 덕분에 좋은 분들과 함께 취미생활 하고 있어요👏👏
어플 사용하면서 추가되면 좋을 것 같은 기능들이 있어서요

1. 일정 등록 후 일시 변경이 불가한데 수정 가능이었으면 
2. 게시글 등록 후 첨부사진은 변경이나 삭제가 불가한데 이 부분도 수정 가능이면
3. 채팅에 사진 공유도 되었으면
4. 모임장 채팅 중에  필요시 확성기 기능 혹은 팝업 기능도 있으면 좋을 것 같습니다

기능 추가가 뚝딱 되는게 아니라는 걸 알아서ㅠㅠ
혹시 다음 업데이트에 참고해주신다면 감사하겠습니다!",담당자님 안녕하세요,2.9.8,2026-08-05,mostrecent,10,https://apps.apple.com/kr/app/id582910479
9286535669,5,2022-11-13T19:17:20+00:00,굿이에요,좋아요,2.9.8,2026-08-05,mostrecent,10,https://apps.apple.com/kr/app/id582910479
9280299204,5,2022-11-12T02:33:51+00:00,괜찮은 기능이네요,아이디어 좋아요,2.9.8,2026-08-05,mostrecent,10,https://apps.apple.com/kr/app/id582910479
9272918592,5,2022-11-09T23:21:11+00:00,따뤄뉴,따뤄,2.9.8,2026-08-05,mostrecent,10,https://apps.apple.com/kr/app/id582910479
9269986868,5,2022-11-09T02:00:59+00:00,굿굿입니다,굿,2.9.8,2026-08-05,mostrecent,10,https://apps.apple.com/kr/app/id582910479
9252221679,5,2022-11-03T23:49:08+00:00,구욱,구웃,2.9.8,2026-08-05,mostrecent,10,https://apps.apple.com/kr/app/id582910479
9247356344,1,2022-11-02T13:36:45+00:00,"모임 개강하려는데 살다살다… 
모임관련 타이틀 사진 하나 올리는 것도 유료회원이 되어야…. 살다살다 리뷰 처음쓰네 해도해도 너무함",뭐만하면 돈이네…,2.9.8,2026-08-05,mostrecent,10,https://apps.apple.com/kr/app/id582910479
9233376135,5,2022-10-29T10:47:43+00:00,새로운 분들과 소통하고 즐기는 모든 것이 좋아요!!!,의사소통과 인간관계 형성,2.9.7,2026-08-05,mostrecent,10,https://apps.apple.com/kr/app/id582910479
9223421114,5,2022-10-26T11:27:19+00:00,사용하니좋아요,좋아요,2.9.7,2026-08-05,mostrecent,10,https://apps.apple.com/kr/app/id582910479
9214319916,5,2022-10-23T15:29:38+00:00,인생 첫 댄스수업이었고 추억 만들기로 딸과 함께하는 수업이었는데 맞춤형으로 친절하게 잘 지도 해 주셔서 감사했습니다 ^^ 다음에 기회가 되면 또 배우고 싶네요^^ 오늘 덕분에 딸 아이와 좋은 추억 만들고 즐거운 주말 보냈습니다 감사합니다 ^^,선생님 좋아요 ^^,2.9.6,2026-08-05,mostrecent,10,https://apps.apple.com/kr/app/id582910479
9212652558,5,2022-10-23T04:30:07+00:00,"잘 사용중입니다
혹시 다크모드 지원예정은 없나요??",잘 사용중,2.9.7,2026-08-05,mostrecent,10,https://apps.apple.com/kr/app/id582910479
9179100683,5,2022-10-13T05:10:31+00:00,"지인통해서 알게됬는데, 지금같은 코시국에 아주 좋은 어플인거같습니다 ㅎㅎ",좋아요!,2.9.6,2026-08-05,mostrecent,10,https://apps.apple.com/kr/app/id582910479
9176118222,3,2022-10-12T07:27:29+00:00,아이폰인데 업뎃후 임티먹통,임티가안됨,2.9.6,2026-08-05,mostrecent,10,https://apps.apple.com/kr/app/id582910479
9169337335,5,2022-10-10T05:21:38+00:00,다 좋은데 검색창에 키워드 부분과 거리 지역을 좀더 잘게 나눠 프로그램하면 더욱 발전할거같음,다 좋은데,2.9.6,2026-08-05,mostrecent,10,https://apps.apple.com/kr/app/id582910479
9163721461,5,2022-10-08T13:23:11+00:00,좋은거 같아요!!,좋은거 같습니다~!,2.9.6,2026-08-05,mostrecent,10,https://apps.apple.com/kr/app/id582910479
9154069451,4,2022-10-05T15:18:15+00:00,"목록 select가 덜된 거 같아 문의합니다
존재하는 모임인데 검색이나 카테고리 목록에 들어가면 없고 따로 링크를 타고 들어가야만 모임에 접근할 수가 있는데 어떻게 된 건 가요?",목록에 안보이는 모임이 있습니다,2.9.6,2026-08-05,mostrecent,10,https://apps.apple.com/kr/app/id582910479
9149063618,5,2022-10-04T03:54:01+00:00,베리,굿,2.9.5,2026-08-05,mostrecent,10,https://apps.apple.com/kr/app/id582910479
9142592978,3,2022-10-02T07:04:21+00:00,"지역이 너무 광범위하게 검색됩니다.
동네 모임 가입하고 싶은데 동네명을 검색해도 서울경기 전체 목록이 나오고 제가 입력한 키워드로 검색되는것 같지도 않습니다. 검색 기능 좀 업그레이드 시켜주세요. 그리고 당근마켓처럼 동네 별로 검색이 가능했음 좋겠습니다.",동네 검색이나 위치기반 검색 기능 추가 해주세요,2.9.5,2026-08-05,mostrecent,10,https://apps.apple.com/kr/app/id582910479
9135151928,5,2022-09-30T03:24:45+00:00,"친구만들기 어려운 요즘 같은 취미 같은관심사로
사람들을 만날수 있는 아주 유용한 어플입니다~!
무료로 누군가를 만나 함께 이야기를 나늘수있다니 최고에요 ㅎㅎ 공통된 무언가로 새로운 사람을 만난다는 매력적인 어플입니다 굿!",친구만들기 어려운요즘,2.9.5,2026-08-05,mostrecent,10,https://apps.apple.com/kr/app/id582910479
9133571367,1,2022-09-29T15:04:09+00:00,"왜 강퇴를 하루5명 / 일주일 10명으로 제한합니까
그렇다고 이모티콘이 다양한것도 아니고
그냥 무료 네이버밴드로 옮기는게 낫겠어요.",결제하는 모임장 프리미엄유저는 바보인가?,2.9.5,2026-08-05,mostrecent,10,https://apps.apple.com/kr/app/id582910479
9126310875,3,2022-09-27T09:29:12+00:00,가입한 모임에서 가입인사 내용은 수정이 되는데 사진은 왜 수정이나 삭제가 불가능한가요?,가입인사 수정시 사진,2.9.5,2026-08-05,mostrecent,10,https://apps.apple.com/kr/app/id582910479
9086897621,4,2022-09-15T11:33:28+00:00,소모임 어플로 취미 활동 너무나 잘 하고 있습니다. 다만 모임을 운영하는 사람 입장에서 초대할 수 있는 기능이 있다면 모임 활동을하는 사람 입장에서 초대 거부할 수 있는 기능도 있었으면 좋겠습니다.,초대금지 기능 활성화 부탁드려요,2.9.5,2026-08-05,mostrecent,10,https://apps.apple.com/kr/app/id582910479
9075958618,5,2022-09-12T01:07:30+00:00,좋아,좋다,2.9.5,2026-08-05,mostrecent,10,https://apps.apple.com/kr/app/id582910479
9053138807,1,2022-09-05T00:33:13+00:00,"모임 폐쇄도 회원 다 나가야 가능하고, 강퇴는 1일 5명 제한 7일 10명 제한. 너무 제한이 많아서 탈퇴합니다.",너무 제한이 많아요,2.9.5,2026-08-05,mostrecent,10,https://apps.apple.com/kr/app/id582910479
9050840742,3,2022-09-04T08:54:39+00:00,회원탈퇴가 아니고 모임 탈퇴요!,소모임 탈퇴는 어떻게 하는 건가요.?!,2.9.5,2026-08-05,mostrecent,10,https://apps.apple.com/kr/app/id582910479
9049617719,5,2022-09-03T23:41:31+00:00,별 기대없이 나갔는데 1:1 프라이빗 수업으로 지금 현재 제가 원하는 온라인 마켓팅에 대한 꿀팁을 얻어가는 좋은 시간이었습니다!! 업그레이드 된 수업이 있다면 또 듣고싶네요~👍😍,맞춤형 수업,2.9.5,2026-08-05,mostrecent,10,https://apps.apple.com/kr/app/id582910479
9040129734,4,2022-09-01T06:18:48+00:00,"문의 어디다가 남겨야 할까요..
프리미엄 구독하고 모임 만들고 프리미엄 모임으로 지정했는데, 검색하면 모임이 안나와서
그 모임을 나가기 해서 지웠어요
다시 모임을 만들고 프리미엄 적용하려니
되지 않는데 어떻게 해야할까요?",프리미엄,2.9.5,2026-08-05,mostrecent,10,https://apps.apple.com/kr/app/id582910479
9006717205,5,2022-08-23T00:23:57+00:00,굿,굿,2.9.5,2026-08-05,mostrecent,10,https://apps.apple.com/kr/app/id582910479
8999839853,4,2022-08-21T00:39:24+00:00,굿,굿,2.9.5,2026-08-05,mostrecent,10,https://apps.apple.com/kr/app/id582910479
8998610342,5,2022-08-20T15:41:15+00:00,"다들 반갑게 맞아주시고
편하게 대해주시고
분위기는 화기애애하고
이런 기분 오랜만이네요
들떠서 지하철 반대방향 탔습니다...",기대이상이었어요,2.9.5,2026-08-05,mostrecent,10,https://apps.apple.com/kr/app/id582910479
8976096780,5,2022-08-14T00:33:19+00:00,하이,하이,2.9.5,2026-08-05,mostrecent,10,https://apps.apple.com/kr/app/id582910479
8963135505,3,2022-08-10T04:01:04+00:00,굳,굳,2.9.5,2026-08-05,mostrecent,10,https://apps.apple.com/kr/app/id582910479
8956322706,5,2022-08-08T03:40:14+00:00,좋은인연 되길 바랍니다~,제목,2.9.5,2026-08-05,mostrecent,10,https://apps.apple.com/kr/app/id582910479
8952602412,5,2022-08-07T01:18:08+00:00,국,국,2.9.5,2026-08-05,mostrecent,10,https://apps.apple.com/kr/app/id582910479
8946610943,1,2022-08-05T06:54:40+00:00,가입하고 앱 여니까 자꾸 꺼지네요 ㅠㅠ,앱 튕김,2.9.4,2026-08-05,mostrecent,10,https://apps.apple.com/kr/app/id582910479
8945909183,5,2022-08-05T01:28:29+00:00,별 기대안하고 생각안하고 가입했는데 재미가 있네요,잼있네요,2.9.4,2026-08-05,mostrecent,10,https://apps.apple.com/kr/app/id582910479
8941415055,3,2022-08-03T17:06:50+00:00,Ios 버전 14.7.1  인데 버전때문인가요,앱 실행이 안되고 바로 꺼져요,2.9.4,2026-08-05,mostrecent,10,https://apps.apple.com/kr/app/id582910479
8939988231,1,2022-08-03T08:09:29+00:00,실행안됨,어플실행안됨,2.9.3,2026-08-05,mostrecent,10,https://apps.apple.com/kr/app/id582910479
8938744976,1,2022-08-02T22:30:28+00:00,ㅋㅋ,ㅋㅋ,2.9.3,2026-08-05,mostrecent,10,https://apps.apple.com/kr/app/id582910479
8937191133,5,2022-08-02T12:11:27+00:00,너무너무 좋아요,좋아여,2.9.3,2026-08-05,mostrecent,10,https://apps.apple.com/kr/app/id582910479
8860541559,1,2022-07-10T17:53:36+00:00,"유저들에게 돈만 요구하지 마시고, 돈 좀 벌었다면 기능과 환경개선에도 투자좀 하시길...  채팅방에서 사진 공유도 안되고 지난 대화 검색하는 기능도 없고.  오래된 대화는 자동삭제되고.  모임 정모 눌렀다가 취소하는 사람 히스토리도 알면 좋겠고.  벙도 다중은 아예 신청이 안돼고...",밴드랑 비교됨.,2.9.2,2026-08-05,mosthelpful,1,https://apps.apple.com/kr/app/id582910479
8705679329,5,2022-05-25T07:11:19+00:00,업데이트 꾸준하고 잘사용중입니다,업데이트 꾸준하고 잘사용중입니다,2.9.0,2026-08-05,mosthelpful,1,https://apps.apple.com/kr/app/id582910479
8633858720,5,2022-05-03T19:56:15+00:00,다른 어플은 소개팅 느낌이 많은데 이건 정말 다양한 취미늘리기 동네친구 만들기 즐겁고 건전한 모임이 많아서 좋아요 :) 추천!,"취미 늘리기, 동네친구 만들기 추천!",2.9.0,2026-08-05,mosthelpful,1,https://apps.apple.com/kr/app/id582910479
8618256191,1,2022-04-29T12:43:41+00:00,"아니 글만 쓰면 맨날 서버가 어쩌구 저쩌구..
쓴글 다시써야되고 또 다시 써야되고..
밴드에 비해 완전 개허접임.",2022 최악에 어플.,2.9.0,2026-08-05,mosthelpful,1,https://apps.apple.com/kr/app/id582910479
8603712929,5,2022-04-25T05:36:15+00:00,더 유명해져서 더 많은 모임들을 찾을 수 있게 되길 바랍니다!,좋은 모임들이 많네요,2.9.0,2026-08-05,mosthelpful,1,https://apps.apple.com/kr/app/id582910479
8541063625,5,2022-04-07T10:45:09+00:00,친구 추천으로 써보게 되었는데 같은 지역에 사는 많은 분들과 서로 알아갈 수 있는 기회가 된 것 같고 취미 여가생활이 비슷한 사람들끼리 같이 알아갈수있고 실제로 만나서 취미도 같이 한다는게 정말 좋았고 재밌어요! 생각보다 모임의 종류가 많아서 다양하게 취미를 공유할 수도 있고 많이 배울 수 있어요 정말로 좋은 앱인거 같아요!,꽤 괜찮은 곳 많네요? 기대이상!,2.8.9,2026-08-05,mosthelpful,1,https://apps.apple.com/kr/app/id582910479
8522171632,5,2022-04-02T06:58:44+00:00,"좀만 더 개선되면 진짜 유용하고 효율적인 어플이
될 거 같아요 ~!",너무 좋은 어플 입니다,2.8.9,2026-08-05,mosthelpful,1,https://apps.apple.com/kr/app/id582910479
7405700199,1,2021-05-30T11:04:40+00:00,"내 지역 설정할 땐 시 읍 동까지 상세하게 설정하는데, 정작 모임은 도단위로 뜸.. 차로 한시간반씩 걸리는 모임엔 전혀 관심없는데, 진짜 동네모임만 볼 수있으면 좋겠음.",문제점,2.7.9,2026-08-05,mosthelpful,1,https://apps.apple.com/kr/app/id582910479
7401200732,1,2021-05-29T07:21:39+00:00,"신고하기를 몇번이나 하고 있는데 들어주시기는 하나요? 수원에 훈남 훈녀 수원 comma,인원모집 이라는 제목으로 운영하고 있는 모임 성적비하에 성적 수치심 으로 매우 불쾌합니다",신고,2.7.9,2026-08-05,mosthelpful,1,https://apps.apple.com/kr/app/id582910479
6595243942,5,2020-10-31T22:30:22+00:00,이런앱 있으면 좋겠다고 생각했는데 이미 있었군요ㅠ  동네에 같이 운동할 친구 필요했는데 넘넘 좋은 또래 러닝할 친구들 만나서 넘 기뻐서 이렇게 리뷰까지 남겨요 번창하세요❤️,건강한 취미 모임이 가능한곳!!,2.7.3,2026-08-05,mosthelpful,1,https://apps.apple.com/kr/app/id582910479
6079038828,4,2020-06-15T14:15:39+00:00,다만 나이설정 변경이 자유로워서 나이 속이고 활동하는사람이 꽤나 있습니다.. 20대모임에 30대 후반이 들어오질않나 그런 상황이 꽤나 있네요 보시고 조취좀 부탁드립니다,취미모임등 모이기 좋아요.,2.6.9,2026-08-05,mosthelpful,1,https://apps.apple.com/kr/app/id582910479
5933263176,5,2020-05-11T22:29:36+00:00,별로 관심도 없고 흥미도 없고 가입할 마음도 없는 모임에서 계속 초대 메시지를 보냅니다 너무 짜증나요 내가 원하는 모임은 내가 알아서 찾아서 가입할텐데... 아무튼 초대 기능 없애주시거나 초대 차단 기능 만들어주세요,모임 초대 기능 좀 없애주세요,2.6.7,2026-08-05,mosthelpful,1,https://apps.apple.com/kr/app/id582910479
5606827603,3,2020-03-02T14:52:13+00:00,"프로필 한줄 소개에 초대 금지 메시지를 써놓았는데도 불구하고, 동일한 모임에서 일주일에 적어도 두번 이상 (심지어 새벽 시간에) 초대를 보냅니다. 한 번 초대해서 안가면 안가는거지 스토커도 아니고 일주일에 두세번씩 몇 주 동안 초대하는건 미친놈아닌가요? 짜증나 죽겠어요. 타 모임으로부터 초대를 원하지 않는 사람은 받지 않을 수 있게 초대 온/오프 기능좀 만들어주세요. 이런거 원하는 사람 많아요.",초대 금지 기능좀 만들어주세요,2.6.6,2026-08-05,mosthelpful,1,https://apps.apple.com/kr/app/id582910479
5347283903,3,2020-01-01T14:42:49+00:00,"1. 너무 조잡해 보여요.
2. 타 사람이 어떤 모임을 가입했는지 클릭 시 보이는 건 좀 불필요한 정보 노출같아요..
누가 저를 클릭해서 내가 가입한 모임이 뭔지 본다면 기분 나쁠 거 같아요. 같은 영어모임이라해도 분위기나 시간 고려해서 비교하려고 다른 두 곳을 가입할 수 있는데 말이죠..",어플 취지는 좋은데 너무 정신없음,2.6.4,2026-08-05,mosthelpful,1,https://apps.apple.com/kr/app/id582910479
4954269328,4,2019-10-16T07:27:31+00:00,300명이 다 찼는데 활동하는 인원은 100도 안됩니다. 어플 활성화와 청결하고 진정한 모임을 위하도록 철새나 유령회원들 자유롭게 정리하고 강퇴할 수 있도록 업그레이드 해주시면 너무 감사하겠습니다.,유령회원 강퇴좀 하게 인원수 좀 자유롭게 늘려주세요.,2.5.9,2026-08-05,mosthelpful,1,https://apps.apple.com/kr/app/id582910479
4165979129,4,2019-05-17T18:58:15+00:00,"이 어플로 같은 여성 운영진에게 취미활동 배운다는 명목으로 작업실에 따라 갔는데 사이비 활동 하는
곳이었어요. 문은 잠구고 이상한 무당같은 사람이 이상한 포교활동 해서 너무너무 무서웠구요. 겨우겨우 집에서 굿할돈 가져온다고 빠져나왔습니다. 
공개된 장소에서. 검증된 모임만 하셨으면 좋겠습니다..조심하세요!!!!!",어플 이용 전 봐주세요.,2.5.5,2026-08-05,mosthelpful,1,https://apps.apple.com/kr/app/id582910479
3945109834,3,2019-03-30T07:11:58+00:00,"최근에 대순진리회(도를 아십니까), 신천지 등 사이비종교가 소모임을 통해서 접근 하는 경우가 많다고 합니다. 제가 나간 첫 모임 모임장이 대순진리였습니다. 너무 좋은 어플 같지만 ㅠ 그런 모임이 있다면 관리자님이 신경을 써주셨으면 좋겠네요. 무서워서 못나가겠어요..",사이비교 포교 조심하세요,2.5.3,2026-08-05,mosthelpful,1,https://apps.apple.com/kr/app/id582910479
3718537824,5,2019-02-01T01:12:53+00:00,"어플 아주 잘 이용하고 있습니다
다 좋은데 한가지 아쉬운게 운영진들이 공지 할 때 회원들 태그를 해야하는데
전체태그가 없어서 너무 불편해여ㅠㅠ
일일이 회원들을 한명씩 다 클릭 해야한다는..
전체태그 좀 만들어주세여",전체태그 좀 만들어주세요ㅠㅠㅠ,2.5.2,2026-08-05,mosthelpful,1,https://apps.apple.com/kr/app/id582910479
3431150786,3,2018-11-18T06:11:01+00:00,덕분에 등산모임 찾아서 잘다니고있어요ㅋㅋ다만 어플이 좀 정신없다해야되나..? 좀더 간결하게 바뀌면 좋을것같아요 또 어플켰을때 첫화면을 선택할수 있었음 좋겠어요 매번 채팅창이 먼저떠서 불편해요ㅠ,좋아요,2.4.7,2026-08-05,mosthelpful,1,https://apps.apple.com/kr/app/id582910479
2898870838,3,2018-07-13T10:01:30+00:00,축구모임운영진입니다 이상하게 계속 기존회원들의 가입한모임만 뜨는게없네요 글이나 댓글쓴건 보이는데 가입한모임만 뜨질않아서..,회원들이 가입한 모임 조회가 안되네요,2.3.4,2026-08-05,mosthelpful,1,https://apps.apple.com/kr/app/id582910479
2498138725,5,2018-05-03T03:28:25+00:00,"한가지 제안하자면 
제가 수원 안산 인천 세개지점을 연합을 시켜 
운영중인데 직책이 모임장. 운영진 밖에 없어서 아쉽네요
예) 회장. 일반회원. 임시회원 등이 있었으면 
좋겠습니다.",좋은어플입니다,2.3.3,2026-08-05,mosthelpful,1,https://apps.apple.com/kr/app/id582910479
2441798561,1,2018-04-19T17:14:31+00:00,"고객센터로 문의하고 싶엇는데 메일연결을 어찌 할줄 몰라서 일로 적어봅니다
저는 아이폰을 사용중인데 이게 폰마다 보이는 모임이 정해져잇는거 같은데 어떤사람을 클릭햇을때 모임정보가 떠야되는데 분명히 따른 모임을 가입햇음에도 불구하고 저한테는 안보이는 모임들이 잇더라구요 그건 왜그런거죠..? 어떤 폰은 보이고 어떤폰은 안보이나요..? 차이가 꽤 크던대..",모임보이는목록,2.3.3,2026-08-05,mosthelpful,1,https://apps.apple.com/kr/app/id582910479
1926068428,5,2017-11-16T21:30:08+00:00,모임장으로 활동 하고 있는데 사람 관리는 어쩔 수 없지만 어플 자체로만 보면 정말 유용하고 좋은 어플입니다! 제가 과거로 돌아가면 이 어플 만들고 싶을 정도로!! 좀 느리지만 그건 추후에 개선되겠죠? 느린거만 빼면 아주 좋습니다,진짜 정말 좋은 어플!,2.1.6,2026-08-05,mosthelpful,1,https://apps.apple.com/kr/app/id582910479
1909624686,5,2017-11-10T00:34:52+00:00,"처음으로 동호회 활동 하려는 데,
이상한 소개팅 어플이 아니라 
취미에 맞게 구성되어 있어서- 
이 어플 덕분에 동호회 생활이 기다려집니다! 
감사합니다.",나에게 맞는 모임이 맞아요!,2.1.4,2026-08-05,mosthelpful,1,https://apps.apple.com/kr/app/id582910479
